ts,t,api-server_n,api-server_rss_mb,cpu_pct,dag-processor_n,dag-processor_rss_mb,mapped_tis,other_n,other_rss_mb,scheduler_n,scheduler_rss_mb,sys_avail_mb,sys_used_mb,sz__database_mb,sz_asset_event_mb,sz_dag_run_mb,sz_log_mb,sz_rendered_task_instance_fields_mb,sz_task_instance_history_mb,sz_task_instance_mb,sz_task_map_mb,sz_task_reschedule_mb,sz_xcom_mb,task_n,task_rss_mb,ti_none,ti_queued,ti_running,ti_scheduled,ti_success
2026-09-30T00:49:23+00:00,0.0,1,26.1,27.9,1,82.5,0,13,617.4,1,163.3,1567,6625,297.0,5.3,35.7,1.1,0.6,0.0,219.9,0.0,0.0,0.6,0,0.0,2,,,,
2026-09-30T00:49:26+00:00,3.0,1,26.1,26.5,1,83.4,0,13,592.3,1,164.1,1596,6596,297.0,5.3,35.7,1.1,0.6,0.0,219.9,0.0,0.0,0.6,0,0.0,1,,,,1
2026-09-30T00:49:29+00:00,6.1,1,26.1,29.0,1,83.4,0,13,592.3,1,164.8,1600,6592,297.0,5.3,35.7,1.1,0.6,0.0,219.9,0.0,0.0,0.6,0,0.0,1,,,,1
2026-09-30T00:49:32+00:00,9.1,1,26.1,34.3,1,80.4,0,13,577.0,1,166.9,1611,6581,297.0,5.3,35.7,1.1,0.6,0.0,219.9,0.0,0.0,0.6,0,0.0,1,,,,1
2026-09-30T00:49:35+00:00,12.2,1,26.1,27.9,1,72.4,0,13,565.6,1,169.6,1611,6581,297.0,5.3,35.7,1.1,0.6,0.0,219.9,0.0,0.0,0.6,0,0.0,1,,,,1
2026-09-30T00:49:38+00:00,15.3,1,26.1,29.0,1,72.0,0,13,526.5,1,168.6,1622,6570,297.0,5.3,35.7,1.1,0.6,0.0,219.9,0.0,0.0,0.6,0,0.0,1,,,,1
2026-09-30T00:49:41+00:00,18.3,1,26.1,30.1,1,71.8,0,13,349.6,1,171.6,1589,6603,297.0,5.3,35.7,1.1,0.6,0.0,219.9,0.0,0.0,0.6,0,0.0,1,,,,1
2026-09-30T00:49:44+00:00,21.4,1,26.1,28.8,1,71.7,0,13,317.1,1,173.0,1576,6616,297.0,5.3,35.7,1.1,0.6,0.0,219.9,0.0,0.0,0.6,0,0.0,1,,,,1
2026-09-30T00:49:47+00:00,24.5,1,26.1,30.9,1,71.8,0,13,260.8,1,165.7,1528,6664,297.0,5.3,35.7,1.1,0.6,0.0,219.9,0.0,0.0,0.6,0,0.0,1,,,,1
2026-09-30T00:49:50+00:00,27.5,1,26.1,29.0,1,83.1,0,13,249.7,1,182.2,1538,6654,297.0,5.3,35.7,1.1,0.6,0.0,219.9,0.0,0.0,0.6,0,0.0,1,,,,1
2026-09-30T00:49:53+00:00,30.6,1,26.1,29.2,1,83.3,0,13,249.7,1,187.6,1524,6668,297.0,5.3,35.7,1.1,0.6,0.0,219.9,0.0,0.0,0.6,0,0.0,1,,,,1
2026-09-30T00:49:56+00:00,33.6,1,26.1,25.1,1,82.1,0,13,249.0,1,297.9,1530,6662,297.3,5.3,35.7,1.1,0.6,0.0,220.2,0.0,0.0,0.6,0,0.0,1,,,,1
2026-09-30T00:49:59+00:00,36.7,1,26.1,25.4,1,82.2,0,13,249.1,1,295.8,1509,6683,297.3,5.3,35.7,1.1,0.6,0.0,220.2,0.0,0.0,0.6,0,0.0,1,,,,1
2026-09-30T00:50:03+00:00,39.7,1,26.1,25.6,1,82.2,0,13,249.2,1,296.4,1524,6668,297.3,5.3,35.7,1.1,0.6,0.0,220.2,0.0,0.0,0.6,0,0.0,1,,,,1
2026-09-30T00:50:06+00:00,42.8,1,26.1,26.6,1,65.8,0,13,249.2,1,263.5,1517,6675,297.3,5.3,35.7,1.1,0.6,0.0,220.2,0.0,0.0,0.6,0,0.0,1,,,,1
2026-09-30T00:50:09+00:00,45.9,1,26.1,25.7,1,63.5,0,13,249.1,1,231.1,1511,6681,297.3,5.3,35.7,1.1,0.6,0.0,220.2,0.0,0.0,0.6,0,0.0,1,,,,1
2026-09-30T00:50:12+00:00,48.9,1,26.1,27.0,1,61.8,0,13,249.1,1,153.1,1506,6686,297.3,5.3,35.7,1.1,0.6,0.0,220.2,0.0,0.0,0.6,0,0.0,1,,,,1
2026-09-30T00:50:15+00:00,51.9,1,26.1,25.6,1,62.5,0,13,249.2,1,156.1,1521,6671,297.3,5.3,35.7,1.1,0.6,0.0,220.2,0.0,0.0,0.6,0,0.0,1,,,,1
2026-09-30T00:50:18+00:00,55.0,1,26.1,25.5,1,63.6,0,13,249.2,1,206.7,1537,6655,297.3,5.3,35.7,1.1,0.6,0.0,220.2,0.0,0.0,0.6,0,0.0,1,,,,1
2026-09-30T00:50:21+00:00,58.1,1,26.1,26.3,2,135.7,0,13,249.1,1,208.5,1506,6686,297.3,5.3,35.7,1.1,0.6,0.0,220.2,0.0,0.0,0.6,0,0.0,1,,,,1
2026-09-30T00:50:24+00:00,61.1,1,26.1,26.3,1,83.4,0,13,249.1,1,210.6,1524,6668,297.3,5.3,35.7,1.1,0.6,0.0,220.2,0.0,0.0,0.6,0,0.0,1,,,,1
2026-09-30T00:50:27+00:00,64.2,1,26.1,25.9,1,83.4,0,13,249.2,1,212.0,1534,6658,297.3,5.3,35.7,1.1,0.6,0.0,220.2,0.0,0.0,0.6,0,0.0,1,,,,1
2026-09-30T00:50:30+00:00,67.2,1,26.1,25.6,1,84.1,0,13,249.1,1,209.2,1526,6666,297.3,5.3,35.7,1.1,0.6,0.0,220.2,0.0,0.0,0.6,0,0.0,1,,,,1
2026-09-30T00:50:33+00:00,70.3,1,26.1,26.4,1,82.9,0,13,249.1,1,207.9,1518,6674,297.3,5.3,35.7,1.1,0.6,0.0,220.2,0.0,0.0,0.6,0,0.0,1,,,,1
2026-09-30T00:50:36+00:00,73.3,1,26.1,26.6,1,82.5,0,13,249.1,1,204.5,1504,6688,297.3,5.3,35.7,1.1,0.6,0.0,220.2,0.0,0.0,0.6,0,0.0,1,,,,1
2026-09-30T00:50:39+00:00,76.4,1,26.1,27.2,1,80.5,0,13,249.0,1,220.2,1502,6690,297.3,5.3,35.7,1.1,0.6,0.0,220.2,0.0,0.0,0.6,0,0.0,1,,,,1
2026-09-30T00:50:42+00:00,79.4,1,26.1,26.5,1,62.9,0,13,249.0,1,216.6,1486,6706,297.3,5.3,35.7,1.1,0.6,0.0,220.2,0.0,0.0,0.6,0,0.0,1,,,,1
2026-09-30T00:50:45+00:00,82.5,1,26.1,27.6,1,58.1,0,13,248.9,1,216.6,1452,6740,297.3,5.3,35.7,1.1,0.6,0.0,220.2,0.0,0.0,0.6,0,0.0,1,,,,1
2026-09-30T00:50:48+00:00,85.5,1,26.1,25.3,1,58.7,0,13,248.9,1,216.9,1457,6735,297.3,5.3,35.7,1.1,0.6,0.0,220.2,0.0,0.0,0.6,0,0.0,1,,,,1
2026-09-30T00:50:51+00:00,88.6,1,26.1,25.5,1,78.5,0,13,248.9,1,217.3,1451,6741,297.3,5.3,35.7,1.1,0.6,0.0,220.2,0.0,0.0,0.6,0,0.0,1,,,,1
2026-09-30T00:50:54+00:00,91.6,1,26.1,41.3,1,80.5,0,13,248.9,1,62.2,1335,6857,297.3,5.3,35.7,1.1,0.6,0.0,220.2,0.0,0.0,0.6,0,0.0,1,,,,1
2026-09-30T00:50:57+00:00,94.7,1,26.1,31.9,1,62.1,0,13,248.9,1,63.1,1303,6889,297.3,5.3,35.7,1.1,0.6,0.0,220.2,0.0,0.0,0.6,0,0.0,1,,,,1
2026-09-30T00:51:01+00:00,97.8,1,26.1,27.6,1,65.7,0,13,248.9,1,63.8,1361,6831,297.3,5.3,35.7,1.1,0.6,0.0,220.2,0.0,0.0,0.6,0,0.0,1,,,,1
2026-09-30T00:51:04+00:00,100.8,1,26.1,28.5,1,61.6,0,13,248.9,1,234.4,1364,6828,297.3,5.3,35.7,1.1,0.6,0.0,220.2,0.0,0.0,0.6,0,0.0,1,,,,1
2026-09-30T00:51:07+00:00,103.9,1,26.0,48.6,1,51.9,10000,13,402.4,1,269.6,1206,6986,297.6,5.3,35.7,1.1,0.6,0.0,220.5,0.0,0.0,0.6,8,631.2,,,8,9992,1
2026-09-30T00:51:10+00:00,107.0,1,26.1,99.3,1,51.9,10000,13,301.9,1,130.7,1296,6896,297.6,5.3,35.7,1.1,0.6,0.0,220.5,0.0,0.0,0.6,8,850.0,,8,8,9976,9
2026-09-30T00:51:13+00:00,110.3,1,26.0,99.2,1,52.1,10000,13,583.5,1,212.2,1385,6807,297.7,5.3,35.7,1.1,0.7,0.0,220.5,0.0,0.0,0.6,5,415.8,,8,8,9968,17
2026-09-30T00:51:16+00:00,113.3,1,26.1,99.1,1,52.1,10000,13,639.6,1,251.8,1432,6760,297.7,5.3,35.7,1.1,0.7,0.0,220.5,0.0,0.0,0.6,8,539.0,,,8,9960,33
2026-09-30T00:51:19+00:00,116.4,1,26.1,99.4,1,55.6,10000,13,392.4,1,187.0,1266,6926,297.7,5.3,35.7,1.1,0.7,0.0,220.5,0.0,0.0,0.6,8,796.7,,8,8,9944,41
2026-09-30T00:51:22+00:00,119.5,1,26.1,98.9,2,142.6,10000,13,423.6,1,166.0,1250,6942,297.7,5.3,35.7,1.1,0.7,0.0,220.5,0.0,0.0,0.6,8,669.8,,8,7,9936,50
2026-09-30T00:51:26+00:00,122.6,1,26.1,99.5,1,55.6,10000,13,610.7,1,223.0,1509,6683,297.7,5.3,35.7,1.1,0.7,0.0,220.5,0.0,0.0,0.6,8,539.0,,8,8,9920,65
2026-09-30T00:51:29+00:00,125.9,1,26.0,99.5,1,52.2,10000,13,484.5,1,234.6,1364,6828,297.7,5.3,35.7,1.1,0.7,0.0,220.5,0.0,0.0,0.6,7,700.8,,8,8,9912,73
2026-09-30T00:51:32+00:00,129.0,1,26.1,99.6,1,52.2,10000,13,604.3,1,232.6,1505,6687,297.7,5.3,35.7,1.1,0.7,0.0,220.5,0.0,0.0,0.6,8,663.6,,8,8,9896,89
2026-09-30T00:51:35+00:00,132.1,1,26.0,98.7,1,41.2,10000,13,562.6,1,123.2,1379,6813,297.8,5.3,35.7,1.1,0.7,0.0,220.5,0.0,0.0,0.6,8,599.1,,8,6,9888,99
2026-09-30T00:51:38+00:00,135.2,1,26.1,99.6,1,50.4,10000,13,555.2,1,245.2,1436,6756,297.8,5.3,35.7,1.1,0.7,0.0,220.5,0.0,0.0,0.6,8,638.8,,8,8,9872,113
2026-09-30T00:51:41+00:00,138.3,1,26.1,99.3,1,28.0,10000,13,517.1,1,229.9,1455,6737,297.8,5.3,35.7,1.1,0.7,0.0,220.5,0.0,0.0,0.6,7,663.2,,16,8,9856,121
2026-09-30T00:51:44+00:00,141.4,1,26.1,99.8,1,52.6,10000,13,633.6,1,239.9,1410,6782,297.8,5.3,35.7,1.2,0.7,0.0,220.5,0.0,0.0,0.6,8,576.6,,8,8,9848,137
2026-09-30T00:51:47+00:00,144.5,1,26.1,99.2,1,52.0,10000,13,409.0,1,193.4,1251,6941,297.8,5.3,35.7,1.2,0.7,0.0,220.5,0.0,0.0,0.6,8,717.0,,16,8,9832,145
2026-09-30T00:51:50+00:00,147.7,1,26.0,99.9,1,52.0,10000,13,636.5,1,258.5,1445,6747,297.8,5.3,35.7,1.2,0.7,0.0,220.5,0.0,0.0,0.6,8,567.7,,16,8,9816,161
2026-09-30T00:51:54+00:00,150.8,1,26.1,99.4,1,81.5,10000,13,266.5,1,151.5,1291,6901,297.8,5.3,35.7,1.2,0.7,0.0,220.5,0.0,0.0,0.6,8,764.4,,24,8,9800,169
2026-09-30T00:51:57+00:00,153.9,1,24.9,99.2,1,23.2,10000,14,651.9,1,234.0,1575,6617,297.8,5.3,35.7,1.2,0.7,0.0,220.5,0.0,0.0,0.6,7,174.7,,19,6,9792,184
2026-09-30T00:52:00+00:00,157.0,1,26.1,99.5,1,52.1,10000,13,391.6,1,227.8,1347,6845,297.8,5.3,35.7,1.2,0.7,0.0,220.5,0.0,0.0,0.6,8,753.5,,24,8,9776,193
2026-09-30T00:52:03+00:00,160.1,1,26.1,99.5,1,23.2,10000,13,591.2,1,126.8,1411,6781,297.8,5.3,35.7,1.2,0.7,0.0,220.5,0.0,0.0,0.6,8,530.0,,30,6,9760,205
2026-09-30T00:52:06+00:00,163.2,1,24.9,99.6,1,52.4,10000,13,459.6,1,238.9,1321,6871,297.8,5.3,35.7,1.2,0.7,0.0,220.5,0.0,0.0,0.6,8,725.4,,24,8,9752,217
2026-09-30T00:52:09+00:00,166.3,1,25.8,98.8,1,23.1,10000,14,548.7,1,209.4,1313,6879,297.8,5.3,35.7,1.2,0.7,0.0,220.5,0.0,0.0,0.6,6,548.8,,32,7,9736,226
2026-09-30T00:52:12+00:00,169.4,1,26.1,99.7,1,52.1,10000,13,591.9,1,232.4,1472,6720,297.9,5.3,35.7,1.2,0.7,0.0,220.5,0.0,0.0,0.6,8,578.6,,32,8,9720,241
2026-09-30T00:52:15+00:00,172.6,1,26.1,99.7,1,39.2,10000,13,358.4,1,221.6,1272,6920,297.9,5.3,35.7,1.2,0.7,0.0,220.5,0.0,0.0,0.6,8,789.5,,32,8,9712,249
2026-09-30T00:52:19+00:00,175.7,1,26.1,99.7,1,52.2,10000,13,630.6,1,238.1,1430,6762,297.9,5.3,35.7,1.2,0.7,0.0,220.5,0.0,0.0,0.6,8,531.5,,32,8,9696,265
2026-09-30T00:52:22+00:00,178.8,1,26.1,99.7,1,52.2,10000,13,338.0,1,146.3,1314,6878,297.9,5.3,35.7,1.2,0.7,0.0,220.5,0.0,0.0,0.6,9,802.8,,40,8,9680,273
2026-09-30T00:52:25+00:00,182.0,1,26.1,99.6,2,115.0,10000,13,521.8,1,217.7,1335,6857,297.9,5.3,35.7,1.2,0.7,0.0,220.5,0.0,0.0,0.6,7,544.5,,36,8,9672,285
2026-09-30T00:52:28+00:00,185.1,1,26.1,99.4,1,23.2,10000,13,527.2,1,247.7,1334,6858,297.9,5.3,35.7,1.2,0.7,0.0,220.5,0.0,0.0,0.6,8,700.6,,40,8,9656,297
2026-09-30T00:52:31+00:00,188.2,1,26.1,99.3,1,26.9,10000,15,593.4,1,91.7,1502,6690,297.9,5.3,35.7,1.2,0.7,0.0,220.6,0.0,0.0,0.6,4,369.7,,47,6,9640,308
2026-09-30T00:52:34+00:00,191.2,1,26.1,99.6,1,52.5,10000,13,629.7,1,245.0,1446,6746,297.9,5.3,35.7,1.2,0.7,0.0,220.6,0.0,0.0,0.6,8,580.9,,40,8,9632,321
2026-09-30T00:52:37+00:00,194.3,1,26.0,99.4,1,52.2,10000,13,311.8,1,156.8,1302,6890,297.9,5.3,35.7,1.2,0.7,0.0,220.6,0.0,0.0,0.6,8,873.2,,48,8,9616,329
2026-09-30T00:52:40+00:00,197.4,1,26.1,99.6,1,55.7,10000,13,644.7,1,218.5,1478,6714,297.9,5.3,35.7,1.2,0.7,0.0,220.6,0.0,0.0,0.6,8,448.5,,40,8,9608,345
2026-09-30T00:52:43+00:00,200.5,1,25.9,97.4,1,52.1,10000,13,499.3,1,228.1,1362,6830,297.9,5.3,35.7,1.2,0.7,0.0,220.6,0.0,0.0,0.6,8,580.2,,40,8,9600,353
2026-09-30T00:52:46+00:00,203.6,1,25.7,99.7,1,51.9,10000,13,351.8,1,164.8,1263,6929,297.9,5.3,35.7,1.2,0.7,0.0,220.6,0.0,0.0,0.6,8,774.5,,48,8,9584,361
2026-09-30T00:52:49+00:00,206.7,1,25.8,99.7,1,54.8,10000,13,516.5,1,217.3,1338,6854,297.9,5.3,35.7,1.2,0.8,0.0,220.6,0.0,0.0,0.6,8,757.6,,45,8,9576,372
2026-09-30T00:52:53+00:00,209.8,1,25.8,99.0,1,51.8,10000,13,546.6,1,234.8,1380,6812,297.9,5.3,35.7,1.2,0.8,0.0,220.6,0.0,0.0,0.6,8,575.5,,40,8,9568,385
2026-09-30T00:52:56+00:00,212.9,1,25.8,99.5,1,82.0,10000,13,498.2,1,115.6,1394,6798,297.9,5.3,35.7,1.2,0.8,0.0,220.6,0.0,0.0,0.6,8,631.9,,45,8,9552,396
2026-09-30T00:52:59+00:00,215.9,1,25.8,99.2,1,51.1,10000,13,408.7,1,207.0,1308,6884,297.9,5.3,35.7,1.2,0.8,0.0,220.6,0.0,0.0,0.6,8,797.9,,45,8,9544,404
2026-09-30T00:53:02+00:00,219.0,1,25.8,99.4,1,55.5,10000,13,576.7,1,239.9,1421,6771,297.9,5.3,35.7,1.2,0.8,0.0,220.6,0.0,0.0,0.6,8,616.7,,39,8,9536,418
2026-09-30T00:53:05+00:00,222.1,1,25.8,99.6,1,51.8,10000,13,423.8,1,161.6,1345,6847,297.9,5.3,35.7,1.2,0.8,0.0,220.6,0.0,0.0,0.6,8,762.7,,45,8,9520,428
2026-09-30T00:53:08+00:00,225.2,1,25.8,99.4,1,51.7,10000,13,601.8,1,233.0,1480,6712,298.0,5.3,35.7,1.2,0.8,0.0,220.6,0.0,0.0,0.6,8,419.3,,39,8,9512,442
2026-09-30T00:53:11+00:00,228.3,1,25.8,99.5,1,51.7,10000,13,601.8,1,125.8,1425,6767,298.0,5.3,35.7,1.3,0.8,0.0,220.6,0.0,0.0,0.6,8,628.3,,45,8,9496,452
2026-09-30T00:53:14+00:00,231.4,1,25.8,99.5,1,23.4,10000,13,380.8,1,259.5,1258,6934,298.0,5.3,35.7,1.3,0.8,0.0,220.6,0.0,0.0,0.6,8,859.3,,45,8,9488,460
2026-09-30T00:53:17+00:00,234.5,1,25.8,99.4,1,55.4,10000,13,560.6,1,171.5,1349,6843,298.0,5.3,35.7,1.3,0.8,0.0,220.6,0.0,0.0,0.6,8,578.0,,47,8,9472,474
2026-09-30T00:53:20+00:00,237.6,1,25.8,99.6,1,25.8,10000,13,292.6,1,225.1,1270,6922,298.0,5.3,35.7,1.3,0.8,0.0,220.6,0.0,0.0,0.6,8,818.0,,45,8,9464,484
2026-09-30T00:53:24+00:00,240.8,1,25.8,99.6,1,77.2,10000,13,600.9,1,151.3,1399,6793,298.0,5.3,35.7,1.3,0.8,0.0,220.6,0.0,0.0,0.6,8,479.2,,47,8,9448,498
2026-09-30T00:53:27+00:00,243.8,1,24.7,99.3,1,81.3,10000,13,372.4,1,221.2,1375,6817,298.0,5.3,35.7,1.3,0.8,0.0,220.6,0.0,0.0,0.6,8,691.7,,45,8,9440,508
2026-09-30T00:53:30+00:00,246.9,1,25.8,99.5,1,32.0,10000,13,399.8,1,160.9,1208,6984,298.0,5.3,35.7,1.3,0.8,0.0,220.6,0.0,0.0,0.6,8,785.7,,45,8,9432,516
2026-09-30T00:53:33+00:00,250.0,1,25.8,99.5,1,54.7,10000,13,644.4,1,165.8,1451,6741,298.0,5.3,35.7,1.3,0.8,0.0,220.6,0.0,0.0,0.6,8,475.1,,45,8,9416,532
2026-09-30T00:53:36+00:00,253.1,1,25.8,99.8,1,33.2,10000,13,324.8,1,242.1,1245,6947,298.0,5.3,35.7,1.3,0.8,0.0,220.6,0.0,0.0,0.6,8,876.2,,45,8,9408,540
2026-09-30T00:53:39+00:00,256.2,1,25.8,99.5,1,61.4,10000,13,634.4,1,218.5,1481,6711,298.0,5.3,35.7,1.3,0.8,0.0,220.6,0.0,0.0,0.6,8,423.9,,47,7,9392,555
2026-09-30T00:53:42+00:00,259.3,1,22.0,99.4,1,51.9,10000,13,299.8,1,223.2,1316,6876,298.0,5.3,35.7,1.3,0.8,0.0,220.6,0.0,0.0,0.6,8,736.0,,45,8,9384,564
2026-09-30T00:53:45+00:00,262.4,1,25.8,99.4,1,22.8,10000,13,483.8,1,186.7,1219,6973,298.0,5.3,35.7,1.3,0.8,0.0,220.6,0.0,0.0,0.6,8,758.0,,45,8,9376,572
2026-09-30T00:53:48+00:00,265.5,1,25.8,99.5,1,51.9,10000,13,632.3,1,198.4,1483,6709,298.0,5.3,35.7,1.3,0.8,0.0,220.6,0.0,0.0,0.6,8,511.3,,45,8,9360,588
2026-09-30T00:53:51+00:00,268.6,1,25.8,99.6,1,54.6,10000,13,305.9,1,234.3,1260,6932,298.0,5.3,35.7,1.3,0.8,0.0,220.6,0.0,0.0,0.6,8,865.1,,45,8,9352,596
2026-09-30T00:53:54+00:00,271.7,1,25.8,99.6,1,77.4,10000,14,650.0,1,113.3,1530,6662,298.0,5.3,35.7,1.3,0.8,0.0,220.6,0.0,0.0,0.6,7,284.2,,45,8,9336,612
2026-09-30T00:53:58+00:00,274.7,1,25.8,99.6,1,80.5,10000,13,419.7,1,245.5,1353,6839,298.0,5.3,35.7,1.3,0.8,0.0,220.6,0.0,0.0,0.6,8,753.9,,45,8,9328,620
2026-09-30T00:54:01+00:00,277.8,1,25.8,99.7,1,44.9,10000,13,474.8,1,150.2,1248,6944,298.0,5.3,35.7,1.3,0.8,0.0,220.6,0.0,0.0,0.6,8,744.1,,45,8,9320,628
2026-09-30T00:54:04+00:00,280.9,1,25.8,99.7,1,54.7,10000,13,637.3,1,242.9,1423,6769,298.1,5.3,35.7,1.3,0.8,0.0,220.6,0.0,0.0,0.6,8,538.2,,45,8,9304,644
2026-09-30T00:54:07+00:00,284.0,1,25.8,99.7,1,51.8,10000,13,409.5,1,163.3,1244,6948,298.1,5.3,35.7,1.3,0.8,0.0,220.6,0.0,0.0,0.6,8,837.5,,45,8,9296,652
2026-09-30T00:54:10+00:00,287.2,1,25.8,99.7,1,52.0,10000,13,642.7,1,152.9,1475,6717,298.1,5.3,35.7,1.3,0.8,0.0,220.6,0.0,0.0,0.6,8,554.9,,45,8,9280,668
2026-09-30T00:54:13+00:00,290.3,1,25.8,99.3,1,51.7,10000,13,393.1,1,245.3,1291,6901,298.1,5.3,35.7,1.3,0.8,0.0,220.6,0.0,0.0,0.6,8,855.8,,45,8,9272,676
2026-09-30T00:54:16+00:00,293.4,1,25.8,99.8,1,22.9,10000,13,612.9,1,135.2,1475,6717,298.1,5.3,35.7,1.4,0.8,0.0,220.6,0.0,0.0,0.6,7,357.3,,49,6,9256,690
2026-09-30T00:54:19+00:00,296.5,1,22.0,99.6,1,52.0,10000,13,550.6,1,248.4,1428,6764,298.2,5.3,35.7,1.4,0.8,0.0,220.6,0.0,0.0,0.6,8,692.8,,45,8,9248,700
2026-09-30T00:54:22+00:00,299.6,1,25.8,99.6,1,22.9,10000,13,321.9,1,229.3,1262,6930,298.2,5.3,35.7,1.4,0.8,0.0,220.6,0.0,0.0,0.6,8,858.7,,45,8,9240,708
2026-09-30T00:54:26+00:00,302.7,1,25.7,99.7,1,76.5,10000,13,633.6,1,235.0,1501,6691,298.2,5.3,35.7,1.4,0.8,0.0,220.6,0.0,0.0,0.6,8,517.8,,38,8,9232,723
2026-09-30T00:54:29+00:00,306.0,1,25.7,99.6,1,77.4,10000,13,455.0,1,243.1,1408,6784,298.2,5.3,35.7,1.4,0.8,0.0,220.6,0.0,0.0,0.6,8,805.8,,45,8,9216,732
2026-09-30T00:54:32+00:00,309.1,1,25.7,99.6,1,40.7,10000,13,611.9,1,222.7,1569,6623,298.2,5.3,35.7,1.4,0.8,0.0,220.6,0.0,0.0,0.6,8,386.6,,39,7,9208,747
2026-09-30T00:54:35+00:00,312.2,1,24.2,99.7,1,51.9,10000,13,519.2,1,211.8,1428,6764,298.2,5.3,35.7,1.4,0.8,0.0,220.6,0.0,0.0,0.6,8,689.5,,45,8,9192,756
2026-09-30T00:54:38+00:00,315.3,1,25.7,99.3,1,22.8,10000,13,526.8,1,243.7,1363,6829,298.2,5.3,35.7,1.4,0.8,0.0,220.6,0.0,0.0,0.6,7,747.8,,45,8,9184,764
2026-09-30T00:54:41+00:00,318.4,1,25.7,99.2,1,51.8,10000,13,524.9,1,137.8,1418,6774,298.2,5.3,35.7,1.4,0.8,0.0,220.6,0.0,0.0,0.6,8,740.2,,46,8,9168,779
2026-09-30T00:54:44+00:00,321.5,1,25.7,99.6,1,22.9,10000,13,430.9,1,124.0,1290,6902,298.2,5.3,35.7,1.4,0.8,0.0,220.6,0.0,0.0,0.6,8,811.4,,45,8,9160,788
2026-09-30T00:54:47+00:00,324.6,1,25.7,99.9,1,55.6,10000,13,623.5,1,258.3,1435,6757,298.2,5.3,35.7,1.4,0.8,0.0,220.6,0.0,0.0,0.6,8,533.8,,38,8,9152,803
2026-09-30T00:54:51+00:00,327.7,1,25.7,99.6,1,23.1,10000,13,414.7,1,81.6,1272,6920,298.2,5.3,35.7,1.4,0.8,0.0,220.6,0.0,0.0,0.6,8,920.5,,46,8,9136,811
2026-09-30T00:54:54+00:00,330.9,1,25.7,99.7,1,51.6,10000,13,643.2,1,229.2,1486,6706,298.2,5.3,35.7,1.4,0.8,0.0,220.6,0.0,0.0,0.6,8,430.6,,38,8,9128,827
2026-09-30T00:54:57+00:00,333.9,1,21.9,99.5,1,60.8,10000,13,336.3,1,225.6,1299,6893,298.3,5.3,35.7,1.5,0.8,0.0,220.6,0.0,0.0,0.6,8,832.7,,38,8,9120,835
2026-09-30T00:55:00+00:00,337.0,1,25.7,99.5,1,51.5,10000,14,617.9,1,146.9,1462,6730,298.3,5.3,35.7,1.5,0.8,0.0,220.6,0.0,0.0,0.6,7,421.7,,42,7,9104,848
2026-09-30T00:55:03+00:00,340.1,1,25.7,99.3,1,55.5,10000,13,564.0,1,238.7,1360,6832,298.3,5.3,35.7,1.5,0.8,0.0,220.6,0.0,0.0,0.6,8,679.7,,38,8,9096,859
2026-09-30T00:55:06+00:00,343.2,1,25.7,99.3,1,51.9,10000,13,504.2,1,39.6,1253,6939,298.3,5.3,35.7,1.5,0.8,0.0,220.6,0.0,0.0,0.6,8,716.5,,46,8,9080,867
2026-09-30T00:55:09+00:00,346.3,1,25.7,99.5,1,55.5,10000,13,535.2,1,229.7,1385,6807,298.3,5.3,35.7,1.5,0.8,0.0,220.6,0.0,0.0,0.6,8,627.5,,38,8,9072,883
2026-09-30T00:55:12+00:00,349.5,1,25.7,99.5,1,51.6,10000,13,303.5,1,189.9,1232,6960,298.3,5.3,35.7,1.5,0.8,0.0,220.6,0.0,0.0,0.6,9,824.6,,38,8,9064,891
2026-09-30T00:55:15+00:00,352.6,1,25.7,99.5,1,48.7,10000,13,644.9,1,120.1,1514,6678,298.3,5.3,35.7,1.5,0.8,0.0,220.6,0.0,0.0,0.6,8,353.6,,38,8,9048,907
2026-09-30T00:55:19+00:00,355.7,1,21.9,99.4,1,55.9,10000,13,271.9,1,250.5,1289,6903,298.3,5.3,35.7,1.5,0.8,0.0,220.6,0.0,0.0,0.6,8,804.4,,38,8,9040,915
2026-09-30T00:55:22+00:00,358.8,1,25.7,99.1,1,51.8,10000,13,466.7,1,55.5,1206,6986,298.4,5.3,35.7,1.5,0.8,0.0,220.6,0.0,0.0,0.6,8,714.1,,46,8,9024,923
2026-09-30T00:55:25+00:00,362.0,1,25.7,99.5,1,55.5,10000,13,645.7,1,239.9,1422,6770,298.4,5.3,35.7,1.5,0.8,0.0,220.6,0.0,0.0,0.6,8,577.1,,38,8,9016,939
2026-09-30T00:55:28+00:00,365.1,1,25.7,99.7,1,51.8,10000,13,356.6,1,203.4,1312,6880,298.4,5.3,35.7,1.5,0.8,0.0,220.6,0.0,0.0,0.6,8,890.7,,38,8,9008,947
2026-09-30T00:55:31+00:00,368.2,1,25.6,99.1,1,51.6,10000,13,646.0,1,208.8,1578,6614,298.4,5.3,35.7,1.6,0.8,0.0,220.6,0.0,0.0,0.6,8,267.3,,38,8,8992,963
2026-09-30T00:55:34+00:00,371.3,1,25.6,99.6,1,55.5,10000,13,451.7,1,247.3,1375,6817,298.4,5.3,35.7,1.6,0.8,0.0,220.6,0.0,0.0,0.6,8,775.0,,38,8,8984,971
2026-09-30T00:55:37+00:00,374.3,1,25.6,99.5,1,51.8,10000,13,300.0,1,142.1,1270,6922,298.4,5.3,35.7,1.6,0.8,0.0,220.6,0.0,0.0,0.6,9,833.1,,38,8,8976,979
2026-09-30T00:55:40+00:00,377.5,1,25.6,99.7,1,51.8,10000,13,645.8,1,139.3,1497,6695,298.5,5.3,35.7,1.6,0.8,0.0,220.6,0.0,0.0,0.6,8,322.5,,38,8,8960,995
2026-09-30T00:55:43+00:00,380.5,1,21.8,99.6,1,51.7,10000,13,478.1,1,246.6,1397,6795,298.5,5.3,35.7,1.6,0.8,0.0,220.6,0.0,0.0,0.6,8,790.0,,38,8,8952,1003
2026-09-30T00:55:46+00:00,383.6,1,25.6,99.3,1,46.8,10000,13,534.3,1,151.2,1484,6708,298.5,5.3,35.7,1.6,0.8,0.0,220.6,0.0,0.0,0.6,8,494.7,,45,5,8936,1015
2026-09-30T00:55:49+00:00,386.7,1,25.6,99.6,1,51.6,10000,13,637.3,1,243.7,1486,6706,298.5,5.3,35.7,1.6,0.8,0.0,220.6,0.0,0.0,0.6,8,573.2,,38,8,8928,1027
2026-09-30T00:55:53+00:00,389.8,1,25.6,99.2,1,51.6,10000,13,329.0,1,212.6,1302,6890,298.5,5.3,35.7,1.6,0.8,0.0,220.6,0.0,0.0,0.6,8,889.3,,38,8,8920,1035
2026-09-30T00:55:56+00:00,392.9,1,25.6,99.8,1,55.2,10000,13,644.2,1,229.5,1553,6639,298.5,5.3,35.7,1.6,0.8,0.0,220.6,0.0,0.0,0.6,8,379.8,,38,8,8904,1051
2026-09-30T00:55:59+00:00,396.0,1,25.6,99.7,1,37.5,10000,13,374.8,1,256.0,1364,6828,298.5,5.3,35.7,1.6,0.9,0.0,220.6,0.0,0.0,0.6,8,810.9,,38,8,8896,1059
2026-09-30T00:56:02+00:00,399.0,1,25.6,99.7,1,51.2,10000,14,494.0,1,104.4,1365,6827,298.5,5.3,35.7,1.6,0.9,0.0,220.6,0.0,0.0,0.6,8,634.7,,44,7,8880,1070
2026-09-30T00:56:05+00:00,402.1,1,25.6,99.8,1,51.5,10000,13,644.0,1,229.8,1491,6701,298.5,5.3,35.7,1.6,0.9,0.0,220.6,0.0,0.0,0.6,8,547.7,,38,8,8872,1083
2026-09-30T00:56:08+00:00,405.2,1,25.6,99.1,1,39.7,10000,13,312.9,1,248.9,1289,6903,298.5,5.3,35.7,1.6,0.9,0.0,220.6,0.0,0.0,0.6,8,881.4,,38,8,8864,1091
2026-09-30T00:56:11+00:00,408.3,1,25.3,99.4,1,55.5,10000,13,682.2,1,218.8,1365,6827,298.5,5.3,35.7,1.6,0.9,0.0,220.6,0.0,0.0,0.6,8,481.8,,42,8,8848,1103
2026-09-30T00:56:14+00:00,411.4,1,25.6,99.7,1,51.6,10000,13,520.9,1,257.0,1372,6820,298.5,5.3,35.7,1.6,0.9,0.0,220.6,0.0,0.0,0.6,8,623.3,,38,8,8840,1115
2026-09-30T00:56:17+00:00,414.6,1,25.6,99.4,1,52.8,10000,13,431.9,1,64.5,1206,6986,298.5,5.3,35.7,1.6,0.9,0.0,220.6,0.0,0.0,0.6,8,769.2,,46,8,8824,1123
2026-09-30T00:56:21+00:00,417.7,1,25.6,99.8,1,52.2,10000,13,598.1,1,228.3,1447,6745,298.5,5.3,35.7,1.6,0.9,0.0,220.6,0.0,0.0,0.6,8,523.0,,38,8,8816,1139
2026-09-30T00:56:24+00:00,420.8,1,25.6,98.9,1,25.6,10000,13,319.8,1,241.1,1248,6944,298.5,5.3,35.7,1.6,0.9,0.0,220.6,0.0,0.0,0.6,8,869.5,,38,8,8808,1147
2026-09-30T00:56:27+00:00,424.0,1,25.6,99.5,1,55.5,10000,13,646.3,1,152.7,1538,6654,298.5,5.3,35.7,1.6,0.9,0.0,220.6,0.0,0.0,0.6,8,324.1,,38,8,8792,1163
2026-09-30T00:56:30+00:00,427.0,1,25.6,99.4,1,65.8,10000,13,334.1,1,228.4,1280,6912,298.5,5.3,35.7,1.6,0.9,0.0,220.6,0.0,0.0,0.6,8,762.1,,38,8,8784,1171
2026-09-30T00:56:33+00:00,430.1,1,25.6,99.2,1,54.3,10000,13,385.5,1,122.1,1218,6974,298.6,5.3,35.7,1.7,0.9,0.0,220.6,0.0,0.0,0.6,8,739.9,,46,8,8768,1179
2026-09-30T00:56:36+00:00,433.2,1,25.6,99.7,1,54.7,10000,13,644.6,1,224.1,1450,6742,298.6,5.3,35.7,1.7,0.9,0.0,220.6,0.0,0.0,0.6,8,407.6,,38,8,8760,1195
2026-09-30T00:56:39+00:00,436.3,1,25.6,99.7,1,45.2,10000,13,348.8,1,206.3,1260,6932,298.6,5.3,35.7,1.7,0.9,0.0,220.6,0.0,0.0,0.6,8,682.3,,38,8,8752,1203
2026-09-30T00:56:42+00:00,439.5,1,25.6,99.5,1,25.6,10000,13,316.8,1,207.0,1326,6866,298.6,5.3,35.7,1.7,0.9,0.0,220.6,0.0,0.0,0.6,8,657.2,,38,8,8744,1211
2026-09-30T00:56:45+00:00,442.6,1,25.5,99.2,1,51.6,10000,13,315.6,1,177.8,1234,6958,298.6,5.3,35.7,1.7,0.9,0.0,220.6,0.0,0.0,0.6,8,749.1,,38,8,8736,1219
2026-09-30T00:56:49+00:00,445.7,1,25.5,99.5,1,61.0,10000,13,248.8,1,233.8,1244,6948,298.7,5.3,35.7,1.8,0.9,0.0,220.6,0.0,0.0,0.6,8,722.0,,38,8,8728,1227
2026-09-30T00:56:52+00:00,448.8,1,25.4,99.3,1,23.1,10000,13,313.8,1,157.2,1207,6985,298.7,5.3,35.7,1.8,0.9,0.0,220.6,0.0,0.0,0.6,8,866.8,,38,8,8720,1235
2026-09-30T00:56:55+00:00,451.9,1,25.4,99.7,1,26.1,10000,13,340.0,1,108.8,1217,6975,298.7,5.3,35.7,1.8,0.9,0.0,220.6,0.0,0.0,0.6,8,880.1,,46,8,8704,1243
2026-09-30T00:56:58+00:00,455.0,1,25.4,99.4,1,22.5,10000,14,585.4,1,84.9,1360,6832,298.7,5.3,35.7,1.8,0.9,0.0,220.6,0.0,0.0,0.6,7,619.6,,45,6,8696,1254
2026-09-30T00:57:01+00:00,458.1,1,25.4,99.6,2,131.1,10000,15,624.9,1,75.4,1450,6742,298.7,5.3,35.7,1.8,0.9,0.0,220.6,0.0,0.0,0.6,6,394.0,,44,5,8688,1264
2026-09-30T00:57:04+00:00,461.2,1,25.4,97.4,1,55.0,10000,13,648.7,1,75.4,1572,6620,298.7,5.3,35.7,1.8,0.9,0.0,220.6,0.0,0.0,0.6,8,145.2,,41,5,8680,1275
2026-09-30T00:57:07+00:00,464.6,1,25.4,99.6,1,54.4,10000,13,643.9,1,214.2,1548,6644,298.7,5.3,35.7,1.8,0.9,0.0,220.6,0.0,0.0,0.6,8,302.8,,38,8,8672,1283
2026-09-30T00:57:10+00:00,467.7,1,25.4,99.8,1,51.5,10000,13,639.3,1,183.8,1572,6620,298.7,5.3,35.7,1.8,0.9,0.0,220.7,0.0,0.0,0.6,8,352.8,,38,8,8664,1291
2026-09-30T00:57:14+00:00,470.8,1,25.3,99.8,1,51.4,10000,13,636.5,1,220.7,1525,6667,298.7,5.3,35.7,1.8,0.9,0.0,220.7,0.0,0.0,0.6,8,344.8,,38,8,8656,1299
2026-09-30T00:57:17+00:00,473.9,1,25.4,99.7,1,51.4,10000,13,644.4,1,147.5,1569,6623,298.7,5.3,35.7,1.8,0.9,0.0,220.7,0.0,0.0,0.6,8,304.8,,38,8,8648,1307
2026-09-30T00:57:20+00:00,476.9,1,25.4,99.6,1,61.0,10000,13,644.9,1,217.3,1552,6640,298.7,5.3,35.7,1.8,0.9,0.0,220.7,0.0,0.0,0.6,8,330.4,,38,8,8640,1315
2026-09-30T00:57:23+00:00,480.0,1,25.4,99.6,1,51.9,10000,13,645.5,1,141.2,1567,6625,298.7,5.3,35.7,1.8,0.9,0.0,220.7,0.0,0.0,0.6,8,291.0,,38,8,8632,1323
2026-09-30T00:57:26+00:00,483.1,1,25.4,99.6,1,55.0,10000,13,647.5,1,222.8,1569,6623,298.7,5.3,35.7,1.8,0.9,0.0,220.7,0.0,0.0,0.6,8,334.9,,38,8,8624,1331
2026-09-30T00:57:29+00:00,486.2,1,25.4,99.5,1,51.3,10000,13,644.7,1,220.1,1557,6635,298.7,5.3,35.7,1.8,0.9,0.0,220.7,0.0,0.0,0.6,8,352.8,,38,8,8616,1339
2026-09-30T00:57:32+00:00,489.2,1,25.4,99.6,1,81.1,10000,13,637.0,1,230.7,1563,6629,298.7,5.3,35.7,1.8,0.9,0.0,220.7,0.0,0.0,0.6,8,413.4,,38,8,8608,1347
2026-09-30T00:57:35+00:00,492.4,1,25.4,99.8,1,51.4,10000,13,642.5,1,236.2,1471,6721,298.7,5.3,35.7,1.8,0.9,0.0,220.7,0.0,0.0,0.6,8,488.9,,38,8,8600,1355
2026-09-30T00:57:38+00:00,495.5,1,25.4,99.5,1,51.2,10000,13,582.5,1,250.6,1437,6755,298.7,5.3,35.7,1.8,0.9,0.0,220.7,0.0,0.0,0.6,8,567.7,,38,8,8592,1363
2026-09-30T00:57:42+00:00,498.7,1,25.3,99.8,1,55.3,10000,13,454.1,1,244.1,1350,6842,298.7,5.3,35.7,1.8,0.9,0.0,220.7,0.0,0.0,0.6,8,731.7,,38,8,8584,1371
2026-09-30T00:57:45+00:00,501.8,1,25.4,99.6,1,51.4,10000,13,454.7,1,246.4,1312,6880,298.7,5.3,35.7,1.8,0.9,0.0,220.7,0.0,0.0,0.6,8,712.6,,38,8,8576,1379
2026-09-30T00:57:48+00:00,504.9,1,25.3,99.1,1,22.4,10000,13,438.0,1,258.8,1336,6856,298.7,5.3,35.7,1.8,0.9,0.0,220.7,0.0,0.0,0.6,8,771.6,,38,8,8568,1387
2026-09-30T00:57:51+00:00,508.0,1,25.4,99.6,1,22.5,10000,13,396.3,1,260.6,1326,6866,298.8,5.3,35.7,1.8,0.9,0.0,220.7,0.0,0.0,0.6,8,809.3,,38,8,8560,1395
2026-09-30T00:57:54+00:00,511.2,1,25.3,99.4,1,23.1,10000,13,309.5,1,127.9,1262,6930,298.8,5.3,35.7,1.8,0.9,0.0,220.7,0.0,0.0,0.6,8,867.3,,46,8,8544,1403
2026-09-30T00:57:57+00:00,514.3,1,25.4,99.2,1,36.2,10000,13,379.8,1,139.9,1253,6939,298.8,5.3,35.7,1.8,0.9,0.0,220.7,0.0,0.0,0.6,8,768.4,,46,8,8536,1411
2026-09-30T00:58:00+00:00,517.4,1,25.4,98.9,1,32.7,10000,13,546.8,1,22.4,1206,6986,298.8,5.3,35.7,1.8,0.9,0.0,220.7,0.0,0.0,0.6,8,658.1,,46,8,8528,1419
2026-09-30T00:58:03+00:00,520.5,1,25.3,99.2,2,120.3,10000,14,636.0,1,74.8,1555,6637,298.8,5.3,35.7,1.8,0.9,0.0,220.7,0.0,0.0,0.6,6,167.1,,40,6,8520,1435
2026-09-30T00:58:06+00:00,523.6,1,25.4,98.9,1,51.3,10000,13,648.1,1,182.1,1532,6660,298.8,5.3,35.7,1.8,0.9,0.0,220.7,0.0,0.0,0.6,8,266.7,,38,8,8512,1443
2026-09-30T00:58:09+00:00,526.7,1,25.4,99.8,1,51.2,10000,13,645.0,1,231.9,1463,6729,298.8,5.3,35.7,1.8,0.9,0.0,220.7,0.0,0.0,0.6,8,505.5,,38,8,8504,1451
2026-09-30T00:58:13+00:00,529.8,1,25.4,99.2,1,51.5,10000,13,522.9,1,240.9,1416,6776,298.8,5.3,35.7,1.8,0.9,0.0,220.7,0.0,0.0,0.6,8,653.7,,38,8,8496,1459
2026-09-30T00:58:16+00:00,532.9,1,25.3,98.9,1,22.7,10000,13,323.3,1,251.8,1334,6858,298.8,5.3,35.7,1.8,0.9,0.0,220.7,0.0,0.0,0.6,8,789.6,,38,8,8488,1467
2026-09-30T00:58:19+00:00,536.1,1,25.4,98.0,1,55.8,10000,13,343.4,1,197.7,1296,6896,298.8,5.3,35.7,1.8,0.9,0.0,220.7,0.0,0.0,0.6,8,888.6,,46,8,8472,1475
2026-09-30T00:58:22+00:00,539.2,1,25.4,99.6,1,22.4,10000,13,550.4,1,122.6,1483,6709,298.8,5.3,35.7,1.8,0.9,0.0,220.7,0.0,0.0,0.6,7,576.6,,46,6,8464,1485
2026-09-30T00:58:25+00:00,542.3,1,25.4,99.3,1,54.7,10000,13,644.9,1,195.3,1553,6639,298.8,5.3,35.7,1.8,0.9,0.0,220.7,0.0,0.0,0.6,8,313.0,,38,8,8456,1499
2026-09-30T00:58:28+00:00,545.3,1,25.4,99.4,1,51.4,10000,13,644.8,1,232.0,1495,6697,298.8,5.3,35.7,1.8,0.9,0.0,220.7,0.0,0.0,0.6,8,567.4,,38,8,8448,1507
2026-09-30T00:58:31+00:00,548.4,1,25.3,99.4,1,74.2,10000,13,346.6,1,256.4,1384,6808,298.8,5.3,35.7,1.8,0.9,0.0,220.7,0.0,0.0,0.6,8,764.0,,38,8,8440,1515
2026-09-30T00:58:34+00:00,551.5,1,25.3,99.4,1,79.4,10000,13,373.7,1,221.9,1362,6830,298.8,5.3,35.7,1.8,0.9,0.0,220.7,0.0,0.0,0.6,8,802.6,,38,8,8432,1523
2026-09-30T00:58:37+00:00,554.6,1,25.3,99.3,1,22.5,10000,13,358.4,1,158.3,1328,6864,298.8,5.3,35.7,1.8,0.9,0.0,220.7,0.0,0.0,0.6,8,903.2,,38,8,8424,1531
2026-09-30T00:58:41+00:00,557.8,1,25.3,99.5,1,29.7,10000,13,586.4,1,117.1,1407,6785,298.8,5.3,35.7,1.8,0.9,0.0,220.7,0.0,0.0,0.6,7,543.6,,44,8,8408,1541
2026-09-30T00:58:44+00:00,560.9,1,25.4,99.0,1,51.5,10000,13,646.8,1,148.5,1555,6637,298.9,5.3,35.7,1.9,0.9,0.0,220.7,0.0,0.0,0.6,8,347.5,,38,8,8400,1555
2026-09-30T00:58:47+00:00,564.0,1,25.4,99.4,1,51.5,10000,13,566.4,1,238.6,1446,6746,298.9,5.3,35.7,1.9,0.9,0.0,220.7,0.0,0.0,0.6,8,640.5,,38,8,8392,1563
2026-09-30T00:58:50+00:00,567.1,1,25.3,99.7,1,22.4,10000,13,380.8,1,257.8,1366,6826,298.9,5.3,35.7,1.9,0.9,0.0,220.7,0.0,0.0,0.6,8,831.4,,38,8,8384,1571
2026-09-30T00:58:53+00:00,570.2,1,25.4,99.3,1,35.3,10000,14,533.8,1,120.8,1352,6840,299.0,5.3,35.7,2.0,0.9,0.0,220.7,0.0,0.0,0.6,8,723.9,,46,6,8368,1581
2026-09-30T00:58:56+00:00,573.3,1,25.3,99.1,1,61.2,10000,13,688.8,1,217.1,1367,6825,299.0,5.3,35.7,2.0,0.9,0.0,220.7,0.0,0.0,0.6,8,464.8,,44,6,8360,1591
2026-09-30T00:58:59+00:00,576.4,1,25.4,99.8,1,51.6,10000,13,608.9,1,257.9,1471,6721,299.0,5.3,35.7,2.0,0.9,0.0,220.7,0.0,0.0,0.6,8,556.2,,38,8,8352,1603
2026-09-30T00:59:02+00:00,579.5,1,25.4,99.7,1,50.3,10000,13,458.0,1,235.0,1370,6822,299.0,5.3,35.7,2.0,0.9,0.0,220.7,0.0,0.0,0.6,8,746.5,,38,8,8344,1611
2026-09-30T00:59:05+00:00,582.6,1,25.3,99.4,1,53.8,10000,13,380.2,1,23.3,1220,6972,299.0,5.3,35.7,2.0,0.9,0.0,220.7,0.0,0.0,0.6,8,675.2,,46,8,8328,1619
2026-09-30T00:59:08+00:00,585.7,1,25.4,99.6,1,51.3,10000,15,635.7,1,148.5,1527,6665,299.0,5.3,35.7,2.0,0.9,0.0,220.7,0.0,0.0,0.6,6,404.9,,42,6,8320,1633
2026-09-30T00:59:12+00:00,588.8,1,25.4,99.5,1,57.4,10000,13,580.4,1,228.9,1490,6702,299.0,5.3,35.7,2.0,0.9,0.0,220.7,0.0,0.0,0.6,8,494.6,,38,8,8312,1643
2026-09-30T00:59:15+00:00,591.9,1,25.3,99.1,1,51.7,10000,13,334.3,1,239.9,1280,6912,299.0,5.3,35.7,2.0,0.9,0.0,220.7,0.0,0.0,0.6,8,803.5,,38,8,8304,1651
2026-09-30T00:59:18+00:00,595.0,1,25.3,99.6,1,51.5,10000,13,464.7,1,90.7,1241,6951,299.0,5.3,35.7,2.0,0.9,0.0,220.7,0.0,0.0,0.6,8,795.4,,46,8,8288,1659
2026-09-30T00:59:21+00:00,598.1,1,25.4,99.6,1,51.5,10000,13,645.9,1,141.2,1498,6694,299.1,5.3,35.7,2.1,0.9,0.0,220.7,0.0,0.0,0.6,8,316.6,,38,8,8280,1675
2026-09-30T00:59:24+00:00,601.2,1,25.4,99.7,1,51.5,10000,13,483.2,1,251.9,1352,6840,299.1,5.3,35.7,2.1,0.9,0.0,220.7,0.0,0.0,0.6,8,635.9,,38,8,8272,1683
2026-09-30T00:59:27+00:00,604.3,1,21.6,99.4,1,55.4,10000,13,328.4,1,100.2,1269,6923,299.1,5.3,35.7,2.1,0.9,0.0,220.7,0.0,0.0,0.6,8,871.3,,46,8,8256,1691
2026-09-30T00:59:30+00:00,607.5,1,21.6,99.6,1,51.5,10000,13,605.5,1,113.2,1459,6733,299.1,5.3,35.7,2.1,0.9,0.0,220.7,0.0,0.0,0.6,7,427.6,,42,8,8248,1703
2026-09-30T00:59:33+00:00,610.6,1,25.4,99.5,1,55.4,10000,13,635.4,1,232.2,1460,6732,299.1,5.3,35.7,2.1,0.9,0.0,220.7,0.0,0.0,0.6,8,515.2,,38,8,8240,1715
2026-09-30T00:59:36+00:00,613.7,1,25.3,100.0,1,46.6,10000,13,377.7,1,258.2,1315,6877,299.1,5.3,35.7,2.1,0.9,0.0,220.7,0.0,0.0,0.6,8,795.2,,38,8,8232,1723
2026-09-30T00:59:40+00:00,616.8,1,25.3,99.2,1,28.1,10000,13,354.5,1,186.8,1265,6927,299.2,5.3,35.7,2.1,0.9,0.0,220.7,0.0,0.0,0.6,8,819.5,,38,8,8224,1731
2026-09-30T00:59:43+00:00,619.9,1,25.4,99.6,1,51.5,10000,14,633.3,1,144.2,1515,6677,299.2,5.3,35.7,2.1,1.0,0.0,220.7,0.0,0.0,0.6,6,343.4,,41,7,8208,1745
2026-09-30T00:59:46+00:00,623.0,1,25.4,99.6,1,51.4,10000,13,585.4,1,244.5,1457,6735,299.2,5.3,35.7,2.1,1.0,0.0,220.7,0.0,0.0,0.6,8,575.3,,38,8,8200,1755
2026-09-30T00:59:49+00:00,626.1,1,25.4,99.3,1,26.3,10000,13,333.8,1,237.0,1315,6877,299.2,5.3,35.7,2.1,1.0,0.0,220.7,0.0,0.0,0.6,8,845.2,,38,8,8192,1763
2026-09-30T00:59:52+00:00,629.2,1,22.6,99.3,1,51.2,10000,13,545.9,1,23.2,1327,6865,299.2,5.3,35.7,2.1,1.0,0.0,220.7,0.0,0.0,0.6,7,607.5,,46,8,8176,1771
2026-09-30T00:59:55+00:00,632.3,1,25.4,99.4,1,51.2,10000,13,645.3,1,211.1,1539,6653,299.2,5.3,35.7,2.1,1.0,0.0,220.7,0.0,0.0,0.6,8,359.5,,38,8,8168,1787
2026-09-30T00:59:58+00:00,635.4,1,25.4,99.8,1,23.0,10000,13,536.1,1,244.3,1431,6761,299.2,5.3,35.7,2.1,1.0,0.0,220.7,0.0,0.0,0.6,8,740.6,,38,8,8160,1795
2026-09-30T01:00:01+00:00,638.6,1,21.6,98.8,1,51.3,10000,13,319.5,1,215.4,1269,6923,299.2,5.3,35.7,2.1,1.0,0.0,220.7,0.0,0.0,0.6,8,820.5,,38,8,8152,1803
2026-09-30T01:00:05+00:00,641.7,1,21.6,99.0,2,94.0,10000,15,667.9,1,120.1,1605,6587,299.2,5.3,35.7,2.1,1.0,0.0,220.7,0.0,0.0,0.6,6,159.6,,44,2,8136,1819
2026-09-30T01:00:08+00:00,644.8,1,25.4,99.6,1,46.2,10000,15,807.8,1,217.7,1550,6642,299.2,5.3,35.7,2.1,1.0,0.0,220.7,0.0,0.0,0.6,6,288.7,,39,7,8128,1827
2026-09-30T01:00:11+00:00,647.9,1,25.3,99.5,1,54.8,10000,13,454.5,1,253.5,1384,6808,299.2,5.3,35.7,2.1,1.0,0.0,220.7,0.0,0.0,0.6,8,661.1,,38,8,8120,1835
2026-09-30T01:00:14+00:00,651.1,1,25.3,99.4,1,22.5,10000,13,331.4,1,198.1,1329,6863,299.2,5.3,35.7,2.1,1.0,0.0,220.7,0.0,0.0,0.6,8,866.0,,38,8,8112,1843
2026-09-30T01:00:17+00:00,654.2,1,25.4,99.5,1,26.6,10000,13,590.3,1,77.3,1351,6841,299.2,5.3,35.7,2.1,1.0,0.0,220.7,0.0,0.0,0.6,7,608.5,,46,6,8096,1853
2026-09-30T01:00:20+00:00,657.3,1,25.4,99.6,1,53.1,10000,13,639.6,1,233.9,1465,6727,299.2,5.3,35.7,2.1,1.0,0.0,220.7,0.0,0.0,0.6,8,516.9,,38,8,8088,1867
2026-09-30T01:00:23+00:00,660.3,1,25.4,99.5,1,22.5,10000,13,415.0,1,235.0,1339,6853,299.2,5.3,35.7,2.1,1.0,0.0,220.7,0.0,0.0,0.6,8,755.7,,38,8,8080,1875
2026-09-30T01:00:26+00:00,663.5,1,25.4,99.4,1,26.2,10000,13,366.8,1,142.5,1286,6906,299.3,5.3,35.7,2.1,1.0,0.0,220.7,0.0,0.0,0.6,8,929.5,,46,8,8064,1883
2026-09-30T01:00:29+00:00,666.6,1,25.4,99.5,1,22.7,10000,13,645.6,1,226.3,1525,6667,299.3,5.3,35.7,2.1,1.1,0.0,220.7,0.0,0.0,0.6,8,265.5,,39,7,8056,1899
2026-09-30T01:00:32+00:00,669.6,1,25.3,99.6,1,37.0,10000,13,569.3,1,235.5,1361,6831,299.3,5.3,35.7,2.1,1.1,0.0,220.7,0.0,0.0,0.6,8,596.2,,38,8,8048,1907
2026-09-30T01:00:36+00:00,672.8,1,25.3,99.5,1,78.4,10000,13,265.9,1,226.4,1226,6966,299.4,5.3,35.7,2.2,1.1,0.0,220.7,0.0,0.0,0.6,8,777.8,,38,8,8040,1915
2026-09-30T01:00:39+00:00,675.9,1,21.5,99.5,1,51.2,10000,13,395.3,1,62.1,1223,6969,299.4,5.3,35.7,2.2,1.1,0.0,220.7,0.0,0.0,0.6,8,777.8,,46,8,8024,1923
2026-09-30T01:00:42+00:00,679.0,1,25.3,99.4,1,54.7,10000,13,527.7,1,125.7,1246,6946,299.4,5.3,35.7,2.2,1.1,0.0,220.7,0.0,0.0,0.6,8,452.4,,43,8,8016,1934
2026-09-30T01:00:45+00:00,682.2,1,25.4,99.9,1,51.7,10000,13,587.8,1,240.2,1397,6795,299.4,5.3,35.7,2.2,1.1,0.0,220.7,0.0,0.0,0.6,8,469.7,,38,8,8008,1947
2026-09-30T01:00:48+00:00,685.3,1,21.5,99.2,1,51.5,10000,13,312.2,1,221.6,1228,6964,299.4,5.3,35.7,2.2,1.1,0.0,220.7,0.0,0.0,0.6,8,806.1,,38,8,8000,1955
2026-09-30T01:00:51+00:00,688.4,1,21.6,99.1,1,51.6,10000,13,446.3,1,171.3,1223,6969,299.4,5.3,35.7,2.2,1.1,0.0,220.7,0.0,0.0,0.6,8,775.0,,46,8,7984,1963
2026-09-30T01:00:54+00:00,691.5,1,25.4,99.6,1,51.4,10000,13,645.2,1,219.2,1490,6702,299.4,5.3,35.7,2.2,1.1,0.0,220.7,0.0,0.0,0.6,8,315.8,,38,8,7976,1979
2026-09-30T01:00:57+00:00,694.6,1,25.3,99.9,1,55.8,10000,13,486.8,1,246.4,1357,6835,299.4,5.3,35.7,2.2,1.1,0.0,220.7,0.0,0.0,0.6,8,683.3,,38,8,7968,1987
2026-09-30T01:01:01+00:00,697.8,1,25.4,99.2,1,51.5,10000,13,290.7,1,189.8,1244,6948,299.5,5.3,35.7,2.3,1.1,0.0,220.7,0.0,0.0,0.6,8,734.7,,46,8,7952,1995
2026-09-30T01:01:04+00:00,700.9,1,25.3,98.7,2,109.2,10000,14,662.0,1,101.4,1523,6669,299.5,5.3,35.7,2.3,1.1,0.0,220.7,0.0,0.0,0.6,6,137.1,,39,7,7944,2011
2026-09-30T01:01:07+00:00,704.0,1,25.3,99.4,1,79.4,10000,13,640.2,1,229.2,1442,6750,299.5,5.3,35.7,2.3,1.1,0.0,220.7,0.0,0.0,0.6,8,517.0,,38,8,7936,2019
2026-09-30T01:01:10+00:00,707.1,1,25.3,99.2,1,46.8,10000,13,364.6,1,258.6,1344,6848,299.5,5.3,35.7,2.3,1.1,0.0,220.7,0.0,0.0,0.6,8,784.3,,38,8,7928,2027
2026-09-30T01:01:13+00:00,710.2,1,25.3,99.2,1,54.9,10000,13,272.9,1,251.7,1251,6941,299.5,5.3,35.7,2.3,1.1,0.0,220.7,0.0,0.0,0.6,8,843.9,,38,8,7920,2035
2026-09-30T01:01:16+00:00,713.3,1,25.3,99.2,1,41.0,10000,13,520.3,1,60.4,1213,6979,299.5,5.3,35.7,2.3,1.1,0.0,220.7,0.0,0.0,0.6,8,683.0,,46,8,7904,2043
2026-09-30T01:01:19+00:00,716.5,1,25.3,99.0,1,51.3,10000,13,646.6,1,202.7,1530,6662,299.5,5.3,35.7,2.3,1.1,0.0,220.7,0.0,0.0,0.6,8,299.9,,38,8,7896,2059
2026-09-30T01:01:22+00:00,719.5,1,25.3,98.2,1,51.2,10000,13,646.1,1,141.5,1501,6691,299.6,5.3,35.7,2.3,1.1,0.0,220.7,0.0,0.0,0.6,8,388.2,,38,8,7888,2067
2026-09-30T01:01:25+00:00,722.6,1,25.3,99.5,1,51.5,10000,13,473.8,1,252.5,1395,6797,299.6,5.3,35.7,2.3,1.1,0.0,220.7,0.0,0.0,0.6,8,714.7,,38,8,7880,2075
2026-09-30T01:01:29+00:00,725.7,1,25.3,99.4,1,55.5,10000,13,279.0,1,133.9,1338,6854,299.6,5.3,35.7,2.3,1.2,0.0,220.7,0.0,0.0,0.6,8,784.5,,46,8,7864,2083
2026-09-30T01:01:32+00:00,728.8,1,25.3,99.1,1,51.4,10000,13,613.0,1,138.7,1607,6585,299.7,5.3,35.7,2.4,1.2,0.0,220.7,0.0,0.0,0.6,7,398.1,,44,5,7856,2096
2026-09-30T01:01:35+00:00,731.9,1,25.3,99.1,1,78.6,10000,13,644.8,1,236.7,1487,6705,299.7,5.3,35.7,2.4,1.2,0.0,220.7,0.0,0.0,0.6,8,518.5,,38,8,7848,2107
2026-09-30T01:01:38+00:00,735.0,1,25.3,99.0,2,99.2,10000,13,288.8,1,234.6,1331,6861,299.7,5.3,35.7,2.4,1.2,0.0,220.7,0.0,0.0,0.6,8,771.7,,38,8,7840,2115
2026-09-30T01:01:41+00:00,738.1,1,25.3,99.6,1,56.5,10000,13,353.9,1,173.1,1314,6878,299.8,5.3,35.7,2.4,1.2,0.0,220.7,0.0,0.0,0.6,8,898.2,,46,8,7824,2123
2026-09-30T01:01:44+00:00,741.2,1,25.3,99.3,1,43.6,10000,13,627.4,1,137.3,1535,6657,299.8,5.3,35.7,2.4,1.2,0.0,220.7,0.0,0.0,0.6,8,391.0,,42,6,7816,2137
2026-09-30T01:01:47+00:00,744.4,1,25.3,99.7,1,51.5,10000,13,593.4,1,241.4,1435,6757,299.8,5.3,35.7,2.4,1.2,0.0,220.7,0.0,0.0,0.6,8,669.2,,38,8,7808,2147
2026-09-30T01:01:50+00:00,747.5,1,25.3,99.5,1,55.2,10000,13,308.6,1,159.7,1360,6832,299.8,5.3,35.7,2.4,1.2,0.0,220.7,0.0,0.0,0.6,8,891.5,,46,8,7792,2155
2026-09-30T01:01:53+00:00,750.6,1,25.3,99.5,1,51.3,10000,13,636.6,1,215.7,1542,6650,299.8,5.3,35.7,2.4,1.2,0.0,220.7,0.0,0.0,0.6,8,349.2,,39,8,7784,2170
2026-09-30T01:01:57+00:00,753.7,1,25.3,99.5,1,38.5,10000,13,593.0,1,236.3,1414,6778,299.8,5.3,35.7,2.4,1.2,0.0,220.7,0.0,0.0,0.6,8,619.2,,38,8,7776,2179
2026-09-30T01:02:00+00:00,756.8,1,25.3,99.6,1,22.9,10000,13,343.0,1,104.0,1279,6913,299.8,5.3,35.7,2.4,1.2,0.0,220.7,0.0,0.0,0.6,8,896.8,,46,8,7760,2187
2026-09-30T01:02:03+00:00,760.0,1,25.3,99.4,1,51.4,10000,13,618.6,1,145.5,1435,6757,299.8,5.3,35.7,2.4,1.2,0.0,220.7,0.0,0.0,0.6,8,529.1,,41,8,7752,2200
2026-09-30T01:02:06+00:00,763.0,1,25.3,99.7,1,76.2,10000,13,529.2,1,231.8,1441,6751,299.8,5.3,35.7,2.4,1.2,0.0,220.7,0.0,0.0,0.6,8,624.3,,38,8,7744,2211
2026-09-30T01:02:09+00:00,766.2,1,25.3,99.2,1,78.4,10000,13,264.8,1,234.6,1283,6909,299.8,5.3,35.7,2.4,1.2,0.0,220.7,0.0,0.0,0.6,8,840.7,,38,8,7736,2219
2026-09-30T01:02:12+00:00,769.3,1,21.5,99.3,1,30.3,10000,13,464.1,1,29.7,1224,6968,299.8,5.3,35.7,2.4,1.2,0.0,220.7,0.0,0.0,0.6,8,837.4,,46,8,7720,2227
2026-09-30T01:02:15+00:00,772.4,1,25.3,99.5,1,54.1,10000,13,644.8,1,156.0,1486,6706,299.8,5.3,35.7,2.5,1.2,0.0,220.8,0.0,0.0,0.6,8,394.8,,38,8,7712,2243
2026-09-30T01:02:18+00:00,775.5,1,25.3,98.8,1,26.8,10000,13,484.6,1,243.0,1374,6818,299.8,5.3,35.7,2.5,1.2,0.0,220.8,0.0,0.0,0.6,8,714.9,,38,8,7704,2251
2026-09-30T01:02:21+00:00,778.6,1,25.3,99.0,1,50.2,10000,13,360.1,1,158.0,1263,6929,299.8,5.3,35.7,2.5,1.2,0.0,220.8,0.0,0.0,0.6,8,911.3,,46,8,7688,2259
2026-09-30T01:02:24+00:00,781.7,1,25.3,99.0,1,51.3,10000,13,646.6,1,132.8,1616,6576,299.8,5.3,35.7,2.5,1.2,0.0,220.8,0.0,0.0,0.6,8,222.7,,38,8,7680,2275
2026-09-30T01:02:28+00:00,784.8,1,21.5,99.0,1,22.5,10000,13,508.4,1,245.0,1410,6782,299.9,5.3,35.7,2.5,1.2,0.0,220.8,0.0,0.0,0.6,8,611.4,,38,8,7672,2283
2026-09-30T01:02:31+00:00,787.9,1,25.3,99.6,1,22.4,10000,13,341.4,1,168.4,1243,6949,299.9,5.3,35.7,2.5,1.2,0.0,220.8,0.0,0.0,0.6,8,842.3,,38,8,7664,2291
2026-09-30T01:02:34+00:00,791.1,1,25.3,97.4,1,51.5,10000,13,569.2,1,53.7,1454,6738,299.9,5.3,35.7,2.5,1.2,0.0,220.8,0.0,0.0,0.6,3,282.8,,46,8,7648,2299
2026-09-30T01:02:37+00:00,794.2,1,25.3,99.3,1,61.2,10000,13,645.8,1,212.0,1489,6703,299.9,5.3,35.7,2.5,1.2,0.0,220.8,0.0,0.0,0.6,8,350.9,,38,8,7640,2315
2026-09-30T01:02:40+00:00,797.2,1,25.3,99.4,1,78.7,10000,13,613.1,1,225.9,1462,6730,299.9,5.3,35.7,2.5,1.2,0.0,220.8,0.0,0.0,0.6,8,542.4,,38,8,7632,2323
2026-09-30T01:02:43+00:00,800.3,1,25.3,99.2,1,51.3,10000,13,317.7,1,241.6,1315,6877,299.9,5.3,35.7,2.5,1.2,0.0,220.8,0.0,0.0,0.6,8,784.5,,38,8,7624,2331
2026-09-30T01:02:46+00:00,803.4,1,25.3,99.4,1,54.4,10000,13,290.5,1,188.4,1293,6899,299.9,5.3,35.7,2.5,1.2,0.0,220.8,0.0,0.0,0.6,8,860.8,,46,8,7608,2339
2026-09-30T01:02:49+00:00,806.6,1,25.3,98.9,1,51.4,10000,17,651.8,1,96.9,1625,6567,299.9,5.3,35.7,2.5,1.2,0.0,220.8,0.0,0.0,0.6,4,114.8,,42,4,7600,2355
2026-09-30T01:02:52+00:00,809.6,1,25.3,99.6,1,54.7,10000,13,637.6,1,232.9,1456,6736,299.9,5.3,35.7,2.5,1.2,0.0,220.8,0.0,0.0,0.6,8,529.3,,38,8,7592,2363
2026-09-30T01:02:56+00:00,812.7,1,24.8,99.7,1,51.5,10000,13,310.4,1,236.8,1338,6854,299.9,5.3,35.7,2.6,1.2,0.0,220.8,0.0,0.0,0.6,8,791.5,,38,8,7584,2371
2026-09-30T01:02:59+00:00,815.8,1,25.3,99.0,1,45.9,10000,13,295.3,1,160.4,1261,6931,299.9,5.3,35.7,2.6,1.2,0.0,220.8,0.0,0.0,0.6,8,820.3,,46,8,7568,2379
2026-09-30T01:03:02+00:00,819.0,1,25.3,98.4,1,22.4,10000,16,652.9,1,92.1,1566,6626,300.0,5.3,35.7,2.6,1.2,0.0,220.8,0.0,0.0,0.6,4,103.0,,45,1,7560,2395
2026-09-30T01:03:05+00:00,822.1,1,25.3,99.4,1,51.4,10000,13,634.9,1,229.9,1416,6776,300.0,5.3,35.7,2.6,1.2,0.0,220.8,0.0,0.0,0.6,8,543.1,,38,8,7552,2403
2026-09-30T01:03:08+00:00,825.2,1,25.3,98.9,1,51.4,10000,13,449.9,1,249.6,1342,6850,300.0,5.3,35.7,2.6,1.2,0.0,220.8,0.0,0.0,0.6,8,748.0,,38,8,7544,2411
2026-09-30T01:03:11+00:00,828.3,1,25.3,99.5,1,57.5,10000,13,278.9,1,205.1,1270,6922,300.0,5.3,35.7,2.6,1.2,0.0,220.8,0.0,0.0,0.6,8,785.9,,38,8,7536,2419
2026-09-30T01:03:14+00:00,831.5,1,25.3,99.2,1,51.1,10000,13,564.5,1,102.0,1316,6876,299.8,5.3,35.7,2.6,1.2,0.0,220.8,0.0,0.0,0.6,7,561.6,,44,8,7520,2429
2026-09-30T01:03:17+00:00,834.6,1,25.3,99.6,1,51.5,10000,13,645.4,1,147.2,1434,6758,299.9,5.3,35.7,2.6,1.3,0.0,220.8,0.0,0.0,0.6,8,377.2,,38,8,7512,2443
2026-09-30T01:03:20+00:00,837.7,1,25.3,99.6,1,23.5,10000,13,472.8,1,243.6,1305,6887,299.9,5.3,35.7,2.6,1.3,0.0,220.8,0.0,0.0,0.6,8,707.7,,38,8,7504,2451
2026-09-30T01:03:24+00:00,840.8,1,25.3,99.8,1,40.3,10000,13,346.5,1,244.1,1299,6893,300.0,5.3,35.7,2.7,1.3,0.0,220.8,0.0,0.0,0.6,8,891.2,,46,8,7488,2459
2026-09-30T01:03:27+00:00,843.9,1,25.3,99.6,1,51.1,10000,14,603.9,1,129.3,1331,6861,300.1,5.3,35.7,2.7,1.3,0.0,220.8,0.0,0.0,0.6,7,535.2,,43,7,7480,2471
2026-09-30T01:03:30+00:00,847.0,1,25.3,99.7,1,57.4,10000,13,590.2,1,231.6,1404,6788,300.1,5.3,35.7,2.7,1.3,0.0,220.8,0.0,0.0,0.6,8,505.3,,38,8,7472,2483
2026-09-30T01:03:33+00:00,850.1,1,21.5,99.7,1,22.4,10000,13,289.4,1,217.2,1251,6941,300.1,5.3,35.7,2.7,1.4,0.0,220.8,0.0,0.0,0.6,8,810.8,,38,8,7464,2491
2026-09-30T01:03:36+00:00,853.1,1,21.5,99.4,1,35.4,10000,13,435.8,1,53.1,1321,6871,300.1,5.3,35.7,2.7,1.4,0.0,220.8,0.0,0.0,0.6,7,658.1,,46,8,7448,2499
2026-09-30T01:03:39+00:00,856.3,1,21.5,99.5,1,62.3,10000,13,523.6,1,177.9,1408,6784,300.1,5.3,35.7,2.7,1.4,0.0,220.8,0.0,0.0,0.6,8,423.3,,41,8,7440,2512
2026-09-30T01:03:42+00:00,859.4,1,25.3,99.9,1,58.3,10000,13,642.3,1,230.9,1423,6769,300.1,5.3,35.7,2.7,1.4,0.0,220.8,0.0,0.0,0.6,8,468.0,,38,8,7432,2523
2026-09-30T01:03:45+00:00,862.5,1,25.3,99.7,1,51.2,10000,13,305.2,1,234.3,1290,6902,300.1,5.3,35.7,2.7,1.4,0.0,220.8,0.0,0.0,0.6,8,746.2,,38,8,7424,2531
2026-09-30T01:03:48+00:00,865.5,1,25.3,99.3,1,51.4,10000,13,433.4,1,82.4,1214,6978,300.1,5.3,35.7,2.7,1.4,0.0,220.8,0.0,0.0,0.6,8,745.4,,46,8,7408,2539
2026-09-30T01:03:51+00:00,868.6,1,25.3,99.7,1,55.1,10000,13,646.0,1,130.7,1518,6674,300.1,5.3,35.7,2.7,1.4,0.0,220.8,0.0,0.0,0.6,8,277.4,,38,8,7400,2555
2026-09-30T01:03:55+00:00,871.8,1,25.3,99.6,1,51.3,10000,13,384.7,1,250.5,1337,6855,300.1,5.3,35.7,2.7,1.4,0.0,220.8,0.0,0.0,0.6,8,706.4,,38,8,7392,2563
2026-09-30T01:03:58+00:00,874.9,1,25.3,99.1,1,55.0,10000,13,268.6,1,206.5,1250,6942,300.1,5.3,35.7,2.7,1.4,0.0,220.8,0.0,0.0,0.6,8,850.4,,38,8,7384,2571
2026-09-30T01:04:01+00:00,878.0,1,25.3,98.8,1,51.7,10000,13,566.4,1,69.1,1371,6821,300.1,5.3,35.7,2.7,1.4,0.0,220.8,0.0,0.0,0.6,6,425.9,,46,7,7368,2580
2026-09-30T01:04:04+00:00,881.2,1,25.3,99.7,1,51.4,10000,13,681.8,1,221.0,1475,6717,300.1,5.3,35.7,2.7,1.4,0.0,220.8,0.0,0.0,0.6,7,445.7,,41,7,7360,2593
2026-09-30T01:04:07+00:00,884.3,1,25.3,99.7,2,71.2,10000,13,426.0,1,240.7,1387,6805,300.1,5.3,35.7,2.7,1.4,0.0,220.8,0.0,0.0,0.6,8,746.2,,38,8,7352,2603
2026-09-30T01:04:10+00:00,887.4,1,25.3,99.0,1,54.2,10000,13,299.1,1,191.5,1231,6961,300.1,5.3,35.7,2.7,1.4,0.0,220.8,0.0,0.0,0.6,8,789.6,,38,8,7344,2611
2026-09-30T01:04:13+00:00,890.5,1,25.3,99.9,1,48.2,10000,13,309.6,1,105.4,1257,6935,300.1,5.3,35.7,2.7,1.4,0.0,220.8,0.0,0.0,0.6,8,879.9,,46,8,7328,2619
2026-09-30T01:04:16+00:00,893.7,1,25.3,99.0,1,22.4,10000,13,616.8,1,97.3,1463,6729,300.3,5.3,35.7,2.8,1.4,0.0,220.8,0.0,0.0,0.6,8,391.8,,41,7,7320,2633
2026-09-30T01:04:20+00:00,896.8,1,25.3,99.5,1,54.1,10000,13,645.1,1,230.6,1450,6742,300.3,5.3,35.7,2.8,1.4,0.0,220.8,0.0,0.0,0.6,8,536.2,,38,8,7312,2643
2026-09-30T01:04:23+00:00,899.9,1,21.5,99.4,1,47.5,10000,13,303.3,1,253.0,1331,6861,300.4,5.3,35.7,2.8,1.4,0.0,220.8,0.0,0.0,0.6,8,784.0,,38,8,7304,2651
2026-09-30T01:04:26+00:00,903.0,1,25.3,99.5,1,22.5,10000,13,426.0,1,134.0,1269,6923,300.4,5.3,35.7,2.8,1.4,0.0,220.8,0.0,0.0,0.6,8,760.9,,46,8,7288,2659
2026-09-30T01:04:29+00:00,906.1,1,25.3,99.8,1,55.1,10000,13,647.0,1,129.9,1557,6635,300.4,5.3,35.7,2.8,1.4,0.0,220.8,0.0,0.0,0.6,8,273.2,,38,8,7280,2675
2026-09-30T01:04:32+00:00,909.2,1,25.3,99.3,1,51.2,10000,13,575.2,1,231.0,1431,6761,300.4,5.3,35.7,2.8,1.4,0.0,220.8,0.0,0.0,0.6,8,634.4,,38,8,7272,2683
2026-09-30T01:04:35+00:00,912.3,1,25.3,99.2,1,43.9,10000,13,307.9,1,243.4,1327,6865,300.4,5.3,35.7,2.8,1.4,0.0,220.8,0.0,0.0,0.6,8,849.9,,38,8,7264,2691
2026-09-30T01:04:38+00:00,915.4,1,25.3,99.3,1,25.4,10000,13,575.1,1,75.8,1316,6876,300.4,5.3,35.7,2.8,1.4,0.0,220.8,0.0,0.0,0.6,7,509.0,,45,8,7248,2700
2026-09-30T01:04:41+00:00,918.5,1,25.3,99.5,1,51.2,10000,13,648.4,1,223.5,1416,6776,300.4,5.3,35.7,2.8,1.4,0.0,220.8,0.0,0.0,0.6,8,333.2,,38,8,7240,2715
2026-09-30T01:04:44+00:00,921.7,1,25.3,99.5,1,54.6,10000,13,559.2,1,233.3,1420,6772,300.4,5.3,35.7,2.8,1.4,0.0,220.8,0.0,0.0,0.6,8,530.9,,38,8,7232,2723
2026-09-30T01:04:48+00:00,924.8,1,25.2,99.7,1,35.9,10000,13,371.6,1,185.4,1268,6924,300.4,5.3,35.7,2.8,1.4,0.0,220.8,0.0,0.0,0.6,8,789.5,,38,8,7224,2731
2026-09-30T01:04:51+00:00,927.9,1,21.5,99.2,1,51.7,10000,13,463.4,1,67.0,1205,6987,300.4,5.3,35.7,2.8,1.4,0.0,220.8,0.0,0.0,0.6,8,810.5,,46,8,7208,2739
2026-09-30T01:04:54+00:00,931.0,1,25.3,99.2,1,51.5,10000,14,654.4,1,135.2,1484,6708,300.4,5.3,35.7,2.8,1.4,0.0,220.8,0.0,0.0,0.6,7,266.7,,39,7,7200,2755
2026-09-30T01:04:57+00:00,934.2,1,25.3,99.7,1,51.6,10000,13,489.9,1,243.1,1372,6820,300.4,5.3,35.7,2.8,1.4,0.0,220.8,0.0,0.0,0.6,8,635.0,,38,8,7192,2763
2026-09-30T01:05:00+00:00,937.3,1,25.3,99.4,1,55.0,10000,13,288.9,1,212.0,1228,6964,300.4,5.3,35.7,2.8,1.4,0.0,220.8,0.0,0.0,0.6,8,795.3,,38,8,7184,2771
2026-09-30T01:05:03+00:00,940.4,1,25.3,99.2,1,50.5,10000,13,574.8,1,94.4,1387,6805,300.4,5.3,35.7,2.8,1.4,0.0,220.8,0.0,0.0,0.6,7,481.7,,44,6,7168,2783
2026-09-30T01:05:06+00:00,943.5,1,25.3,99.7,1,51.5,10000,13,645.2,1,225.8,1425,6767,300.4,5.3,35.7,2.8,1.4,0.0,220.8,0.0,0.0,0.6,8,468.5,,38,8,7160,2795
2026-09-30T01:05:09+00:00,946.6,1,25.3,99.2,1,52.3,10000,13,306.8,1,211.3,1223,6969,300.4,5.3,35.7,2.8,1.4,0.0,220.8,0.0,0.0,0.6,8,731.1,,38,8,7152,2803
2026-09-30T01:05:13+00:00,949.7,1,25.3,99.6,1,30.0,10000,13,248.5,1,239.0,1254,6938,300.4,5.3,35.7,2.8,1.4,0.0,220.8,0.0,0.0,0.6,8,743.2,,38,8,7144,2811
2026-09-30T01:05:16+00:00,952.8,1,25.3,99.7,1,61.3,10000,13,387.6,1,167.7,1233,6959,300.4,5.3,35.7,2.8,1.4,0.0,220.8,0.0,0.0,0.6,8,801.5,,46,8,7128,2819
2026-09-30T01:05:19+00:00,955.9,1,25.3,99.0,1,51.2,10000,13,647.2,1,113.6,1526,6666,300.5,5.3,35.7,2.8,1.4,0.0,220.8,0.0,0.0,0.6,8,250.5,,38,8,7120,2835
2026-09-30T01:05:22+00:00,959.1,1,25.2,99.7,1,56.1,10000,13,455.3,1,227.4,1331,6861,300.5,5.3,35.7,2.8,1.4,0.0,220.8,0.0,0.0,0.6,8,679.6,,38,8,7112,2843
2026-09-30T01:05:25+00:00,962.2,1,25.3,99.4,1,51.2,10000,13,259.3,1,234.3,1209,6983,300.5,5.3,35.7,2.8,1.4,0.0,220.8,0.0,0.0,0.6,8,758.2,,38,8,7104,2851
2026-09-30T01:05:28+00:00,965.4,1,25.3,99.6,1,51.5,10000,13,329.7,1,157.8,1234,6958,300.5,5.3,35.7,2.8,1.4,0.0,220.8,0.0,0.0,0.6,8,821.5,,46,8,7088,2859
2026-09-30T01:05:31+00:00,968.5,1,25.3,99.5,1,57.7,10000,13,584.7,1,215.6,1467,6725,300.5,5.3,35.7,2.8,1.4,0.0,220.8,0.0,0.0,0.6,8,510.9,,41,8,7080,2872
2026-09-30T01:05:34+00:00,971.6,1,25.3,99.6,1,52.6,10000,13,624.4,1,237.4,1499,6693,300.5,5.3,35.7,2.8,1.4,0.0,220.8,0.0,0.0,0.6,8,534.4,,38,8,7072,2883
2026-09-30T01:05:38+00:00,974.7,1,25.3,99.4,1,55.2,10000,13,352.5,1,262.0,1313,6879,300.5,5.3,35.7,2.8,1.4,0.0,220.8,0.0,0.0,0.6,8,817.0,,38,8,7064,2891
2026-09-30T01:05:41+00:00,977.9,1,25.3,99.6,1,25.6,10000,13,407.4,1,100.2,1250,6942,300.5,5.3,35.7,2.8,1.4,0.0,220.8,0.0,0.0,0.6,8,840.4,,46,8,7048,2899
2026-09-30T01:05:44+00:00,981.0,1,25.3,99.3,1,66.7,10000,13,647.3,1,157.5,1562,6630,300.5,5.3,35.7,2.8,1.4,0.0,220.8,0.0,0.0,0.6,8,288.8,,38,8,7040,2915
2026-09-30T01:05:47+00:00,984.1,1,25.3,99.4,1,51.4,10000,13,648.3,1,239.3,1432,6760,300.5,5.3,35.7,2.8,1.4,0.0,220.8,0.0,0.0,0.6,8,538.6,,38,8,7032,2923
2026-09-30T01:05:50+00:00,987.2,1,25.3,99.5,1,51.0,10000,13,335.6,1,241.0,1294,6898,300.5,5.3,35.7,2.8,1.4,0.0,220.8,0.0,0.0,0.6,8,788.1,,38,8,7024,2931
2026-09-30T01:05:53+00:00,990.3,1,25.3,99.3,1,26.2,10000,13,401.7,1,123.4,1293,6899,300.5,5.3,35.7,2.8,1.4,0.0,220.8,0.0,0.0,0.6,8,864.2,,46,8,7008,2939
2026-09-30T01:05:56+00:00,993.4,1,25.3,99.4,1,51.3,10000,13,645.9,1,100.8,1593,6599,300.5,5.3,35.7,2.9,1.4,0.0,220.8,0.0,0.0,0.6,8,215.5,,38,8,7000,2955
2026-09-30T01:05:59+00:00,996.6,1,25.3,99.5,1,51.2,10000,13,549.1,1,238.7,1353,6839,300.5,5.3,35.7,2.9,1.4,0.0,220.8,0.0,0.0,0.6,8,672.3,,38,8,6992,2963
2026-09-30T01:06:03+00:00,999.8,1,25.3,99.5,1,25.2,10000,13,349.2,1,186.8,1312,6880,300.5,5.3,35.7,2.9,1.5,0.0,220.8,0.0,0.0,0.6,8,895.8,,38,8,6984,2971
2026-09-30T01:06:06+00:00,1002.9,1,25.3,99.4,1,22.4,10000,13,634.2,1,111.0,1598,6594,300.5,5.3,35.7,2.9,1.5,0.0,220.8,0.0,0.0,0.6,7,196.8,,42,5,6968,2986
2026-09-30T01:06:09+00:00,1006.0,1,25.3,99.6,1,55.1,10000,13,589.7,1,232.5,1414,6778,300.6,5.3,35.7,2.9,1.5,0.0,220.8,0.0,0.0,0.6,8,509.7,,38,8,6960,2995
2026-09-30T01:06:12+00:00,1009.2,1,25.3,98.2,1,51.1,10000,13,247.5,1,176.0,1224,6968,300.6,5.3,35.7,2.9,1.5,0.0,220.8,0.0,0.0,0.6,8,682.9,,38,8,6952,3003
2026-09-30T01:06:15+00:00,1012.3,1,25.3,99.6,2,114.4,10000,13,278.2,1,145.4,1226,6966,300.6,5.3,35.7,2.9,1.5,0.0,220.8,0.0,0.0,0.6,8,729.6,,38,8,6944,3011
2026-09-30T01:06:18+00:00,1015.5,1,21.8,99.2,1,22.3,10000,13,483.5,1,77.9,1201,6991,300.6,5.3,35.7,2.9,1.5,0.0,220.8,0.0,0.0,0.6,8,701.8,,46,8,6928,3019
2026-09-30T01:06:21+00:00,1018.6,1,25.3,99.1,1,53.9,10000,13,647.4,1,210.5,1455,6737,300.6,5.3,35.7,2.9,1.5,0.0,220.8,0.0,0.0,0.6,8,374.7,,38,8,6920,3035
2026-09-30T01:06:24+00:00,1021.6,1,25.3,99.4,1,51.4,10000,13,534.0,1,233.6,1378,6814,300.6,5.3,35.7,2.9,1.5,0.0,220.8,0.0,0.0,0.6,8,715.8,,38,8,6912,3043
2026-09-30T01:06:28+00:00,1024.7,1,25.3,99.6,1,48.5,10000,13,340.2,1,196.1,1242,6950,300.6,5.3,35.7,2.9,1.5,0.0,220.8,0.0,0.0,0.6,8,896.9,,38,8,6904,3051
2026-09-30T01:06:31+00:00,1027.8,1,25.3,99.7,1,32.6,10000,13,632.5,1,121.9,1577,6615,300.7,5.3,35.7,2.9,1.6,0.0,220.8,0.0,0.0,0.6,5,172.8,,41,7,6888,3065
2026-09-30T01:06:34+00:00,1031.0,1,25.3,99.7,1,28.8,10000,13,568.8,1,233.0,1394,6798,300.7,5.3,35.7,2.9,1.6,0.0,220.8,0.0,0.0,0.6,8,579.7,,38,8,6880,3075
2026-09-30T01:06:37+00:00,1034.1,1,25.3,99.6,1,22.4,10000,13,398.7,1,233.3,1329,6863,300.7,5.3,35.7,2.9,1.6,0.0,220.8,0.0,0.0,0.6,8,830.9,,38,8,6872,3083
2026-09-30T01:06:40+00:00,1037.2,1,25.0,99.5,1,43.6,10000,13,437.0,1,26.5,1364,6828,300.7,5.3,35.7,2.9,1.6,0.0,220.8,0.0,0.0,0.6,6,618.5,,46,8,6856,3091
2026-09-30T01:06:43+00:00,1040.3,1,25.3,99.4,2,144.5,10000,13,647.7,1,194.7,1526,6666,300.7,5.3,35.7,2.9,1.6,0.0,220.8,0.0,0.0,0.6,8,295.4,,38,8,6848,3107
2026-09-30T01:06:46+00:00,1043.4,1,25.3,99.5,1,77.2,10000,13,574.1,1,234.4,1492,6700,300.7,5.3,35.7,2.9,1.6,0.0,220.8,0.0,0.0,0.6,8,540.5,,38,8,6840,3115
2026-09-30T01:06:49+00:00,1046.4,1,25.3,99.1,1,51.3,10000,13,367.7,1,261.7,1352,6840,300.8,5.3,35.7,2.9,1.6,0.0,220.8,0.0,0.0,0.6,8,822.6,,38,8,6832,3123
2026-09-30T01:06:52+00:00,1049.5,1,21.8,99.3,1,48.9,10000,13,439.0,1,212.1,1299,6893,300.8,5.3,35.7,2.9,1.6,0.0,220.8,0.0,0.0,0.6,8,837.4,,38,8,6824,3131
2026-09-30T01:06:55+00:00,1052.6,1,25.3,99.8,1,51.4,10000,13,640.1,1,162.7,1530,6662,300.8,5.3,35.7,2.9,1.6,0.0,220.8,0.0,0.0,0.6,8,342.1,,38,8,6808,3147
2026-09-30T01:06:59+00:00,1055.7,1,25.3,99.7,1,51.3,10000,13,597.8,1,261.3,1431,6761,300.8,5.3,35.7,2.9,1.6,0.0,220.8,0.0,0.0,0.6,8,652.2,,38,8,6800,3155
2026-09-30T01:07:02+00:00,1058.8,1,25.3,99.5,1,55.0,10000,13,294.5,1,142.5,1315,6877,300.8,5.3,35.7,2.9,1.6,0.0,220.8,0.0,0.0,0.6,8,845.7,,38,8,6792,3163
2026-09-30T01:07:05+00:00,1061.9,1,25.3,99.0,1,51.2,10000,15,641.5,1,102.6,1658,6534,300.8,5.3,35.7,2.9,1.6,0.0,220.8,0.0,0.0,0.6,4,75.0,,46,,6776,3179
2026-09-30T01:07:08+00:00,1065.0,1,25.3,99.8,1,55.3,10000,13,648.2,1,229.6,1502,6690,300.8,5.3,35.7,2.9,1.6,0.0,220.9,0.0,0.0,0.6,8,525.4,,38,8,6768,3187
2026-09-30T01:07:11+00:00,1068.1,1,25.3,98.1,1,74.4,10000,13,353.2,1,250.9,1378,6814,300.8,5.3,35.7,3.0,1.6,0.0,220.9,0.0,0.0,0.6,8,802.6,,38,8,6760,3195
2026-09-30T01:07:14+00:00,1071.2,1,25.3,98.8,1,57.8,10000,13,334.4,1,143.1,1263,6929,300.8,5.3,35.7,3.0,1.6,0.0,220.9,0.0,0.0,0.6,8,863.2,,46,8,6744,3203
2026-09-30T01:07:17+00:00,1074.4,1,25.3,99.6,1,79.1,10000,13,647.3,1,226.9,1642,6550,300.8,5.3,35.7,3.0,1.6,0.0,220.9,0.0,0.0,0.6,8,270.1,,40,6,6736,3219
2026-09-30T01:07:20+00:00,1077.5,1,25.3,99.0,1,51.1,10000,13,644.9,1,247.9,1460,6732,300.8,5.3,35.7,3.0,1.6,0.0,220.9,0.0,0.0,0.6,8,621.6,,38,8,6728,3227
2026-09-30T01:07:23+00:00,1080.6,1,25.3,98.6,1,33.3,10000,13,279.4,1,201.9,1292,6900,300.8,5.3,35.7,3.0,1.6,0.0,220.9,0.0,0.0,0.6,8,838.1,,38,8,6720,3235
2026-09-30T01:07:26+00:00,1083.7,1,21.5,98.1,1,43.0,10000,13,598.3,1,71.1,1493,6699,300.8,5.3,35.7,3.0,1.6,0.0,220.9,0.0,0.0,0.6,3,285.3,,46,8,6704,3243
2026-09-30T01:07:30+00:00,1086.8,1,25.3,99.1,1,51.2,10000,13,807.9,1,222.7,1606,6586,300.8,5.3,35.7,3.0,1.6,0.0,220.9,0.0,0.0,0.6,8,386.0,,40,6,6696,3259
2026-09-30T01:07:33+00:00,1089.8,1,25.3,98.2,1,22.5,10000,13,483.4,1,256.5,1383,6809,300.8,5.3,35.7,3.0,1.6,0.0,220.9,0.0,0.0,0.6,8,753.6,,38,8,6688,3267
2026-09-30T01:07:36+00:00,1092.9,1,25.3,99.1,1,45.7,10000,13,370.4,1,220.4,1262,6930,300.8,5.3,35.7,3.0,1.6,0.0,220.9,0.0,0.0,0.6,8,782.0,,46,8,6672,3275
2026-09-30T01:07:39+00:00,1096.1,1,25.3,99.2,1,55.0,10000,13,645.4,1,170.1,1547,6645,300.8,5.3,35.7,3.0,1.6,0.0,220.9,0.0,0.0,0.6,8,288.6,,38,8,6664,3291
2026-09-30T01:07:42+00:00,1099.2,1,25.3,99.6,1,23.1,10000,13,479.4,1,233.4,1373,6819,300.9,5.3,35.7,3.0,1.6,0.0,220.9,0.0,0.0,0.6,8,611.3,,38,8,6656,3299
2026-09-30T01:07:45+00:00,1102.3,1,25.3,99.6,1,78.9,10000,13,246.8,1,168.7,1318,6874,300.9,5.3,35.7,3.0,1.6,0.0,220.9,0.0,0.0,0.6,8,590.6,,38,8,6648,3307
2026-09-30T01:07:48+00:00,1105.5,1,25.3,99.7,1,62.3,10000,13,335.0,1,235.1,1293,6899,300.9,5.3,35.7,3.0,1.6,0.0,220.9,0.0,0.0,0.6,8,857.0,,38,8,6640,3315
2026-09-30T01:07:51+00:00,1108.6,1,25.3,99.6,1,51.1,10000,13,587.9,1,104.0,1436,6756,301.0,5.3,35.7,3.1,1.6,0.0,220.9,0.0,0.0,0.6,7,527.9,,43,8,6624,3326
2026-09-30T01:07:54+00:00,1111.7,1,25.3,99.6,1,63.1,10000,13,640.0,1,244.9,1472,6720,301.0,5.3,35.7,3.1,1.7,0.0,220.9,0.0,0.0,0.6,8,532.8,,38,8,6616,3339
2026-09-30T01:07:58+00:00,1114.8,1,25.3,99.6,1,51.2,10000,13,514.1,1,176.9,1321,6871,301.0,5.3,35.7,3.1,1.7,0.0,220.9,0.0,0.0,0.6,8,757.5,,38,8,6608,3347
2026-09-30T01:08:01+00:00,1117.9,1,25.3,99.5,1,51.3,10000,13,526.3,1,125.6,1393,6799,301.0,5.3,35.7,3.1,1.7,0.0,220.9,0.0,0.0,0.6,8,664.1,,43,8,6592,3358
2026-09-30T01:08:04+00:00,1121.1,1,25.3,99.5,1,54.3,10000,13,638.9,1,226.8,1514,6678,301.0,5.3,35.7,3.1,1.7,0.0,220.9,0.0,0.0,0.6,8,379.9,,39,7,6584,3371
2026-09-30T01:08:07+00:00,1124.2,1,25.3,99.6,1,22.5,10000,13,432.3,1,249.2,1361,6831,301.0,5.3,35.7,3.1,1.7,0.0,220.9,0.0,0.0,0.6,8,735.4,,38,8,6576,3379
2026-09-30T01:08:10+00:00,1127.3,1,25.3,99.5,1,36.4,10000,13,395.7,1,129.6,1291,6901,301.0,5.3,35.7,3.1,1.7,0.0,220.9,0.0,0.0,0.6,8,908.1,,46,8,6560,3387
2026-09-30T01:08:13+00:00,1130.4,1,25.3,99.5,1,51.2,10000,13,620.9,1,99.3,1542,6650,301.0,5.3,35.7,3.1,1.7,0.0,220.9,0.0,0.0,0.6,8,476.1,,42,7,6552,3400
2026-09-30T01:08:16+00:00,1133.5,1,25.3,99.8,1,73.5,10000,13,644.7,1,227.4,1486,6706,301.0,5.3,35.7,3.1,1.7,0.0,220.9,0.0,0.0,0.6,8,514.4,,38,8,6544,3411
2026-09-30T01:08:19+00:00,1136.6,1,25.3,98.5,1,68.9,10000,13,721.4,1,252.7,1493,6699,301.0,5.3,35.7,3.1,1.7,0.0,220.9,0.0,0.0,0.6,8,581.7,,38,8,6536,3419
2026-09-30T01:08:23+00:00,1139.7,1,25.3,99.5,1,52.6,10000,13,362.1,1,199.3,1365,6827,301.1,5.3,35.7,3.2,1.7,0.0,220.9,0.0,0.0,0.6,8,842.3,,46,8,6520,3427
2026-09-30T01:08:26+00:00,1142.8,1,25.3,99.1,1,61.5,10000,13,545.4,1,177.6,1478,6714,301.2,5.3,35.7,3.2,1.7,0.0,220.9,0.0,0.0,0.6,7,660.5,,44,8,6512,3437
2026-09-30T01:08:29+00:00,1145.9,1,25.3,99.3,1,51.6,10000,13,645.5,1,246.3,1489,6703,301.2,5.3,35.7,3.2,1.7,0.0,220.9,0.0,0.0,0.6,8,515.5,,38,8,6504,3451
2026-09-30T01:08:32+00:00,1149.0,1,25.3,99.4,1,55.1,10000,13,577.3,1,256.0,1436,6756,301.2,5.3,35.7,3.2,1.7,0.0,220.9,0.0,0.0,0.6,8,751.7,,38,8,6496,3459
2026-09-30T01:08:35+00:00,1152.1,1,25.3,99.6,1,51.2,10000,13,377.2,1,115.2,1359,6833,301.2,5.3,35.7,3.2,1.7,0.0,220.9,0.0,0.0,0.6,8,916.2,,46,8,6480,3467
2026-09-30T01:08:38+00:00,1155.3,1,25.3,99.7,1,51.5,10000,13,644.3,1,165.4,1563,6629,301.2,5.3,35.7,3.2,1.7,0.0,220.9,0.0,0.0,0.6,8,312.1,,38,8,6472,3483
2026-09-30T01:08:41+00:00,1158.3,1,25.3,99.6,1,77.0,10000,13,522.0,1,232.8,1509,6683,301.2,5.3,35.7,3.2,1.7,0.0,220.9,0.0,0.0,0.6,8,577.1,,38,8,6464,3491
2026-09-30T01:08:44+00:00,1161.4,1,25.3,99.5,1,51.2,10000,13,394.9,1,257.0,1358,6834,301.2,5.3,35.7,3.2,1.7,0.0,220.9,0.0,0.0,0.6,8,816.7,,38,8,6456,3499
2026-09-30T01:08:47+00:00,1164.6,1,25.3,99.4,1,64.1,10000,13,464.4,1,163.3,1324,6868,301.2,5.3,35.7,3.2,1.7,0.0,220.9,0.0,0.0,0.6,8,802.1,,46,8,6440,3507
2026-09-30T01:08:50+00:00,1167.7,1,25.3,99.7,1,48.4,10000,13,648.5,1,166.2,1590,6602,301.2,5.3,35.7,3.2,1.7,0.0,220.9,0.0,0.0,0.6,8,329.7,,38,8,6432,3523
2026-09-30T01:08:54+00:00,1170.8,1,25.3,99.5,1,51.2,10000,13,508.1,1,243.8,1410,6782,301.2,5.3,35.7,3.2,1.7,0.0,220.9,0.0,0.0,0.6,8,670.7,,38,8,6424,3531
2026-09-30T01:08:57+00:00,1174.0,1,25.3,99.6,1,22.6,10000,13,293.0,1,167.3,1291,6901,301.2,5.3,35.7,3.2,1.7,0.0,220.9,0.0,0.0,0.6,8,841.6,,38,8,6416,3539
2026-09-30T01:09:00+00:00,1177.1,1,25.3,99.0,1,22.3,10000,13,500.4,1,59.1,1230,6962,301.2,5.3,35.7,3.2,1.7,0.0,220.9,0.0,0.0,0.6,8,614.0,,46,8,6400,3547
2026-09-30T01:09:03+00:00,1180.2,1,25.3,99.5,1,27.7,10000,13,645.5,1,119.5,1497,6695,301.2,5.3,35.7,3.3,1.7,0.0,220.9,0.0,0.0,0.6,8,303.2,,38,8,6392,3563
2026-09-30T01:09:06+00:00,1183.3,1,25.3,99.5,1,51.0,10000,13,541.4,1,243.0,1381,6811,301.2,5.3,35.7,3.3,1.7,0.0,220.9,0.0,0.0,0.6,8,644.4,,38,8,6384,3571
2026-09-30T01:09:09+00:00,1186.4,1,25.3,99.6,1,22.5,10000,13,348.5,1,212.2,1261,6931,301.2,5.3,35.7,3.3,1.7,0.0,220.9,0.0,0.0,0.6,8,849.9,,46,8,6368,3579
2026-09-30T01:09:12+00:00,1189.6,1,21.5,99.3,1,22.3,10000,13,543.3,1,26.5,1264,6928,301.3,5.3,35.7,3.3,1.7,0.0,220.9,0.0,0.0,0.6,7,628.2,,46,8,6360,3587
2026-09-30T01:09:15+00:00,1192.7,1,25.3,99.1,1,51.2,10000,13,647.0,1,160.6,1459,6733,301.3,5.3,35.7,3.3,1.7,0.0,220.9,0.0,0.0,0.6,8,351.4,,38,8,6352,3603
2026-09-30T01:09:19+00:00,1195.8,1,25.3,99.5,1,42.9,10000,13,483.5,1,231.1,1369,6823,301.3,5.3,35.7,3.3,1.7,0.0,220.9,0.0,0.0,0.6,8,596.5,,38,8,6344,3611
2026-09-30T01:09:22+00:00,1198.9,1,25.3,99.6,1,49.3,10000,13,345.0,1,241.5,1290,6902,301.3,5.3,35.7,3.3,1.7,0.0,220.9,0.0,0.0,0.6,8,794.4,,38,8,6336,3619
2026-09-30T01:09:25+00:00,1202.0,1,25.3,99.2,1,25.5,10000,13,332.2,1,173.1,1282,6910,301.3,5.3,35.7,3.3,1.7,0.0,220.9,0.0,0.0,0.6,8,891.4,,46,8,6320,3627
2026-09-30T01:09:28+00:00,1205.2,1,25.3,99.7,1,49.5,10000,13,645.6,1,151.9,1548,6644,301.3,5.3,35.7,3.3,1.7,0.0,220.9,0.0,0.0,0.6,8,310.1,,38,8,6312,3643
2026-09-30T01:09:31+00:00,1208.3,1,25.3,99.6,1,51.2,10000,13,600.0,1,238.5,1466,6726,301.4,5.3,35.7,3.3,1.8,0.0,220.9,0.0,0.0,0.6,8,616.5,,38,8,6304,3651
2026-09-30T01:09:34+00:00,1211.4,1,25.3,99.1,1,46.4,10000,13,309.8,1,238.4,1317,6875,301.4,5.3,35.7,3.3,1.8,0.0,220.9,0.0,0.0,0.6,8,846.7,,46,8,6288,3659
2026-09-30T01:09:37+00:00,1214.4,1,25.3,99.4,1,38.2,10000,13,584.0,1,118.8,1428,6764,301.4,5.3,35.7,3.3,1.8,0.0,220.9,0.0,0.0,0.6,8,504.3,,46,4,6280,3671
2026-09-30T01:09:40+00:00,1217.5,1,25.3,99.6,1,54.9,10000,13,645.8,1,222.4,1523,6669,301.4,5.3,35.7,3.3,1.8,0.0,220.9,0.0,0.0,0.6,8,429.4,,38,8,6272,3683
2026-09-30T01:09:43+00:00,1220.6,1,25.3,99.3,1,74.5,10000,13,579.6,1,254.9,1435,6757,301.4,5.3,35.7,3.3,1.8,0.0,220.9,0.0,0.0,0.6,8,691.2,,38,8,6264,3691
2026-09-30T01:09:47+00:00,1223.8,1,25.3,99.6,1,47.6,10000,13,289.2,1,150.6,1325,6867,301.4,5.3,35.7,3.3,1.8,0.0,220.9,0.0,0.0,0.6,8,790.1,,46,8,6248,3699
2026-09-30T01:09:50+00:00,1226.9,1,25.3,98.7,2,93.0,10000,14,605.8,1,93.6,1428,6764,301.5,5.3,35.7,3.3,1.8,0.0,220.9,0.0,0.0,0.6,7,430.5,,46,4,6240,3711
2026-09-30T01:09:53+00:00,1230.0,1,25.3,99.3,1,51.0,10000,13,647.0,1,191.5,1535,6657,301.5,5.3,35.7,3.4,1.8,0.0,220.9,0.0,0.0,0.6,8,310.6,,38,8,6232,3723
2026-09-30T01:09:56+00:00,1233.1,1,25.3,99.6,1,57.5,10000,13,646.4,1,231.4,1487,6705,301.5,5.3,35.7,3.4,1.8,0.0,220.9,0.0,0.0,0.6,8,575.7,,38,8,6224,3731
2026-09-30T01:09:59+00:00,1236.2,1,25.3,98.5,1,35.4,10000,13,462.4,1,246.2,1394,6798,301.5,5.3,35.7,3.4,1.8,0.0,220.9,0.0,0.0,0.6,8,774.1,,38,8,6216,3739
2026-09-30T01:10:02+00:00,1239.3,1,25.3,99.1,1,51.1,10000,13,338.5,1,169.9,1285,6907,301.5,5.3,35.7,3.4,1.8,0.0,220.9,0.0,0.0,0.6,8,929.7,,38,8,6208,3747
2026-09-30T01:10:05+00:00,1242.4,1,25.3,99.0,1,54.0,10000,13,649.4,1,211.9,1604,6588,301.6,5.3,35.7,3.4,1.8,0.0,220.9,0.0,0.0,0.6,8,273.9,,38,8,6192,3763
2026-09-30T01:10:08+00:00,1245.5,1,25.3,99.1,1,51.5,10000,13,463.2,1,228.4,1419,6773,301.6,5.3,35.7,3.4,1.8,0.0,220.9,0.0,0.0,0.6,8,596.3,,38,8,6184,3771
2026-09-30T01:10:12+00:00,1248.7,1,25.3,99.4,1,54.8,10000,13,291.4,1,227.5,1287,6905,301.6,5.3,35.7,3.4,1.8,0.0,220.9,0.0,0.0,0.6,8,796.8,,38,8,6176,3779
2026-09-30T01:10:15+00:00,1251.8,1,25.3,99.3,1,39.1,10000,13,323.2,1,150.6,1287,6905,301.6,5.3,35.7,3.4,1.8,0.0,220.9,0.0,0.0,0.6,8,885.3,,46,8,6160,3787
2026-09-30T01:10:18+00:00,1254.9,1,25.3,99.5,1,54.9,10000,16,648.4,1,140.2,1611,6581,301.6,5.3,35.7,3.4,1.8,0.0,220.9,0.0,0.0,0.6,5,175.3,,41,5,6152,3803
2026-09-30T01:10:21+00:00,1258.0,1,25.3,99.5,1,51.4,10000,13,636.3,1,234.5,1452,6740,301.6,5.3,35.7,3.4,1.8,0.0,220.9,0.0,0.0,0.6,8,528.4,,38,8,6144,3811
2026-09-30T01:10:24+00:00,1261.1,1,25.3,99.6,1,40.5,10000,13,427.3,1,249.9,1354,6838,301.6,5.3,35.7,3.4,1.9,0.0,220.9,0.0,0.0,0.6,8,763.2,,38,8,6136,3819
2026-09-30T01:10:27+00:00,1264.2,1,25.3,99.5,1,38.7,10000,13,341.6,1,172.3,1306,6886,301.6,5.3,35.7,3.5,1.9,0.0,220.9,0.0,0.0,0.6,8,896.5,,38,8,6128,3827
2026-09-30T01:10:30+00:00,1267.3,1,25.3,99.3,1,22.4,10000,15,634.6,1,71.4,1527,6665,301.6,5.3,35.7,3.5,1.9,0.0,220.9,0.0,0.0,0.6,6,198.5,,46,3,6112,3840
2026-09-30T01:10:33+00:00,1270.4,1,25.3,99.5,1,60.9,10000,13,649.7,1,229.0,1462,6730,301.6,5.3,35.7,3.5,1.9,0.0,220.9,0.0,0.0,0.6,8,457.1,,38,8,6104,3851
2026-09-30T01:10:36+00:00,1273.5,1,25.3,99.6,1,42.0,10000,13,405.1,1,256.6,1369,6823,301.6,5.3,35.7,3.5,1.9,0.0,220.9,0.0,0.0,0.6,8,749.2,,38,8,6096,3859
2026-09-30T01:10:39+00:00,1276.7,1,25.3,99.4,1,22.8,10000,13,313.6,1,127.4,1249,6943,301.6,5.3,35.7,3.5,1.9,0.0,220.9,0.0,0.0,0.6,8,872.1,,46,8,6080,3867
2026-09-30T01:10:43+00:00,1279.8,1,25.3,99.6,1,51.3,10000,13,641.3,1,99.3,1593,6599,301.6,5.3,35.7,3.5,1.9,0.0,220.9,0.0,0.0,0.6,4,112.7,,44,5,6072,3880
2026-09-30T01:10:46+00:00,1283.0,1,25.3,99.6,1,51.2,10000,13,638.1,1,232.3,1447,6745,301.6,5.3,35.7,3.5,1.9,0.0,220.9,0.0,0.0,0.6,8,513.2,,38,8,6064,3891
2026-09-30T01:10:49+00:00,1286.1,1,25.3,99.0,1,43.4,10000,13,411.8,1,249.2,1358,6834,301.6,5.3,35.7,3.5,1.9,0.0,220.9,0.0,0.0,0.6,8,805.0,,38,8,6056,3899
2026-09-30T01:10:52+00:00,1289.2,1,25.3,99.8,2,111.5,10000,13,331.5,1,138.8,1332,6860,301.6,5.3,35.7,3.5,1.9,0.0,220.9,0.0,0.0,0.6,8,777.1,,46,8,6040,3907
2026-09-30T01:10:55+00:00,1292.2,1,21.5,99.1,1,35.3,10000,14,620.8,1,71.5,1625,6567,301.6,5.3,35.7,3.5,1.9,0.0,220.9,0.0,0.0,0.6,3,139.0,,46,4,6032,3919
2026-09-30T01:10:58+00:00,1295.3,1,25.3,99.5,1,51.2,10000,13,646.6,1,211.2,1532,6660,301.7,5.3,35.7,3.5,1.9,0.0,220.9,0.0,0.0,0.6,8,407.6,,38,8,6024,3931
2026-09-30T01:11:01+00:00,1298.4,1,25.3,99.7,1,22.7,10000,13,566.3,1,240.1,1424,6768,301.7,5.3,35.7,3.5,1.9,0.0,220.9,0.0,0.0,0.6,8,739.6,,38,8,6016,3939
2026-09-30T01:11:04+00:00,1301.5,1,25.3,99.1,1,54.8,10000,13,319.9,1,244.8,1333,6859,301.7,5.3,35.7,3.5,1.9,0.0,220.9,0.0,0.0,0.6,8,882.6,,46,8,6000,3947
2026-09-30T01:11:07+00:00,1304.6,1,25.3,99.5,1,51.0,10000,13,576.8,1,203.0,1456,6736,301.7,5.3,35.7,3.5,1.9,0.0,220.9,0.0,0.0,0.6,7,588.6,,43,8,5992,3958
2026-09-30T01:11:10+00:00,1307.7,1,25.3,99.7,1,51.8,10000,13,642.4,1,226.1,1474,6718,301.7,5.3,35.7,3.5,1.9,0.0,220.9,0.0,0.0,0.6,8,485.7,,38,8,5984,3971
2026-09-30T01:11:14+00:00,1310.8,1,25.3,99.2,1,51.8,10000,13,587.5,1,234.3,1452,6740,301.7,5.3,35.7,3.5,1.9,0.0,220.9,0.0,0.0,0.6,8,551.8,,38,8,5976,3979
2026-09-30T01:11:17+00:00,1313.9,1,25.2,99.2,1,40.8,10000,13,381.2,1,223.8,1338,6854,301.7,5.3,35.7,3.5,1.9,0.0,220.9,0.0,0.0,0.6,8,433.9,,39,8,5968,3986
2026-09-30T01:11:20+00:00,1317.0,1,25.2,99.3,1,51.1,10000,13,518.9,1,180.5,1508,6684,301.7,5.3,35.7,3.5,1.9,0.0,220.9,0.0,0.0,0.6,8,381.1,,39,8,5960,3994
2026-09-30T01:11:23+00:00,1320.2,1,25.3,99.0,1,78.1,10000,13,649.5,1,233.4,1495,6697,301.7,5.3,35.7,3.6,1.9,0.0,220.9,0.0,0.0,0.6,8,501.9,,38,8,5952,4003
2026-09-30T01:11:26+00:00,1323.3,1,25.3,99.5,1,35.6,10000,13,596.1,1,243.8,1487,6705,301.8,5.3,35.7,3.6,1.9,0.0,220.9,0.0,0.0,0.6,8,613.8,,38,8,5944,4011
2026-09-30T01:11:29+00:00,1326.4,1,25.3,99.5,1,54.1,10000,13,558.5,1,263.0,1427,6765,301.8,5.3,35.7,3.6,1.9,0.0,220.9,0.0,0.0,0.6,8,812.3,,38,8,5936,4019
2026-09-30T01:11:32+00:00,1329.4,1,25.3,99.3,1,54.8,10000,13,353.0,1,183.3,1328,6864,301.8,5.3,35.7,3.6,1.9,0.0,220.9,0.0,0.0,0.6,8,913.9,,38,8,5928,4027
2026-09-30T01:11:35+00:00,1332.5,1,25.2,98.2,1,51.3,10000,13,740.6,1,67.0,1374,6818,301.8,5.3,35.7,3.6,1.9,0.0,220.9,0.0,0.0,0.6,7,300.2,,46,4,5912,4039
2026-09-30T01:11:38+00:00,1335.6,1,25.3,98.7,1,55.6,10000,13,648.0,1,214.1,1555,6637,301.8,5.3,35.7,3.6,1.9,0.0,220.9,0.0,0.0,0.6,8,334.3,,38,8,5904,4051
2026-09-30T01:11:42+00:00,1338.7,1,25.3,98.9,1,54.8,10000,13,576.5,1,240.1,1513,6679,301.8,5.3,35.7,3.6,1.9,0.0,220.9,0.0,0.0,0.6,8,662.4,,38,8,5896,4059
2026-09-30T01:11:45+00:00,1341.9,1,25.2,99.0,1,51.3,10000,13,410.1,1,262.0,1353,6839,301.8,5.3,35.7,3.6,1.9,0.0,220.9,0.0,0.0,0.6,8,841.6,,38,8,5888,4067
2026-09-30T01:11:48+00:00,1344.9,1,25.2,99.4,1,51.8,10000,13,379.0,1,163.4,1266,6926,301.8,5.3,35.7,3.6,1.9,0.0,220.9,0.0,0.0,0.6,8,743.9,,46,8,5872,4075
2026-09-30T01:11:51+00:00,1348.1,1,25.3,99.2,2,96.3,10000,13,640.0,1,94.0,1540,6652,301.9,5.3,35.7,3.6,1.9,0.0,220.9,0.0,0.0,0.6,7,170.2,,40,6,5864,4091
2026-09-30T01:11:54+00:00,1351.2,1,25.3,99.0,2,139.6,10000,13,645.3,1,211.3,1481,6711,301.9,5.3,35.7,3.6,1.9,0.0,220.9,0.0,0.0,0.6,8,370.3,,38,8,5856,4099
2026-09-30T01:11:57+00:00,1354.3,1,25.3,98.9,1,51.2,10000,13,548.9,1,224.0,1403,6789,301.9,5.3,35.7,3.7,1.9,0.0,220.9,0.0,0.0,0.6,8,672.2,,38,8,5848,4107
2026-09-30T01:12:00+00:00,1357.4,1,25.3,99.1,1,25.3,10000,13,319.7,1,263.0,1329,6863,301.9,5.3,35.7,3.7,1.9,0.0,220.9,0.0,0.0,0.6,8,835.2,,38,8,5840,4115
2026-09-30T01:12:03+00:00,1360.5,1,25.3,98.8,1,28.6,10000,13,400.3,1,89.6,1257,6935,301.9,5.3,35.7,3.7,1.9,0.0,220.9,0.0,0.0,0.6,8,782.1,,46,8,5824,4123
2026-09-30T01:12:06+00:00,1363.6,1,25.3,98.9,1,51.3,10000,13,645.2,1,209.0,1574,6618,301.9,5.3,35.7,3.7,1.9,0.0,220.9,0.0,0.0,0.6,8,302.3,,38,8,5816,4139
2026-09-30T01:12:10+00:00,1366.8,1,25.3,99.0,1,58.4,10000,13,618.9,1,227.1,1482,6710,301.9,5.3,35.7,3.7,1.9,0.0,220.9,0.0,0.0,0.6,8,502.4,,38,8,5808,4147
2026-09-30T01:12:13+00:00,1369.9,1,25.3,98.3,1,51.2,10000,13,362.2,1,249.9,1364,6828,301.9,5.3,35.7,3.7,1.9,0.0,220.9,0.0,0.0,0.6,8,762.2,,38,8,5800,4155
2026-09-30T01:12:16+00:00,1373.0,1,25.2,98.5,1,29.8,10000,13,333.6,1,245.5,1289,6903,301.9,5.3,35.7,3.7,1.9,0.0,220.9,0.0,0.0,0.6,8,863.0,,38,8,5792,4163
2026-09-30T01:12:19+00:00,1376.1,1,25.2,98.7,1,54.6,10000,13,577.7,1,82.0,1382,6810,301.9,5.3,35.7,3.7,1.9,0.0,220.9,0.0,0.0,0.6,7,536.0,,46,5,5776,4174
2026-09-30T01:12:22+00:00,1379.1,1,25.3,98.3,2,134.0,10000,13,646.6,1,191.2,1542,6650,301.9,5.3,35.7,3.7,1.9,0.0,220.9,0.0,0.0,0.6,8,308.5,,38,8,5768,4187
2026-09-30T01:12:25+00:00,1382.2,1,25.3,99.4,1,78.4,10000,13,616.4,1,230.0,1530,6662,301.9,5.3,35.7,3.7,1.9,0.0,220.9,0.0,0.0,0.6,8,506.8,,38,8,5760,4195
2026-09-30T01:12:28+00:00,1385.4,1,25.3,99.3,1,22.5,10000,13,466.7,1,253.4,1384,6808,301.9,5.3,35.7,3.7,1.9,0.0,220.9,0.0,0.0,0.6,8,776.9,,38,8,5752,4203
2026-09-30T01:12:31+00:00,1388.5,1,25.3,99.1,1,25.9,10000,13,329.0,1,166.3,1345,6847,301.9,5.3,35.7,3.7,1.9,0.0,220.9,0.0,0.0,0.6,8,878.2,,38,8,5744,4211
2026-09-30T01:12:34+00:00,1391.6,1,25.3,99.0,1,51.2,10000,13,598.7,1,127.1,1421,6771,301.9,5.3,35.7,3.7,1.9,0.0,220.9,0.0,0.0,0.6,8,595.5,,44,7,5728,4222
2026-09-30T01:12:37+00:00,1394.7,1,25.3,99.4,1,54.2,10000,13,645.2,1,156.2,1561,6631,301.9,5.3,35.7,3.7,1.9,0.0,220.9,0.0,0.0,0.6,8,349.5,,38,8,5720,4235
2026-09-30T01:12:41+00:00,1397.7,1,25.3,99.3,1,41.5,10000,13,552.4,1,238.8,1462,6730,301.9,5.3,35.7,3.7,1.9,0.0,220.9,0.0,0.0,0.6,8,652.8,,38,8,5712,4243
2026-09-30T01:12:44+00:00,1400.8,1,25.3,99.4,1,51.2,10000,13,296.0,1,234.7,1209,6983,301.9,5.3,35.7,3.7,1.9,0.0,220.9,0.0,0.0,0.6,8,634.8,,38,8,5704,4251
2026-09-30T01:12:47+00:00,1403.9,1,25.2,99.4,1,55.0,10000,13,353.0,1,238.7,1362,6830,301.9,5.3,35.7,3.7,1.9,0.0,220.9,0.0,0.0,0.6,8,772.4,,38,8,5696,4259
2026-09-30T01:12:50+00:00,1407.0,1,25.2,98.7,1,51.0,10000,13,246.6,1,236.0,1212,6980,301.9,5.3,35.7,3.7,1.9,0.0,220.9,0.0,0.0,0.6,8,729.4,,38,8,5688,4267
2026-09-30T01:12:53+00:00,1410.1,1,21.5,98.7,2,78.5,10000,13,316.6,1,78.0,1258,6934,301.9,5.3,35.7,3.7,1.9,0.0,220.9,0.0,0.0,0.6,8,731.3,,46,8,5672,4275
2026-09-30T01:12:56+00:00,1413.3,1,25.3,98.1,2,138.7,10000,13,592.5,1,66.5,1417,6775,301.9,5.3,35.7,3.7,1.9,0.0,220.9,0.0,0.0,0.6,6,408.3,,46,5,5664,4286
2026-09-30T01:12:59+00:00,1416.3,1,25.3,99.4,1,51.1,10000,13,645.4,1,236.8,1589,6603,302.0,5.3,35.7,3.7,1.9,0.0,220.9,0.0,0.0,0.6,8,325.0,,38,8,5656,4299
2026-09-30T01:13:02+00:00,1419.4,1,25.3,99.5,1,56.8,10000,13,636.3,1,243.3,1458,6734,302.0,5.3,35.7,3.7,1.9,0.0,220.9,0.0,0.0,0.6,8,618.2,,38,8,5648,4307
2026-09-30T01:13:05+00:00,1422.5,1,25.3,99.2,1,51.3,10000,13,367.0,1,260.8,1371,6821,302.0,5.3,35.7,3.8,1.9,0.0,220.9,0.0,0.0,0.6,8,821.9,,38,8,5640,4315
2026-09-30T01:13:08+00:00,1425.6,1,25.3,99.3,1,51.7,10000,13,477.1,1,77.7,1234,6958,302.0,5.3,35.7,3.8,1.9,0.0,220.9,0.0,0.0,0.6,8,741.1,,46,8,5624,4323
2026-09-30T01:13:11+00:00,1428.7,1,25.3,99.4,1,54.5,10000,13,565.4,1,190.3,1374,6818,302.0,5.3,35.7,3.8,1.9,0.0,220.9,0.0,0.0,0.6,9,445.5,,41,8,5616,4336
2026-09-30T01:13:15+00:00,1431.8,1,25.3,99.6,1,51.1,10000,13,636.2,1,208.8,1510,6682,302.1,5.3,35.7,3.8,1.9,0.0,220.9,0.0,0.0,0.6,8,348.2,,38,8,5608,4347
2026-09-30T01:13:18+00:00,1434.9,1,21.5,99.0,1,51.1,10000,13,509.7,1,236.7,1374,6818,302.1,5.3,35.7,3.8,1.9,0.0,220.9,0.0,0.0,0.6,8,573.5,,38,8,5600,4355
2026-09-30T01:13:21+00:00,1438.0,1,25.2,98.7,1,51.3,10000,13,314.5,1,239.5,1302,6890,302.1,5.3,35.7,3.8,1.9,0.0,220.9,0.0,0.0,0.6,8,787.5,,38,8,5592,4363
2026-09-30T01:13:24+00:00,1441.1,1,25.2,98.4,1,48.3,10000,13,355.5,1,113.6,1227,6965,302.1,5.3,35.7,3.8,1.9,0.0,220.9,0.0,0.0,0.6,8,917.1,,46,8,5576,4371
2026-09-30T01:13:27+00:00,1444.2,1,25.3,98.0,2,133.0,10000,15,629.2,1,70.6,1473,6719,302.1,5.3,35.7,3.8,1.9,0.0,220.9,0.0,0.0,0.6,5,288.8,,45,4,5568,4384
2026-09-30T01:13:30+00:00,1447.3,1,25.3,99.0,1,51.6,10000,13,646.2,1,213.2,1476,6716,302.1,5.3,35.7,3.8,1.9,0.0,220.9,0.0,0.0,0.6,8,401.4,,38,8,5560,4395
2026-09-30T01:13:33+00:00,1450.5,1,25.3,99.0,1,56.9,10000,13,568.2,1,230.4,1390,6802,302.1,5.3,35.7,3.8,1.9,0.0,220.9,0.0,0.0,0.6,8,590.6,,38,8,5552,4403
2026-09-30T01:13:36+00:00,1453.5,1,25.3,98.9,1,51.5,10000,13,303.4,1,249.5,1286,6906,302.1,5.3,35.7,3.8,1.9,0.0,220.9,0.0,0.0,0.6,8,798.6,,38,8,5544,4411
2026-09-30T01:13:39+00:00,1456.6,1,25.3,98.7,1,51.9,10000,13,386.7,1,100.6,1234,6958,302.1,5.3,35.7,3.8,1.9,0.0,220.9,0.0,0.0,0.6,8,812.5,,46,8,5528,4419
2026-09-30T01:13:43+00:00,1459.7,1,25.3,99.4,1,48.8,10000,13,595.8,1,103.4,1440,6752,302.1,5.3,35.7,3.8,1.9,0.0,220.9,0.0,0.0,0.6,5,339.4,,44,8,5520,4429
2026-09-30T01:13:46+00:00,1462.8,1,25.3,99.8,1,58.4,10000,13,631.5,1,233.7,1448,6744,302.1,5.3,35.7,3.8,1.9,0.0,220.9,0.0,0.0,0.6,8,433.4,,38,8,5512,4443
2026-09-30T01:13:49+00:00,1465.9,1,25.3,99.5,1,54.5,10000,13,606.4,1,238.3,1448,6744,302.1,5.3,35.7,3.8,1.9,0.0,220.9,0.0,0.0,0.6,8,447.7,,38,8,5504,4451
2026-09-30T01:13:52+00:00,1469.0,1,25.3,99.6,1,22.5,10000,13,459.5,1,253.3,1365,6827,302.1,5.3,35.7,3.8,1.9,0.0,220.9,0.0,0.0,0.6,8,708.9,,38,8,5496,4459
2026-09-30T01:13:55+00:00,1472.0,1,25.2,98.6,1,54.8,10000,13,363.7,1,263.4,1362,6830,302.1,5.3,35.7,3.8,1.9,0.0,220.9,0.0,0.0,0.6,8,844.7,,38,8,5488,4467
2026-09-30T01:13:58+00:00,1475.1,1,25.2,99.3,2,89.2,10000,13,491.3,1,132.9,1262,6930,302.1,5.3,35.7,3.8,1.9,0.0,220.9,0.0,0.0,0.6,8,678.9,,46,8,5472,4475
2026-09-30T01:14:01+00:00,1478.3,1,25.3,98.3,1,51.8,10000,14,662.8,1,121.7,1641,6551,302.1,5.3,35.7,3.9,1.9,0.0,220.9,0.0,0.0,0.6,7,192.1,,40,6,5464,4491
2026-09-30T01:14:04+00:00,1481.4,1,25.3,99.2,1,54.7,10000,13,645.1,1,230.2,1515,6677,302.1,5.3,35.7,3.9,1.9,0.0,220.9,0.0,0.0,0.6,8,551.8,,38,8,5456,4499
2026-09-30T01:14:07+00:00,1484.5,1,25.3,98.9,1,52.1,10000,13,406.8,1,260.9,1378,6814,302.1,5.3,35.7,3.9,2.0,0.0,220.9,0.0,0.0,0.6,8,822.3,,38,8,5448,4507
2026-09-30T01:14:10+00:00,1487.6,1,25.3,98.7,1,51.3,10000,13,332.0,1,111.6,1296,6896,302.1,5.3,35.7,3.9,2.0,0.0,220.9,0.0,0.0,0.6,8,851.2,,46,8,5432,4515
2026-09-30T01:14:13+00:00,1490.7,1,25.3,99.0,1,52.3,10000,13,544.6,1,69.1,1248,6944,302.1,5.3,35.7,3.9,2.0,0.0,220.9,0.0,0.0,0.6,7,565.2,,46,8,5424,4523
2026-09-30T01:14:17+00:00,1493.8,1,25.3,98.6,1,59.5,10000,13,650.6,1,102.6,1520,6672,302.1,5.3,35.7,3.9,2.0,0.0,220.9,0.0,0.0,0.6,8,295.3,,38,8,5416,4539
2026-09-30T01:14:20+00:00,1497.0,1,25.3,99.3,1,75.4,10000,13,597.1,1,237.0,1441,6751,302.1,5.3,35.7,3.9,2.0,0.0,220.9,0.0,0.0,0.6,8,637.0,,38,8,5408,4547
2026-09-30T01:14:23+00:00,1500.1,1,25.2,98.7,1,52.8,10000,13,444.0,1,264.6,1330,6862,302.1,5.3,35.7,3.9,2.0,0.0,220.9,0.0,0.0,0.6,8,812.5,,38,8,5400,4555
2026-09-30T01:14:26+00:00,1503.3,1,21.5,99.5,1,53.0,10000,13,320.8,1,117.6,1273,6919,302.1,5.3,35.7,3.9,2.0,0.0,220.9,0.0,0.0,0.6,8,686.6,,38,8,5392,4563
2026-09-30T01:14:29+00:00,1506.5,1,22.6,99.4,1,44.2,10000,14,622.9,1,131.1,1460,6732,302.1,5.3,35.7,3.9,2.0,0.0,220.9,0.0,0.0,0.6,7,427.7,,44,5,5376,4576
2026-09-30T01:14:32+00:00,1509.6,1,25.3,99.4,1,53.2,10000,13,648.6,1,208.3,1495,6697,302.2,5.3,35.7,3.9,2.0,0.0,220.9,0.0,0.0,0.6,8,321.9,,38,8,5368,4587
2026-09-30T01:14:35+00:00,1512.6,1,25.2,99.6,1,58.4,10000,13,560.8,1,244.4,1383,6809,302.2,5.3,35.7,3.9,2.0,0.0,220.9,0.0,0.0,0.6,8,609.0,,38,8,5360,4595
2026-09-30T01:14:39+00:00,1515.8,1,25.3,99.3,1,55.9,10000,13,382.0,1,259.9,1280,6912,302.2,5.3,35.7,3.9,2.0,0.0,220.9,0.0,0.0,0.6,8,804.2,,38,8,5352,4603
2026-09-30T01:14:42+00:00,1518.9,1,25.3,98.1,1,55.4,10000,13,334.9,1,150.2,1262,6930,302.2,5.3,35.7,3.9,2.0,0.0,220.9,0.0,0.0,0.6,8,868.2,,38,8,5344,4611
2026-09-30T01:14:45+00:00,1522.0,1,21.5,98.9,1,43.8,10000,13,504.8,1,179.7,1257,6935,302.2,5.3,35.7,3.9,2.0,0.0,220.9,0.0,0.0,0.6,8,737.3,,46,7,5328,4620
2026-09-30T01:14:48+00:00,1525.1,1,25.3,99.4,1,23.4,10000,13,803.9,1,132.1,1468,6724,302.2,5.3,35.7,3.9,2.0,0.0,220.9,0.0,0.0,0.6,8,264.1,,38,8,5320,4635
2026-09-30T01:14:51+00:00,1528.2,1,25.3,99.2,1,76.5,10000,13,637.3,1,229.8,1415,6777,302.2,5.3,35.7,3.9,2.0,0.0,220.9,0.0,0.0,0.6,8,463.1,,38,8,5312,4643
2026-09-30T01:14:54+00:00,1531.3,1,25.3,99.3,1,52.8,10000,13,333.5,1,196.7,1292,6900,302.2,5.3,35.7,3.9,2.0,0.0,220.9,0.0,0.0,0.6,8,686.2,,38,8,5304,4651
2026-09-30T01:14:57+00:00,1534.4,1,25.3,99.2,1,80.2,10000,13,296.4,1,246.1,1282,6910,302.2,5.3,35.7,3.9,2.0,0.0,220.9,0.0,0.0,0.6,8,802.2,,38,8,5296,4659
2026-09-30T01:15:00+00:00,1537.5,1,25.3,99.5,1,78.7,10000,13,259.1,1,208.3,1238,6954,302.2,5.3,35.7,3.9,2.0,0.0,220.9,0.0,0.0,0.6,8,740.3,,46,8,5280,4667
2026-09-30T01:15:03+00:00,1540.7,1,25.2,99.6,1,38.4,10000,13,404.9,1,115.8,1245,6947,302.2,5.3,35.7,3.9,2.0,0.0,220.9,0.0,0.0,0.6,8,817.1,,46,8,5272,4675
2026-09-30T01:15:07+00:00,1543.8,1,25.3,99.0,1,23.4,10000,13,644.4,1,95.5,1537,6655,302.2,5.3,35.7,3.9,2.0,0.0,220.9,0.0,0.0,0.6,7,189.3,,41,5,5264,4691
2026-09-30T01:15:10+00:00,1547.0,1,25.3,99.6,1,55.2,10000,13,519.2,1,234.8,1450,6742,302.2,5.3,35.7,3.9,2.0,0.0,220.9,0.0,0.0,0.6,8,500.6,,38,8,5256,4699
2026-09-30T01:15:13+00:00,1550.1,1,25.3,99.6,1,55.6,10000,13,472.7,1,225.8,1441,6751,302.2,5.3,35.7,3.9,2.0,0.0,220.9,0.0,0.0,0.6,8,541.2,,38,8,5248,4707
2026-09-30T01:15:16+00:00,1553.2,1,25.3,99.3,1,52.8,10000,13,316.6,1,245.5,1434,6758,302.2,5.3,35.7,3.9,2.0,0.0,220.9,0.0,0.0,0.6,8,701.0,,38,8,5240,4715
2026-09-30T01:15:19+00:00,1556.3,1,25.3,99.2,1,23.4,10000,13,389.7,1,257.1,1396,6796,302.2,5.3,35.7,3.9,2.0,0.0,220.9,0.0,0.0,0.6,8,839.2,,38,8,5232,4723
2026-09-30T01:15:22+00:00,1559.4,1,25.3,99.4,1,43.1,10000,13,395.0,1,211.2,1355,6837,302.2,5.3,35.7,3.9,2.0,0.0,220.9,0.0,0.0,0.6,8,821.2,,46,8,5216,4731
2026-09-30T01:15:25+00:00,1562.6,1,25.3,99.6,1,53.6,10000,13,647.2,1,133.5,1636,6556,302.2,5.3,35.7,3.9,2.0,0.0,220.9,0.0,0.0,0.6,8,242.7,,38,8,5208,4747
2026-09-30T01:15:28+00:00,1565.6,1,25.3,99.3,1,55.8,10000,13,649.4,1,141.9,1531,6661,302.2,5.3,35.7,3.9,2.0,0.0,220.9,0.0,0.0,0.6,8,363.5,,38,8,5200,4755
2026-09-30T01:15:31+00:00,1568.7,1,25.2,99.7,1,78.5,10000,13,607.0,1,227.0,1488,6704,302.2,5.3,35.7,3.9,2.0,0.0,220.9,0.0,0.0,0.6,8,535.1,,38,8,5192,4763
2026-09-30T01:15:35+00:00,1571.8,1,25.2,99.8,1,55.2,10000,13,487.1,1,244.6,1444,6748,302.3,5.3,35.7,3.9,2.0,0.0,220.9,0.0,0.0,0.6,8,733.9,,38,8,5184,4771
2026-09-30T01:15:38+00:00,1574.9,1,25.2,99.4,1,56.2,10000,13,347.3,1,250.0,1354,6838,302.3,5.3,35.7,3.9,2.0,0.0,220.9,0.0,0.0,0.6,8,831.0,,38,8,5176,4779
2026-09-30T01:15:41+00:00,1578.0,1,25.2,98.7,1,52.4,10000,13,325.7,1,148.6,1315,6877,302.3,5.3,35.7,4.0,2.0,0.0,220.9,0.0,0.0,0.6,8,908.3,,46,8,5160,4787
2026-09-30T01:15:44+00:00,1581.1,1,25.2,98.6,1,55.4,10000,13,501.1,1,69.3,1258,6934,302.3,5.3,35.7,4.0,2.0,0.0,220.9,0.0,0.0,0.6,8,804.0,,46,8,5152,4795
2026-09-30T01:15:47+00:00,1584.2,1,25.2,99.4,1,52.9,10000,13,650.2,1,149.0,1552,6640,302.3,5.3,35.7,4.0,2.0,0.0,220.9,0.0,0.0,0.6,8,309.0,,38,8,5144,4811
2026-09-30T01:15:50+00:00,1587.3,1,25.2,99.3,1,55.5,10000,13,647.1,1,233.4,1501,6691,302.3,5.3,35.7,4.0,2.0,0.0,220.9,0.0,0.0,0.6,8,559.1,,38,8,5136,4819
2026-09-30T01:15:53+00:00,1590.4,1,21.7,99.9,1,61.1,10000,13,475.9,1,249.9,1418,6774,302.3,5.3,35.7,4.0,2.0,0.0,220.9,0.0,0.0,0.6,8,773.4,,38,8,5128,4827
2026-09-30T01:15:56+00:00,1593.4,1,25.2,99.5,1,52.2,10000,13,337.5,1,123.5,1274,6918,302.3,5.3,35.7,4.0,2.0,0.0,220.9,0.0,0.0,0.6,8,867.3,,46,8,5112,4835
2026-09-30T01:15:59+00:00,1596.5,1,25.2,99.5,1,23.3,10000,13,519.6,1,29.4,1248,6944,302.3,5.3,35.7,4.0,2.0,0.0,220.9,0.0,0.0,0.6,7,551.8,,46,8,5104,4843
2026-09-30T01:16:02+00:00,1599.7,1,25.2,99.7,1,79.4,10000,13,645.3,1,217.0,1535,6657,302.3,5.3,35.7,4.0,2.0,0.0,220.9,0.0,0.0,0.6,8,281.7,,38,8,5096,4859
2026-09-30T01:16:06+00:00,1602.8,1,25.2,99.8,1,55.2,10000,13,509.5,1,235.7,1377,6815,302.3,5.3,35.7,4.0,2.0,0.0,220.9,0.0,0.0,0.6,8,553.5,,38,8,5088,4867
2026-09-30T01:16:09+00:00,1605.9,1,21.4,99.6,1,26.9,10000,13,315.9,1,233.8,1226,6966,302.4,5.3,35.7,4.1,2.0,0.0,220.9,0.0,0.0,0.6,8,769.2,,38,8,5080,4875
2026-09-30T01:16:12+00:00,1609.0,1,25.2,99.4,1,52.3,10000,13,322.0,1,174.3,1283,6909,302.4,5.3,35.7,4.1,2.0,0.0,220.9,0.0,0.0,0.6,8,836.7,,38,8,5072,4883
2026-09-30T01:16:15+00:00,1612.1,1,25.2,99.7,1,52.2,10000,13,420.0,1,134.5,1224,6968,302.3,5.3,35.7,4.1,2.0,0.0,220.9,0.0,0.0,0.6,8,780.3,,46,8,5056,4891
2026-09-30T01:16:18+00:00,1615.2,1,25.2,99.5,1,52.1,10000,14,650.3,1,163.1,1597,6595,302.3,5.3,35.7,4.1,2.0,0.0,220.9,0.0,0.0,0.6,4,132.9,,43,4,5048,4906
2026-09-30T01:16:21+00:00,1618.3,1,25.2,99.4,1,55.5,10000,13,623.3,1,235.6,1426,6766,302.3,5.3,35.7,4.1,2.0,0.0,220.9,0.0,0.0,0.6,8,469.7,,38,8,5040,4915
2026-09-30T01:16:24+00:00,1621.4,1,25.2,99.7,1,59.6,10000,13,443.5,1,262.5,1350,6842,302.3,5.3,35.7,4.1,2.0,0.0,220.9,0.0,0.0,0.6,8,659.2,,38,8,5032,4923
2026-09-30T01:16:27+00:00,1624.5,1,25.2,99.7,1,52.4,10000,13,278.3,1,181.1,1291,6901,302.3,5.3,35.7,4.1,2.0,0.0,220.9,0.0,0.0,0.6,8,820.7,,38,8,5024,4931
2026-09-30T01:16:30+00:00,1627.6,1,21.4,99.7,1,31.4,10000,13,489.5,1,177.8,1292,6900,302.3,5.3,35.7,4.1,2.0,0.0,220.9,0.0,0.0,0.6,8,728.2,,46,7,5008,4940
2026-09-30T01:16:33+00:00,1630.7,1,25.2,99.6,2,133.9,10000,15,666.1,1,190.5,1549,6643,302.3,5.3,35.7,4.1,2.0,0.0,220.9,0.0,0.0,0.6,5,159.7,,41,7,5000,4953
2026-09-30T01:16:37+00:00,1633.8,1,25.2,99.9,1,52.7,10000,13,646.7,1,242.1,1446,6746,302.3,5.3,35.7,4.1,2.0,0.0,220.9,0.0,0.0,0.6,8,539.3,,38,8,4992,4963
2026-09-30T01:16:40+00:00,1636.9,1,25.2,99.3,1,55.0,10000,13,405.0,1,236.5,1345,6847,302.3,5.3,35.7,4.1,2.0,0.0,220.9,0.0,0.0,0.6,8,742.9,,38,8,4984,4971
2026-09-30T01:16:43+00:00,1640.0,1,25.2,99.6,1,55.6,10000,13,291.2,1,207.1,1331,6861,302.3,5.3,35.7,4.1,2.0,0.0,220.9,0.0,0.0,0.6,8,819.3,,46,8,4968,4979
2026-09-30T01:16:46+00:00,1643.1,1,25.2,99.3,1,52.9,10000,13,544.6,1,106.4,1402,6790,302.3,5.3,35.7,4.1,2.0,0.0,220.9,0.0,0.0,0.6,8,604.7,,45,6,4960,4990
2026-09-30T01:16:49+00:00,1646.2,1,25.2,99.4,1,55.6,10000,13,644.2,1,207.1,1566,6626,302.3,5.3,35.7,4.1,2.0,0.0,220.9,0.0,0.0,0.6,8,324.5,,38,8,4952,5003
2026-09-30T01:16:52+00:00,1649.3,1,25.2,99.7,2,114.8,10000,13,579.7,1,241.3,1443,6749,302.3,5.3,35.7,4.1,2.0,0.0,220.9,0.0,0.0,0.6,8,579.4,,38,8,4944,5011
2026-09-30T01:16:55+00:00,1652.4,1,25.2,99.6,1,25.3,10000,13,316.6,1,237.7,1359,6833,302.3,5.3,35.7,4.1,2.0,0.0,220.9,0.0,0.0,0.6,8,806.5,,38,8,4936,5019
2026-09-30T01:16:58+00:00,1655.5,1,25.2,99.6,1,23.4,10000,13,446.1,1,114.5,1310,6882,302.3,5.3,35.7,4.1,2.0,0.0,220.9,0.0,0.0,0.6,8,877.7,,46,8,4920,5027
2026-09-30T01:17:01+00:00,1658.6,1,25.2,99.6,1,52.1,10000,13,546.6,1,141.1,1457,6735,302.3,5.3,35.7,4.1,2.0,0.0,220.9,0.0,0.0,0.6,7,555.7,,43,8,4912,5038
2026-09-30T01:17:04+00:00,1661.7,1,25.2,99.6,1,79.9,10000,13,650.0,1,222.5,1529,6663,302.4,5.3,35.7,4.1,2.0,0.0,220.9,0.0,0.0,0.6,8,381.3,,38,8,4904,5051
2026-09-30T01:17:08+00:00,1664.8,1,25.2,99.5,1,53.1,10000,13,646.2,1,231.9,1458,6734,302.4,5.3,35.7,4.1,2.0,0.0,220.9,0.0,0.0,0.6,8,572.5,,38,8,4896,5059
2026-09-30T01:17:11+00:00,1667.8,1,25.2,99.5,1,60.6,10000,13,318.3,1,247.7,1415,6777,302.4,5.3,35.7,4.1,2.0,0.0,220.9,0.0,0.0,0.6,8,768.3,,38,8,4888,5067
2026-09-30T01:17:14+00:00,1670.9,1,25.2,99.1,1,53.0,10000,13,355.0,1,253.2,1331,6861,302.4,5.3,35.7,4.1,2.0,0.0,220.9,0.0,0.0,0.6,8,876.3,,38,8,4880,5075
2026-09-30T01:17:17+00:00,1674.0,1,25.2,98.6,1,52.2,10000,13,523.9,1,78.9,1335,6857,302.5,5.3,35.7,4.1,2.1,0.0,220.9,0.0,0.0,0.6,7,710.2,,46,8,4864,5083
2026-09-30T01:17:20+00:00,1677.1,1,25.2,99.6,1,48.8,10000,13,648.5,1,249.8,1580,6612,302.5,5.3,35.7,4.2,2.1,0.0,220.9,0.0,0.0,0.6,8,332.2,,38,8,4856,5099
2026-09-30T01:17:23+00:00,1680.2,1,25.2,98.6,1,52.2,10000,13,645.2,1,235.9,1516,6676,302.5,5.3,35.7,4.2,2.1,0.0,220.9,0.0,0.0,0.6,8,595.4,,38,8,4848,5107
2026-09-30T01:17:26+00:00,1683.3,1,25.2,98.7,1,58.8,10000,13,439.4,1,264.8,1385,6807,302.5,5.3,35.7,4.2,2.1,0.0,220.9,0.0,0.0,0.6,8,827.8,,38,8,4840,5115
2026-09-30T01:17:29+00:00,1686.4,1,25.2,98.8,1,33.9,10000,13,321.4,1,207.3,1310,6882,302.5,5.3,35.7,4.2,2.1,0.0,220.9,0.0,0.0,0.6,8,900.5,,46,8,4824,5123
2026-09-30T01:17:32+00:00,1689.5,1,25.2,99.2,1,52.3,10000,13,618.5,1,123.5,1420,6772,302.5,5.3,35.7,4.2,2.1,0.0,220.9,0.0,0.0,0.6,6,368.0,,44,5,4816,5136
2026-09-30T01:17:35+00:00,1692.6,1,25.2,99.2,1,79.3,10000,13,648.1,1,223.9,1496,6696,302.6,5.3,35.7,4.2,2.1,0.0,220.9,0.0,0.0,0.6,8,400.4,,38,8,4808,5147
2026-09-30T01:17:38+00:00,1695.7,1,25.2,99.7,1,34.8,10000,13,404.6,1,238.3,1393,6799,302.6,5.3,35.7,4.2,2.1,0.0,220.9,0.0,0.0,0.6,8,665.2,,38,8,4800,5155
2026-09-30T01:17:42+00:00,1698.8,1,25.2,99.3,1,29.0,10000,13,316.2,1,162.2,1248,6944,302.6,5.3,35.7,4.2,2.1,0.0,220.9,0.0,0.0,0.6,8,818.2,,38,8,4792,5163
2026-09-30T01:17:45+00:00,1701.9,1,25.2,99.4,1,52.9,10000,13,257.8,1,173.1,1250,6942,302.6,5.3,35.7,4.2,2.1,0.0,220.9,0.0,0.0,0.6,8,740.1,,38,8,4784,5171
2026-09-30T01:17:48+00:00,1705.0,1,25.2,99.8,1,55.6,10000,13,331.2,1,150.6,1268,6924,302.6,5.3,35.7,4.2,2.1,0.0,220.9,0.0,0.0,0.6,8,890.2,,46,8,4768,5179
2026-09-30T01:17:51+00:00,1708.1,1,21.4,99.6,1,52.1,10000,15,618.8,1,122.9,1448,6744,302.6,5.3,35.7,4.2,2.1,0.0,220.9,0.0,0.0,0.6,6,510.6,,44,6,4760,5191
2026-09-30T01:17:54+00:00,1711.2,1,25.2,99.7,1,78.3,10000,13,645.2,1,248.9,1504,6688,302.6,5.3,35.7,4.2,2.1,0.0,220.9,0.0,0.0,0.6,8,446.0,,38,8,4752,5203
2026-09-30T01:17:57+00:00,1714.4,1,25.2,99.5,1,51.9,10000,13,464.5,1,252.5,1340,6852,302.6,5.3,35.7,4.3,2.1,0.0,220.9,0.0,0.0,0.6,8,713.7,,38,8,4744,5211
2026-09-30T01:18:00+00:00,1717.5,1,25.2,99.4,1,80.4,10000,13,270.0,1,129.6,1321,6871,302.6,5.3,35.7,4.3,2.1,0.0,220.9,0.0,0.0,0.6,8,801.2,,46,8,4728,5219
2026-09-30T01:18:03+00:00,1720.5,1,25.2,99.7,1,52.5,10000,13,479.7,1,115.7,1380,6812,302.7,5.3,35.7,4.3,2.1,0.0,220.9,0.0,0.0,0.6,9,626.8,,44,7,4720,5230
2026-09-30T01:18:06+00:00,1723.6,1,25.2,99.7,2,143.3,10000,14,647.8,1,148.7,1563,6629,302.7,5.3,35.7,4.3,2.1,0.0,220.9,0.0,0.0,0.6,7,225.3,,39,7,4712,5243
2026-09-30T01:18:09+00:00,1726.7,1,25.2,99.5,1,55.6,10000,13,640.7,1,247.8,1479,6713,302.7,5.3,35.7,4.3,2.1,0.0,220.9,0.0,0.0,0.6,8,584.4,,38,8,4704,5251
2026-09-30T01:18:13+00:00,1729.8,1,25.2,99.6,1,43.3,10000,13,460.0,1,252.0,1377,6815,302.7,5.3,35.7,4.3,2.1,0.0,220.9,0.0,0.0,0.6,8,763.8,,38,8,4696,5259
2026-09-30T01:18:16+00:00,1732.8,1,25.2,99.1,1,37.5,10000,13,326.7,1,162.2,1290,6902,302.7,5.3,35.7,4.3,2.1,0.0,220.9,0.0,0.0,0.6,8,881.3,,38,8,4688,5267
2026-09-30T01:18:19+00:00,1735.9,1,25.2,99.2,1,52.1,10000,13,516.3,1,81.3,1310,6882,302.7,5.3,35.7,4.3,2.1,0.0,220.9,0.0,0.0,0.6,7,681.8,,46,8,4672,5275
2026-09-30T01:18:22+00:00,1739.0,1,25.2,99.1,1,52.6,10000,13,637.6,1,216.7,1533,6659,302.7,5.3,35.7,4.3,2.1,0.0,220.9,0.0,0.0,0.6,8,305.3,,38,8,4664,5291
2026-09-30T01:18:25+00:00,1742.2,1,25.2,99.4,1,73.6,10000,13,537.8,1,229.2,1456,6736,302.8,5.3,35.7,4.3,2.1,0.0,220.9,0.0,0.0,0.6,8,507.2,,38,8,4656,5299
2026-09-30T01:18:28+00:00,1745.3,1,25.2,99.4,1,52.3,10000,13,541.0,1,250.4,1448,6744,302.8,5.3,35.7,4.3,2.2,0.0,220.9,0.0,0.0,0.6,8,617.6,,38,8,4648,5307
2026-09-30T01:18:31+00:00,1748.4,1,25.2,99.8,1,81.0,10000,13,347.2,1,249.6,1353,6839,302.8,5.3,35.7,4.3,2.2,0.0,220.9,0.0,0.0,0.6,8,829.1,,46,8,4632,5315
2026-09-30T01:18:34+00:00,1751.4,1,25.2,99.4,1,52.2,10000,13,424.8,1,157.0,1335,6857,302.8,5.3,35.7,4.3,2.2,0.0,220.9,0.0,0.0,0.6,8,913.3,,46,8,4624,5323
2026-09-30T01:18:37+00:00,1754.5,1,25.2,99.4,1,76.9,10000,13,603.0,1,117.3,1426,6766,302.8,5.3,35.7,4.3,2.2,0.0,220.9,0.0,0.0,0.6,8,553.4,,44,6,4616,5335
2026-09-30T01:18:40+00:00,1757.7,1,25.2,99.6,1,52.0,10000,13,646.8,1,228.4,1544,6648,302.8,5.3,35.7,4.3,2.2,0.0,220.9,0.0,0.0,0.6,8,355.9,,38,8,4608,5347
2026-09-30T01:18:44+00:00,1760.7,1,25.2,99.6,1,36.5,10000,13,541.1,1,237.6,1454,6738,302.8,5.3,35.7,4.3,2.2,0.0,220.9,0.0,0.0,0.6,8,577.3,,38,8,4600,5355
2026-09-30T01:18:47+00:00,1763.9,1,25.2,99.6,1,26.6,10000,13,427.3,1,261.8,1367,6825,302.8,5.3,35.7,4.3,2.2,0.0,220.9,0.0,0.0,0.6,8,770.3,,38,8,4592,5363
2026-09-30T01:18:50+00:00,1766.9,1,25.2,99.7,1,52.2,10000,13,282.8,1,143.4,1325,6867,302.8,5.3,35.7,4.3,2.2,0.0,220.9,0.0,0.0,0.6,8,819.2,,46,8,4576,5371
2026-09-30T01:18:53+00:00,1770.1,1,25.2,99.6,1,52.4,10000,13,576.6,1,144.2,1401,6791,302.8,5.3,35.7,4.3,2.2,0.0,220.9,0.0,0.0,0.6,8,625.5,,45,6,4568,5382
2026-09-30T01:18:56+00:00,1773.1,1,25.2,99.4,1,75.7,10000,13,647.0,1,223.1,1572,6620,302.9,5.3,35.7,4.3,2.2,0.0,220.9,0.0,0.0,0.6,8,343.7,,38,8,4560,5395
2026-09-30T01:18:59+00:00,1776.2,1,25.2,99.3,1,55.2,10000,13,608.8,1,250.7,1453,6739,302.9,5.3,35.7,4.3,2.2,0.0,220.9,0.0,0.0,0.6,8,645.1,,38,8,4552,5403
2026-09-30T01:19:02+00:00,1779.3,1,25.2,98.8,1,76.7,10000,13,415.9,1,260.5,1381,6811,302.9,5.3,35.7,4.3,2.2,0.0,220.9,0.0,0.0,0.6,8,807.6,,38,8,4544,5411
2026-09-30T01:19:05+00:00,1782.4,1,25.2,99.3,1,30.7,10000,13,348.2,1,215.3,1253,6939,302.9,5.3,35.7,4.4,2.2,0.0,220.9,0.0,0.0,0.6,8,940.3,,46,8,4528,5419
2026-09-30T01:19:08+00:00,1785.6,1,25.2,98.3,2,138.8,10000,13,623.2,1,132.0,1582,6610,302.9,5.3,35.7,4.4,2.2,0.0,220.9,0.0,0.0,0.6,7,319.6,,42,6,4520,5433
2026-09-30T01:19:11+00:00,1788.7,1,25.2,98.9,1,52.1,10000,13,648.9,1,224.5,1491,6701,302.9,5.3,35.7,4.4,2.2,0.0,220.9,0.0,0.0,0.6,8,414.0,,38,8,4512,5443
2026-09-30T01:19:15+00:00,1791.7,1,25.2,98.5,1,25.9,10000,13,415.3,1,248.4,1393,6799,302.9,5.3,35.7,4.4,2.2,0.0,220.9,0.0,0.0,0.6,8,715.4,,38,8,4504,5451
2026-09-30T01:19:18+00:00,1794.8,1,25.2,99.6,1,52.6,10000,13,320.9,1,238.8,1369,6823,302.9,5.3,35.7,4.4,2.2,0.0,220.9,0.0,0.0,0.6,8,844.2,,46,8,4488,5459
2026-09-30T01:19:21+00:00,1797.9,1,25.1,98.2,1,52.9,10000,13,465.0,1,86.7,1232,6960,302.9,5.3,35.7,4.4,2.2,0.0,220.9,0.0,0.0,0.6,8,717.9,,46,8,4480,5467
2026-09-30T01:19:24+00:00,1801.0,1,25.2,99.1,1,55.6,10000,13,647.5,1,215.6,1546,6646,303.0,5.3,35.7,4.5,2.2,0.0,220.9,0.0,0.0,0.6,8,304.9,,38,8,4472,5483
2026-09-30T01:19:27+00:00,1804.1,1,25.2,99.2,1,75.9,10000,13,559.3,1,239.9,1408,6784,303.0,5.3,35.7,4.5,2.2,0.0,220.9,0.0,0.0,0.6,8,622.8,,38,8,4464,5491
2026-09-30T01:19:30+00:00,1807.2,1,25.2,98.6,1,57.8,10000,13,308.7,1,261.3,1323,6869,303.0,5.3,35.7,4.5,2.2,0.0,220.9,0.0,0.0,0.6,8,808.9,,38,8,4456,5499
2026-09-30T01:19:33+00:00,1810.3,1,25.2,98.8,1,35.5,10000,13,324.6,1,154.3,1254,6938,303.0,5.3,35.7,4.5,2.2,0.0,220.9,0.0,0.0,0.6,8,830.7,,46,8,4440,5507
2026-09-30T01:19:36+00:00,1813.4,1,25.2,98.3,1,52.1,10000,13,637.1,1,99.0,1542,6650,303.0,5.3,35.7,4.5,2.2,0.0,220.9,0.0,0.0,0.6,8,269.2,,42,5,4432,5522
2026-09-30T01:19:39+00:00,1816.6,1,25.2,99.8,2,150.0,10000,13,647.6,1,223.3,1491,6701,303.0,5.3,35.7,4.5,2.2,0.0,220.9,0.0,0.0,0.6,8,453.0,,38,8,4424,5531
2026-09-30T01:19:42+00:00,1819.7,1,25.2,98.2,1,52.5,10000,13,495.0,1,243.0,1371,6821,303.0,5.3,35.7,4.5,2.2,0.0,220.9,0.0,0.0,0.6,8,633.5,,38,8,4416,5539
2026-09-30T01:19:46+00:00,1822.8,1,25.2,99.5,1,58.2,10000,13,320.4,1,238.8,1281,6911,303.0,5.3,35.7,4.5,2.2,0.0,220.9,0.0,0.0,0.6,8,791.6,,38,8,4408,5547
2026-09-30T01:19:49+00:00,1825.9,1,25.2,99.3,1,47.1,10000,13,319.4,1,149.3,1208,6984,303.0,5.3,35.7,4.5,2.2,0.0,220.9,0.0,0.0,0.6,8,838.5,,46,8,4392,5555
2026-09-30T01:19:52+00:00,1828.9,1,25.2,98.8,1,52.1,10000,13,566.3,1,66.2,1246,6946,303.1,5.3,35.7,4.5,2.2,0.0,220.9,0.0,0.0,0.6,8,587.5,,46,7,4384,5564
2026-09-30T01:19:55+00:00,1832.0,1,25.2,98.6,1,52.2,10000,13,648.5,1,147.2,1500,6692,303.1,5.3,35.7,4.5,2.2,0.0,220.9,0.0,0.0,0.6,8,332.4,,38,8,4376,5579
2026-09-30T01:19:58+00:00,1835.2,1,25.2,99.3,1,54.9,10000,13,560.8,1,232.5,1428,6764,303.1,5.3,35.7,4.5,2.2,0.0,220.9,0.0,0.0,0.6,8,633.7,,38,8,4368,5587
2026-09-30T01:20:01+00:00,1838.3,1,25.2,99.6,1,57.8,10000,13,293.5,1,250.2,1334,6858,303.1,5.3,35.7,4.5,2.2,0.0,220.9,0.0,0.0,0.6,8,811.3,,38,8,4360,5595
2026-09-30T01:20:04+00:00,1841.4,1,25.2,99.5,1,53.7,10000,13,388.4,1,222.4,1290,6902,303.1,5.3,35.7,4.5,2.2,0.0,220.9,0.0,0.0,0.6,8,835.4,,46,8,4344,5603
2026-09-30T01:20:07+00:00,1844.5,1,25.2,99.6,1,51.4,10000,13,597.0,1,136.8,1366,6826,303.1,5.3,35.7,4.5,2.2,0.0,220.9,0.0,0.0,0.6,8,638.2,,44,7,4336,5614
2026-09-30T01:20:10+00:00,1847.6,1,25.2,99.7,1,78.4,10000,13,635.7,1,232.3,1509,6683,303.1,5.3,35.7,4.5,2.2,0.0,220.9,0.0,0.0,0.6,8,356.8,,38,8,4328,5627
2026-09-30T01:20:13+00:00,1850.6,1,25.2,99.6,1,51.3,10000,13,619.8,1,236.3,1449,6743,303.1,5.3,35.7,4.5,2.2,0.0,220.9,0.0,0.0,0.6,8,519.2,,38,8,4320,5635
2026-09-30T01:20:17+00:00,1853.8,1,25.2,99.7,1,25.3,10000,13,494.7,1,250.4,1373,6819,303.1,5.3,35.7,4.5,2.2,0.0,220.9,0.0,0.0,0.6,8,746.9,,38,8,4312,5643
2026-09-30T01:20:20+00:00,1856.9,1,25.2,99.5,1,29.1,10000,13,356.3,1,237.4,1308,6884,303.1,5.3,35.7,4.5,2.2,0.0,220.9,0.0,0.0,0.6,8,868.1,,46,8,4296,5651
2026-09-30T01:20:23+00:00,1860.0,1,25.2,99.4,1,54.7,10000,13,472.7,1,106.2,1371,6821,303.1,5.3,35.7,4.5,2.3,0.0,220.9,0.0,0.0,0.6,8,722.8,,44,8,4288,5661
2026-09-30T01:20:26+00:00,1863.1,1,25.2,99.2,1,51.9,10000,13,647.0,1,240.7,1556,6636,303.2,5.3,35.7,4.5,2.3,0.0,220.9,0.0,0.0,0.6,8,367.2,,38,8,4280,5675
2026-09-30T01:20:29+00:00,1866.2,1,25.2,99.1,1,47.2,10000,13,582.2,1,234.9,1436,6756,303.2,5.3,35.7,4.5,2.3,0.0,220.9,0.0,0.0,0.6,8,572.3,,38,8,4272,5683
2026-09-30T01:20:32+00:00,1869.3,1,25.2,99.6,1,53.8,10000,13,369.7,1,257.8,1385,6807,303.2,5.3,35.7,4.5,2.3,0.0,220.9,0.0,0.0,0.6,8,803.8,,38,8,4264,5691
2026-09-30T01:20:35+00:00,1872.4,1,25.2,99.3,1,67.6,10000,13,317.3,1,112.7,1301,6891,303.2,5.3,35.7,4.5,2.3,0.0,220.9,0.0,0.0,0.6,8,872.5,,46,8,4248,5699
2026-09-30T01:20:38+00:00,1875.4,1,25.2,99.4,1,54.8,10000,15,641.2,1,147.0,1558,6634,303.2,5.3,35.7,4.6,2.3,0.0,220.9,0.0,0.0,0.6,5,317.7,,44,5,4240,5712
2026-09-30T01:20:41+00:00,1878.5,1,25.2,99.3,2,149.9,10000,13,632.3,1,228.5,1555,6637,303.2,5.3,35.7,4.6,2.3,0.0,220.9,0.0,0.0,0.6,8,347.7,,38,8,4232,5723
2026-09-30T01:20:44+00:00,1881.6,1,21.4,99.8,1,54.4,10000,13,468.4,1,234.6,1425,6767,303.2,5.3,35.7,4.6,2.3,0.0,220.9,0.0,0.0,0.6,8,579.6,,38,8,4224,5731
2026-09-30T01:20:47+00:00,1884.7,1,25.2,99.6,1,33.9,10000,13,430.8,1,264.7,1383,6809,303.2,5.3,35.7,4.6,2.3,0.0,220.9,0.0,0.0,0.6,8,800.8,,38,8,4216,5739
2026-09-30T01:20:51+00:00,1887.8,1,25.2,99.4,1,22.5,10000,13,311.5,1,231.1,1253,6939,303.2,5.3,35.7,4.6,2.3,0.0,220.9,0.0,0.0,0.6,8,824.5,,46,8,4200,5747
2026-09-30T01:20:54+00:00,1890.9,1,25.2,99.3,1,51.3,10000,14,640.4,1,121.9,1457,6735,303.3,5.3,35.7,4.6,2.3,0.0,220.9,0.0,0.0,0.6,7,433.5,,44,5,4192,5760
2026-09-30T01:20:57+00:00,1894.0,1,25.2,99.4,1,51.9,10000,13,645.9,1,231.5,1490,6702,303.3,5.3,35.7,4.6,2.3,0.0,220.9,0.0,0.0,0.6,8,436.9,,38,8,4184,5771
2026-09-30T01:21:00+00:00,1897.1,1,25.2,99.1,1,26.6,10000,13,509.7,1,247.6,1383,6809,303.3,5.3,35.7,4.6,2.4,0.0,220.9,0.0,0.0,0.6,8,710.6,,38,8,4176,5779
2026-09-30T01:21:03+00:00,1900.2,1,25.2,99.4,1,37.2,10000,13,331.2,1,253.9,1295,6897,303.3,5.3,35.7,4.6,2.4,0.0,220.9,0.0,0.0,0.6,8,849.4,,46,8,4160,5787
2026-09-30T01:21:06+00:00,1903.3,1,21.4,99.2,1,37.6,10000,13,477.0,1,28.3,1267,6925,303.3,5.3,35.7,4.6,2.4,0.0,220.9,0.0,0.0,0.6,8,707.2,,46,8,4152,5795
2026-09-30T01:21:09+00:00,1906.4,1,25.2,99.2,1,51.5,10000,13,648.8,1,215.3,1559,6633,303.3,5.3,35.7,4.6,2.4,0.0,220.9,0.0,0.0,0.6,8,313.2,,38,8,4144,5811
2026-09-30T01:21:12+00:00,1909.5,1,25.2,98.9,1,78.4,10000,13,574.2,1,215.3,1573,6619,303.3,5.3,35.7,4.6,2.4,0.0,220.9,0.0,0.0,0.6,8,327.0,,38,8,4136,5819
2026-09-30T01:21:15+00:00,1912.6,1,25.2,99.6,1,56.7,10000,13,594.6,1,237.2,1419,6773,303.3,5.3,35.7,4.7,2.4,0.0,220.9,0.0,0.0,0.6,8,508.6,,38,8,4128,5827
2026-09-30T01:21:18+00:00,1915.7,1,25.2,99.5,1,51.1,10000,13,371.2,1,232.9,1272,6920,303.3,5.3,35.7,4.7,2.4,0.0,220.9,0.0,0.0,0.6,8,757.2,,38,8,4120,5835
2026-09-30T01:21:22+00:00,1918.8,1,25.2,99.0,1,46.2,10000,13,360.7,1,242.3,1289,6903,303.4,5.3,35.7,4.7,2.4,0.0,220.9,0.0,0.0,0.6,8,783.2,,38,8,4112,5843
2026-09-30T01:21:25+00:00,1921.9,1,22.9,99.4,1,39.1,10000,13,384.6,1,135.8,1254,6938,303.4,5.3,35.7,4.7,2.4,0.0,220.9,0.0,0.0,0.6,8,877.5,,46,8,4096,5851
2026-09-30T01:21:28+00:00,1925.0,1,25.2,99.4,1,52.0,10000,13,567.2,1,115.7,1387,6805,303.4,5.3,35.7,4.7,2.4,0.0,220.9,0.0,0.0,0.6,8,616.8,,43,8,4088,5862
2026-09-30T01:21:31+00:00,1928.2,1,25.2,99.6,1,54.8,10000,13,646.9,1,200.8,1566,6626,303.4,5.3,35.7,4.7,2.4,0.0,220.9,0.0,0.0,0.6,8,267.7,,38,8,4080,5875
2026-09-30T01:21:34+00:00,1931.3,1,25.2,99.0,1,52.0,10000,13,584.4,1,230.4,1483,6709,303.4,5.3,35.7,4.7,2.4,0.0,220.9,0.0,0.0,0.6,8,455.0,,38,8,4072,5883
2026-09-30T01:21:37+00:00,1934.4,1,25.2,98.9,1,54.7,10000,13,383.9,1,237.7,1428,6764,303.4,5.3,35.7,4.7,2.4,0.0,220.9,0.0,0.0,0.6,8,624.2,,38,8,4064,5891
2026-09-30T01:21:40+00:00,1937.5,1,25.2,99.0,1,51.3,10000,13,340.8,1,255.9,1388,6804,303.4,5.3,35.7,4.7,2.4,0.0,220.9,0.0,0.0,0.6,8,776.4,,38,8,4056,5899
2026-09-30T01:21:43+00:00,1940.6,1,25.2,99.1,1,78.8,10000,13,315.1,1,240.7,1345,6847,303.4,5.3,35.7,4.7,2.4,0.0,220.9,0.0,0.0,0.6,8,843.9,,38,8,4048,5907
2026-09-30T01:21:46+00:00,1943.7,1,25.2,97.3,1,25.4,10000,13,333.8,1,164.0,1283,6909,303.4,5.3,35.7,4.7,2.4,0.0,220.9,0.0,0.0,0.6,8,915.1,,46,8,4032,5915
2026-09-30T01:21:50+00:00,1946.8,1,21.4,98.6,1,33.5,10000,16,632.3,1,79.3,1547,6645,303.4,5.3,35.7,4.7,2.4,0.0,220.9,0.0,0.0,0.6,3,143.8,,46,1,4024,5930
2026-09-30T01:21:53+00:00,1949.9,1,25.2,99.1,1,54.8,10000,13,648.9,1,131.5,1573,6619,303.4,5.3,35.7,4.7,2.4,0.0,220.9,0.0,0.0,0.6,8,302.6,,38,8,4016,5939
2026-09-30T01:21:56+00:00,1952.9,1,25.2,99.6,1,51.8,10000,13,644.5,1,235.5,1466,6726,303.4,5.3,35.7,4.7,2.4,0.0,220.9,0.0,0.0,0.6,8,563.8,,38,8,4008,5947
2026-09-30T01:21:59+00:00,1956.0,1,25.2,99.4,1,54.8,10000,13,515.4,1,243.9,1390,6802,303.4,5.3,35.7,4.7,2.4,0.0,220.9,0.0,0.0,0.6,8,774.2,,38,8,4000,5955
2026-09-30T01:22:02+00:00,1959.1,1,25.2,99.1,1,51.2,10000,13,374.7,1,230.9,1305,6887,303.4,5.3,35.7,4.7,2.4,0.0,220.9,0.0,0.0,0.6,8,791.4,,38,8,3992,5963
2026-09-30T01:22:05+00:00,1962.2,1,25.2,99.1,1,51.8,10000,13,358.5,1,200.1,1299,6893,303.4,5.3,35.7,4.7,2.4,0.0,220.9,0.0,0.0,0.6,8,934.0,,46,8,3976,5971
2026-09-30T01:22:08+00:00,1965.3,1,25.2,97.8,1,54.9,10000,13,606.4,1,69.7,1606,6586,303.5,5.3,35.7,4.7,2.4,0.0,220.9,0.0,0.0,0.6,2,114.0,,46,5,3968,5982
2026-09-30T01:22:11+00:00,1968.4,1,25.2,99.3,1,52.0,10000,13,648.1,1,160.4,1544,6648,303.5,5.3,35.7,4.7,2.4,0.0,220.9,0.0,0.0,0.6,8,362.0,,38,8,3960,5995
2026-09-30T01:22:14+00:00,1971.5,1,25.2,99.6,1,79.4,10000,13,637.3,1,235.2,1507,6685,303.5,5.3,35.7,4.7,2.4,0.0,220.9,0.0,0.0,0.6,8,533.8,,38,8,3952,6003
2026-09-30T01:22:17+00:00,1974.6,1,25.2,99.0,1,54.0,10000,13,427.7,1,243.5,1334,6858,303.5,5.3,35.7,4.7,2.4,0.0,220.9,0.0,0.0,0.6,8,706.9,,38,8,3944,6011
2026-09-30T01:22:20+00:00,1977.7,1,25.2,98.6,1,54.2,10000,13,357.5,1,252.9,1291,6901,303.5,5.3,35.7,4.8,2.4,0.0,220.9,0.0,0.0,0.6,8,798.6,,38,8,3936,6019
2026-09-30T01:22:24+00:00,1980.8,1,25.2,98.6,1,44.7,10000,13,333.0,1,142.5,1252,6940,303.5,5.3,35.7,4.8,2.4,0.0,220.9,0.0,0.0,0.6,8,843.1,,38,8,3928,6027
2026-09-30T01:22:27+00:00,1983.9,1,21.4,97.5,1,22.2,10000,13,569.7,1,75.7,1433,6759,303.5,5.3,35.7,4.8,2.4,0.0,220.9,0.0,0.0,0.6,6,562.9,,46,8,3912,6035
2026-09-30T01:22:30+00:00,1987.0,1,25.2,99.1,1,54.4,10000,13,649.1,1,172.9,1559,6633,303.5,5.3,35.7,4.8,2.4,0.0,220.9,0.0,0.0,0.6,8,321.0,,38,8,3904,6051
2026-09-30T01:22:33+00:00,1990.1,1,25.2,97.9,1,50.8,10000,13,793.1,1,247.5,1453,6739,303.5,5.3,35.7,4.8,2.4,0.0,220.9,0.0,0.0,0.6,8,512.3,,38,8,3896,6059
2026-09-30T01:22:36+00:00,1993.2,1,25.2,99.3,1,22.3,10000,13,459.5,1,255.5,1345,6847,303.6,5.3,35.7,4.8,2.4,0.0,220.9,0.0,0.0,0.6,8,730.5,,38,8,3888,6067
2026-09-30T01:22:39+00:00,1996.3,1,25.2,99.3,1,51.1,10000,13,327.9,1,170.3,1281,6911,303.6,5.3,35.7,4.8,2.4,0.0,220.9,0.0,0.0,0.6,8,849.3,,38,8,3880,6075
2026-09-30T01:22:42+00:00,1999.4,1,25.2,99.3,1,39.3,10000,13,378.5,1,128.8,1235,6957,303.6,5.3,35.7,4.8,2.4,0.0,220.9,0.0,0.0,0.6,8,685.9,,46,8,3864,6083
2026-09-30T01:22:45+00:00,2002.5,1,25.2,99.1,1,22.2,10000,13,420.8,1,22.6,1197,6995,303.6,5.3,35.7,4.8,2.4,0.0,220.9,0.0,0.0,0.6,8,771.2,,46,8,3856,6091
2026-09-30T01:22:48+00:00,2005.7,1,25.2,98.7,1,51.1,10000,13,624.4,1,139.3,1586,6606,303.6,5.3,35.7,4.8,2.4,0.0,220.9,0.0,0.0,0.6,9,331.1,,40,7,3848,6106
2026-09-30T01:22:52+00:00,2008.8,1,25.2,99.4,1,56.9,10000,13,646.6,1,232.9,1527,6665,303.6,5.3,35.7,4.8,2.4,0.0,220.9,0.0,0.0,0.6,8,452.2,,38,8,3840,6115
2026-09-30T01:22:55+00:00,2011.8,1,25.2,98.8,1,51.4,10000,13,574.9,1,253.0,1430,6762,303.6,5.3,35.7,4.9,2.4,0.0,220.9,0.0,0.0,0.6,8,720.8,,38,8,3832,6123
2026-09-30T01:22:58+00:00,2014.9,1,25.2,99.5,1,52.0,10000,13,315.1,1,262.5,1372,6820,303.6,5.3,35.7,4.9,2.4,0.0,220.9,0.0,0.0,0.6,8,856.4,,46,8,3816,6131
2026-09-30T01:23:01+00:00,2018.1,1,25.2,98.5,1,74.8,10000,13,513.0,1,108.2,1308,6884,303.6,5.3,35.7,4.9,2.4,0.0,220.9,0.0,0.0,0.6,8,788.2,,46,8,3808,6139
2026-09-30T01:23:04+00:00,2021.2,1,25.2,99.3,1,51.8,10000,13,646.8,1,224.9,1633,6559,303.7,5.3,35.7,4.9,2.5,0.0,220.9,0.0,0.0,0.6,8,313.6,,38,8,3800,6155
2026-09-30T01:23:07+00:00,2024.3,1,25.2,99.5,1,73.2,10000,13,630.3,1,247.0,1488,6704,303.7,5.3,35.7,4.9,2.5,0.0,220.9,0.0,0.0,0.6,8,633.5,,38,8,3792,6163
2026-09-30T01:23:10+00:00,2027.4,1,25.2,99.1,1,51.2,10000,13,370.5,1,264.8,1412,6780,303.7,5.3,35.7,4.9,2.5,0.0,220.9,0.0,0.0,0.6,8,828.0,,38,8,3784,6171
2026-09-30T01:23:13+00:00,2030.4,1,25.2,98.6,1,51.7,10000,13,386.1,1,90.6,1348,6844,303.7,5.3,35.7,4.9,2.5,0.0,220.9,0.0,0.0,0.6,8,887.7,,46,8,3768,6179
2026-09-30T01:23:16+00:00,2033.5,1,25.2,99.4,1,62.0,10000,13,521.0,1,107.4,1341,6851,303.7,5.3,35.7,4.9,2.5,0.0,220.9,0.0,0.0,0.6,8,740.3,,45,8,3760,6188
2026-09-30T01:23:19+00:00,2036.6,1,25.2,99.4,1,51.1,10000,13,643.5,1,206.1,1635,6557,303.7,5.3,35.7,4.9,2.5,0.0,220.9,0.0,0.0,0.6,8,232.0,,39,7,3752,6203
2026-09-30T01:23:22+00:00,2039.7,1,25.2,99.9,1,57.0,10000,13,646.8,1,238.9,1459,6733,303.7,5.3,35.7,4.9,2.5,0.0,220.9,0.0,0.0,0.6,8,540.3,,38,8,3744,6211
2026-09-30T01:23:26+00:00,2042.8,1,25.2,99.5,1,51.3,10000,13,521.3,1,252.0,1440,6752,303.7,5.3,35.7,4.9,2.5,0.0,220.9,0.0,0.0,0.6,8,715.1,,38,8,3736,6219
2026-09-30T01:23:29+00:00,2045.9,1,25.2,99.7,1,52.7,10000,13,393.5,1,255.5,1358,6834,303.7,5.3,35.7,4.9,2.5,0.0,220.9,0.0,0.0,0.6,8,871.0,,38,8,3728,6227
2026-09-30T01:23:32+00:00,2049.0,1,25.2,99.3,1,51.8,10000,13,490.3,1,216.7,1358,6834,303.7,5.3,35.7,4.9,2.5,0.0,220.9,0.0,0.0,0.6,8,754.9,,45,8,3712,6236
2026-09-30T01:23:35+00:00,2052.2,1,25.2,99.4,1,51.6,10000,13,636.0,1,224.4,1562,6630,303.7,5.3,35.7,4.9,2.5,0.0,220.9,0.0,0.0,0.6,8,287.4,,39,7,3704,6251
2026-09-30T01:23:38+00:00,2055.3,1,25.2,99.5,1,80.0,10000,13,613.2,1,253.5,1449,6743,303.7,5.3,35.7,4.9,2.5,0.0,220.9,0.0,0.0,0.6,8,598.1,,38,8,3696,6259
2026-09-30T01:23:41+00:00,2058.4,1,25.2,99.6,1,46.0,10000,13,364.4,1,239.1,1373,6819,303.7,5.3,35.7,4.9,2.5,0.0,220.9,0.0,0.0,0.6,8,761.8,,38,8,3688,6267
2026-09-30T01:23:44+00:00,2061.5,1,21.4,99.4,1,22.4,10000,13,386.8,1,140.0,1271,6921,303.7,5.3,35.7,4.9,2.5,0.0,220.9,0.0,0.0,0.6,8,879.5,,46,8,3672,6275
2026-09-30T01:23:47+00:00,2064.6,1,25.2,99.8,1,34.1,10000,13,446.3,1,201.7,1278,6914,303.8,5.3,35.7,4.9,2.5,0.0,220.9,0.0,0.0,0.6,9,752.8,,46,7,3664,6284
2026-09-30T01:23:51+00:00,2067.8,1,25.2,99.4,1,58.2,10000,13,639.1,1,222.3,1558,6634,303.8,5.3,35.7,4.9,2.5,0.0,220.9,0.0,0.0,0.6,8,271.6,,38,8,3656,6299
2026-09-30T01:23:54+00:00,2070.8,1,25.2,99.7,1,57.1,10000,13,638.0,1,250.4,1480,6712,303.8,5.3,35.7,5.0,2.5,0.0,220.9,0.0,0.0,0.6,8,528.1,,38,8,3648,6307
2026-09-30T01:23:57+00:00,2073.9,1,25.2,99.3,1,22.4,10000,13,370.2,1,254.7,1337,6855,303.8,5.3,35.7,5.0,2.5,0.0,220.9,0.0,0.0,0.6,8,736.9,,38,8,3640,6315
2026-09-30T01:24:00+00:00,2077.0,1,25.2,99.0,1,31.4,10000,13,308.1,1,201.1,1290,6902,303.8,5.3,35.7,5.0,2.5,0.0,220.9,0.0,0.0,0.6,8,882.0,,46,8,3624,6323
2026-09-30T01:24:03+00:00,2080.1,1,25.2,99.4,1,39.0,10000,13,580.5,1,88.1,1348,6844,303.8,5.3,35.7,5.0,2.5,0.0,220.9,0.0,0.0,0.6,8,683.2,,44,8,3616,6333
2026-09-30T01:24:06+00:00,2083.3,1,25.2,98.9,1,51.9,10000,13,648.4,1,165.7,1477,6715,303.8,5.3,35.7,5.0,2.5,0.0,220.9,0.0,0.0,0.6,8,431.9,,38,8,3608,6347
2026-09-30T01:24:09+00:00,2086.4,1,25.2,99.5,1,69.6,10000,13,545.5,1,246.1,1414,6778,303.8,5.3,35.7,5.0,2.5,0.0,220.9,0.0,0.0,0.6,8,670.0,,38,8,3600,6355
2026-09-30T01:24:12+00:00,2089.5,1,25.2,99.2,1,51.9,10000,13,279.0,1,210.1,1319,6873,303.8,5.3,35.7,5.0,2.5,0.0,220.9,0.0,0.0,0.6,8,836.0,,38,8,3592,6363
2026-09-30T01:24:15+00:00,2092.6,1,25.2,98.9,1,53.8,10000,13,369.6,1,139.7,1255,6937,303.8,5.3,35.7,5.0,2.5,0.0,220.9,0.0,0.0,0.6,8,763.7,,46,8,3576,6371
2026-09-30T01:24:18+00:00,2095.7,1,21.4,99.4,1,38.4,10000,14,592.0,1,94.6,1370,6822,303.8,5.3,35.7,5.0,2.5,0.0,220.9,0.0,0.0,0.6,7,581.5,,44,7,3568,6382
2026-09-30T01:24:22+00:00,2098.8,1,25.2,99.4,1,51.1,10000,13,644.8,1,230.8,1477,6715,303.8,5.3,35.7,5.0,2.5,0.0,220.9,0.0,0.0,0.6,8,424.0,,38,8,3560,6395
2026-09-30T01:24:25+00:00,2101.8,1,25.2,99.3,1,45.1,10000,13,487.2,1,249.4,1428,6764,303.8,5.3,35.7,5.0,2.5,0.0,220.9,0.0,0.0,0.6,8,659.9,,38,8,3552,6403
2026-09-30T01:24:28+00:00,2104.9,1,25.2,99.3,1,52.2,10000,13,388.2,1,244.0,1318,6874,303.8,5.3,35.7,5.0,2.5,0.0,220.9,0.0,0.0,0.6,8,843.7,,38,8,3544,6411
2026-09-30T01:24:31+00:00,2108.1,1,25.2,99.1,1,54.4,10000,13,511.9,1,48.2,1283,6909,303.8,5.3,35.7,5.0,2.5,0.0,220.9,0.0,0.0,0.6,8,751.6,,46,8,3528,6419
2026-09-30T01:24:34+00:00,2111.2,1,25.2,99.3,1,51.0,10000,13,647.5,1,153.0,1594,6598,303.8,5.3,35.7,5.0,2.5,0.0,220.9,0.0,0.0,0.6,8,305.7,,38,8,3520,6435
2026-09-30T01:24:37+00:00,2114.3,1,25.2,98.5,1,54.4,10000,13,639.1,1,237.6,1488,6704,303.8,5.3,35.7,5.0,2.5,0.0,220.9,0.0,0.0,0.6,8,552.8,,38,8,3512,6443
2026-09-30T01:24:40+00:00,2117.3,1,25.2,97.7,1,78.6,10000,13,352.5,1,244.0,1387,6805,303.8,5.3,35.7,5.0,2.5,0.0,220.9,0.0,0.0,0.6,8,760.0,,38,8,3504,6451
2026-09-30T01:24:43+00:00,2120.4,1,25.2,99.2,1,51.1,10000,13,346.7,1,243.8,1348,6844,303.8,5.3,35.7,5.0,2.5,0.0,220.9,0.0,0.0,0.6,8,863.4,,38,8,3496,6459
2026-09-30T01:24:46+00:00,2123.6,1,21.4,98.5,1,54.4,10000,13,466.4,1,62.1,1299,6893,303.8,5.3,35.7,5.0,2.5,0.0,220.9,0.0,0.0,0.6,8,780.5,,46,8,3480,6467
2026-09-30T01:24:49+00:00,2126.7,1,25.2,98.5,1,32.6,10000,14,645.2,1,75.4,1606,6586,303.8,5.3,35.7,5.0,2.5,0.0,220.9,0.0,0.0,0.6,5,143.6,,41,6,3472,6482
2026-09-30T01:24:53+00:00,2129.9,1,25.2,98.4,1,54.4,10000,13,646.8,1,183.1,1488,6704,303.9,5.3,35.7,5.0,2.5,0.0,220.9,0.0,0.0,0.6,8,468.8,,38,8,3464,6491
2026-09-30T01:24:56+00:00,2133.1,1,25.2,97.3,1,51.2,10000,13,587.9,1,246.5,1430,6762,303.9,5.3,35.7,5.0,2.5,0.0,220.9,0.0,0.0,0.6,8,718.4,,38,8,3456,6499
2026-09-30T01:24:59+00:00,2136.2,1,25.2,98.5,1,22.3,10000,13,351.9,1,264.6,1360,6832,303.9,5.3,35.7,5.0,2.5,0.0,220.9,0.0,0.0,0.6,8,839.9,,38,8,3448,6507
2026-09-30T01:25:02+00:00,2139.3,1,25.2,99.2,1,22.3,10000,13,306.4,1,175.0,1272,6920,304.0,5.3,35.7,5.1,2.5,0.0,220.9,0.0,0.0,0.6,8,897.4,,46,8,3432,6515
2026-09-30T01:25:05+00:00,2142.4,1,25.2,98.3,1,45.7,10000,14,648.3,1,105.8,1654,6538,304.0,5.3,35.7,5.1,2.5,0.0,220.9,0.0,0.0,0.6,6,35.5,,45,2,3424,6530
2026-09-30T01:25:08+00:00,2145.6,1,25.2,99.1,1,54.5,10000,13,647.9,1,224.3,1494,6698,304.0,5.3,35.7,5.1,2.5,0.0,220.9,0.0,0.0,0.6,8,458.0,,38,8,3416,6539
2026-09-30T01:25:12+00:00,2148.7,1,25.2,98.8,1,57.5,10000,13,528.9,1,246.8,1469,6723,304.0,5.3,35.7,5.1,2.5,0.0,220.9,0.0,0.0,0.6,8,701.2,,38,8,3408,6547
2026-09-30T01:25:15+00:00,2151.8,1,25.2,98.7,1,54.5,10000,13,289.8,1,264.8,1377,6815,304.0,5.3,35.7,5.1,2.5,0.0,220.9,0.0,0.0,0.6,8,829.3,,38,8,3400,6555
2026-09-30T01:25:18+00:00,2154.9,1,25.2,98.4,1,77.6,10000,13,329.2,1,127.2,1257,6935,304.0,5.3,35.7,5.1,2.5,0.0,220.9,0.0,0.0,0.6,9,862.6,,46,8,3384,6563
2026-09-30T01:25:21+00:00,2158.0,1,25.2,99.2,1,52.0,10000,13,478.5,1,105.2,1244,6948,304.0,5.3,35.7,5.1,2.5,0.0,220.9,0.0,0.0,0.6,8,781.2,,46,8,3376,6571
2026-09-30T01:25:24+00:00,2161.1,1,25.2,98.9,1,54.6,10000,13,648.4,1,150.0,1569,6623,304.0,5.3,35.7,5.1,2.5,0.0,220.9,0.0,0.0,0.6,8,269.8,,38,8,3368,6587
2026-09-30T01:25:27+00:00,2164.2,1,25.2,99.1,1,58.2,10000,13,646.5,1,230.7,1473,6719,304.0,5.3,35.7,5.1,2.5,0.0,220.9,0.0,0.0,0.6,8,477.0,,38,8,3360,6595
2026-09-30T01:25:30+00:00,2167.3,1,25.2,99.4,1,55.7,10000,13,416.7,1,244.0,1387,6805,304.0,5.3,35.7,5.1,2.5,0.0,220.9,0.0,0.0,0.6,8,697.2,,38,8,3352,6603
2026-09-30T01:25:33+00:00,2170.4,1,25.2,99.3,2,114.8,10000,13,293.4,1,250.5,1271,6921,304.0,5.3,35.7,5.1,2.5,0.0,220.9,0.0,0.0,0.6,8,831.3,,46,8,3336,6611
2026-09-30T01:25:36+00:00,2173.5,1,25.2,99.8,1,24.8,10000,13,455.7,1,110.7,1235,6957,304.0,5.3,35.7,5.1,2.5,0.0,220.9,0.0,0.0,0.6,8,801.4,,46,8,3328,6619
2026-09-30T01:25:39+00:00,2176.6,1,25.2,99.6,1,51.1,10000,13,628.4,1,193.3,1533,6659,304.0,5.3,35.7,5.1,2.5,0.0,220.9,0.0,0.0,0.6,6,294.0,,42,6,3320,6633
2026-09-30T01:25:42+00:00,2179.7,1,25.2,99.3,1,52.3,10000,13,646.7,1,167.5,1462,6730,304.0,5.3,35.7,5.1,2.5,0.0,220.9,0.0,0.0,0.6,8,431.9,,38,8,3312,6643
2026-09-30T01:25:46+00:00,2182.8,1,21.4,99.8,1,25.7,10000,13,513.9,1,242.1,1397,6795,304.0,5.3,35.7,5.1,2.5,0.0,220.9,0.0,0.0,0.6,8,675.2,,38,8,3304,6651
2026-09-30T01:25:49+00:00,2185.9,1,25.2,99.9,1,75.9,10000,13,318.5,1,228.9,1289,6903,304.0,5.3,35.7,5.1,2.5,0.0,220.9,0.0,0.0,0.6,8,805.3,,38,8,3296,6659
2026-09-30T01:25:52+00:00,2189.0,1,25.2,99.5,1,40.1,10000,13,267.1,1,137.0,1303,6889,304.0,5.3,35.7,5.1,2.5,0.0,220.9,0.0,0.0,0.6,8,811.3,,46,8,3280,6667
2026-09-30T01:25:55+00:00,2192.1,1,25.1,99.6,1,50.9,10000,13,472.6,1,23.5,1238,6954,304.0,5.3,35.7,5.2,2.6,0.0,220.9,0.0,0.0,0.6,8,790.2,,46,8,3272,6675
2026-09-30T01:25:58+00:00,2195.2,1,25.2,99.7,1,58.7,10000,16,659.2,1,152.4,1614,6578,304.0,5.3,35.7,5.2,2.6,0.0,220.9,0.0,0.0,0.6,5,172.9,,41,5,3264,6691
2026-09-30T01:26:01+00:00,2198.3,1,25.2,99.6,1,54.5,10000,13,644.6,1,233.7,1469,6723,304.0,5.3,35.7,5.2,2.6,0.0,220.9,0.0,0.0,0.6,8,525.6,,38,8,3256,6699
2026-09-30T01:26:04+00:00,2201.3,1,25.2,99.6,1,76.8,10000,13,572.5,1,249.5,1442,6750,304.0,5.3,35.7,5.2,2.6,0.0,220.9,0.0,0.0,0.6,8,695.4,,38,8,3248,6707
2026-09-30T01:26:07+00:00,2204.4,1,25.2,99.7,1,54.5,10000,13,316.6,1,251.7,1314,6878,304.0,5.3,35.7,5.2,2.6,0.0,220.9,0.0,0.0,0.6,8,848.6,,38,8,3240,6715
2026-09-30T01:26:10+00:00,2207.5,1,25.2,99.1,1,22.5,10000,13,409.8,1,151.7,1261,6931,304.1,5.3,35.7,5.2,2.6,0.0,220.9,0.0,0.0,0.6,8,870.0,,46,8,3224,6723
2026-09-30T01:26:13+00:00,2210.6,1,25.2,99.6,1,51.2,10000,13,640.6,1,127.0,1623,6569,304.1,5.3,35.7,5.2,2.6,0.0,220.9,0.0,0.0,0.6,4,123.7,,42,7,3216,6736
2026-09-30T01:26:17+00:00,2213.7,1,25.2,99.0,1,51.1,10000,13,649.6,1,154.4,1482,6710,304.1,5.3,35.7,5.2,2.6,0.0,220.9,0.0,0.0,0.6,8,436.1,,38,8,3208,6747
2026-09-30T01:26:20+00:00,2216.8,1,25.2,98.8,1,77.7,10000,13,527.4,1,242.0,1498,6694,304.1,5.3,35.7,5.2,2.6,0.0,220.9,0.0,0.0,0.6,8,615.3,,38,8,3200,6755
2026-09-30T01:26:23+00:00,2219.9,1,25.2,99.8,1,67.5,10000,13,472.1,1,252.2,1410,6782,304.1,5.3,35.7,5.2,2.6,0.0,220.9,0.0,0.0,0.6,8,790.1,,38,8,3192,6763
2026-09-30T01:26:26+00:00,2223.0,1,25.2,98.6,1,51.9,10000,13,329.6,1,242.0,1353,6839,304.1,5.3,35.7,5.2,2.6,0.0,220.9,0.0,0.0,0.6,8,889.8,,38,8,3184,6771
2026-09-30T01:26:29+00:00,2226.1,1,25.2,99.6,1,54.5,10000,13,574.7,1,167.7,1496,6696,304.1,5.3,35.7,5.2,2.6,0.0,220.9,0.0,0.0,0.6,7,550.6,,43,8,3168,6782
2026-09-30T01:26:32+00:00,2229.2,1,25.2,99.8,1,51.2,10000,13,645.6,1,235.7,1589,6603,304.1,5.3,35.7,5.2,2.6,0.0,220.9,0.0,0.0,0.6,7,355.0,,39,8,3160,6794
2026-09-30T01:26:35+00:00,2232.2,1,25.2,99.5,1,67.1,10000,13,543.0,1,244.1,1446,6746,304.1,5.3,35.7,5.2,2.6,0.0,220.9,0.0,0.0,0.6,8,632.8,,38,8,3152,6803
2026-09-30T01:26:38+00:00,2235.4,1,25.2,98.6,1,22.5,10000,13,403.2,1,259.5,1391,6801,304.1,5.3,35.7,5.2,2.6,0.0,220.9,0.0,0.0,0.6,8,831.0,,38,8,3144,6811
2026-09-30T01:26:41+00:00,2238.5,1,25.2,99.2,1,31.9,10000,13,408.4,1,100.1,1280,6912,304.1,5.3,35.7,5.2,2.6,0.0,220.9,0.0,0.0,0.6,8,780.2,,46,8,3128,6819
2026-09-30T01:26:44+00:00,2241.6,1,25.2,99.3,1,54.8,10000,13,610.0,1,74.0,1379,6813,304.2,5.3,35.7,5.2,2.6,0.0,220.9,0.0,0.0,0.6,8,492.7,,43,7,3120,6831
2026-09-30T01:26:48+00:00,2244.8,1,25.2,99.3,1,51.8,10000,13,649.4,1,228.8,1488,6704,304.2,5.3,35.7,5.3,2.6,0.0,220.9,0.0,0.0,0.6,8,401.7,,38,8,3112,6843
2026-09-30T01:26:51+00:00,2247.9,1,25.2,98.7,1,62.2,10000,13,525.6,1,240.7,1398,6794,304.3,5.3,35.7,5.3,2.7,0.0,220.9,0.0,0.0,0.6,8,688.0,,38,8,3104,6851
2026-09-30T01:26:54+00:00,2251.1,1,25.2,99.2,1,36.5,10000,13,376.4,1,259.3,1325,6867,304.3,5.3,35.7,5.3,2.7,0.0,220.9,0.0,0.0,0.6,8,785.1,,38,8,3096,6859
2026-09-30T01:26:57+00:00,2254.2,1,25.2,99.0,1,22.5,10000,13,321.7,1,123.0,1246,6946,304.3,5.3,35.7,5.3,2.7,0.0,220.9,0.0,0.0,0.6,8,883.1,,46,8,3080,6867
2026-09-30T01:27:00+00:00,2257.3,1,25.1,98.5,1,22.2,10000,13,517.4,1,39.2,1211,6981,304.3,5.3,35.7,5.3,2.7,0.0,220.9,0.0,0.0,0.6,8,729.4,,46,8,3072,6875
2026-09-30T01:27:03+00:00,2260.4,1,25.2,98.9,1,34.9,10000,13,648.2,1,125.8,1576,6616,304.3,5.3,35.7,5.3,2.7,0.0,220.9,0.0,0.0,0.6,8,257.4,,38,8,3064,6891
2026-09-30T01:27:06+00:00,2263.5,1,25.2,99.4,1,56.9,10000,13,649.0,1,240.4,1448,6744,304.3,5.3,35.7,5.3,2.7,0.0,220.9,0.0,0.0,0.6,8,544.8,,38,8,3056,6899
2026-09-30T01:27:09+00:00,2266.6,1,25.2,98.5,1,51.0,10000,13,374.9,1,242.5,1388,6804,304.3,5.3,35.7,5.3,2.7,0.0,220.9,0.0,0.0,0.6,8,739.0,,38,8,3048,6907
2026-09-30T01:27:12+00:00,2269.6,1,25.2,97.6,1,34.8,10000,13,266.2,1,265.4,1331,6861,304.3,5.3,35.7,5.3,2.7,0.0,220.9,0.0,0.0,0.6,8,838.5,,38,8,3040,6915
2026-09-30T01:27:16+00:00,2272.7,1,25.2,98.4,1,50.2,10000,13,344.1,1,152.2,1249,6943,304.3,5.3,35.7,5.3,2.7,0.0,220.9,0.0,0.0,0.6,8,811.8,,46,8,3024,6923
2026-09-30T01:27:19+00:00,2275.9,1,25.2,97.2,1,51.7,10000,13,649.3,1,121.5,1594,6598,304.4,5.3,35.7,5.3,2.7,0.0,220.9,0.0,0.0,0.6,8,238.3,,38,8,3016,6939
2026-09-30T01:27:22+00:00,2279.0,1,25.2,98.7,1,79.2,10000,13,648.1,1,223.9,1494,6698,304.4,5.3,35.7,5.3,2.7,0.0,220.9,0.0,0.0,0.6,8,465.9,,38,8,3008,6947
2026-09-30T01:27:25+00:00,2282.1,1,25.2,98.8,1,41.5,10000,13,533.2,1,239.8,1477,6715,304.4,5.3,35.7,5.3,2.7,0.0,220.9,0.0,0.0,0.6,8,631.9,,38,8,3000,6955
2026-09-30T01:27:28+00:00,2285.2,1,25.2,98.7,1,56.7,10000,13,379.9,1,265.2,1351,6841,304.4,5.3,35.7,5.3,2.7,0.0,220.9,0.0,0.0,0.6,8,833.4,,38,8,2992,6963
2026-09-30T01:27:31+00:00,2288.3,1,21.4,99.0,1,52.7,10000,13,482.4,1,151.5,1311,6881,304.4,5.3,35.7,5.4,2.7,0.0,220.9,0.0,0.0,0.6,8,777.5,,46,8,2976,6971
2026-09-30T01:27:34+00:00,2291.4,1,25.2,99.3,1,58.7,10000,13,648.2,1,192.1,1588,6604,304.4,5.3,35.7,5.4,2.7,0.0,220.9,0.0,0.0,0.6,8,264.1,,38,8,2968,6987
2026-09-30T01:27:37+00:00,2294.5,1,25.2,99.1,1,51.2,10000,13,647.8,1,225.0,1496,6696,304.4,5.3,35.7,5.4,2.7,0.0,220.9,0.0,0.0,0.6,8,461.3,,38,8,2960,6995
2026-09-30T01:27:40+00:00,2297.5,1,25.2,99.0,1,51.6,10000,13,554.4,1,255.1,1427,6765,304.4,5.3,35.7,5.4,2.7,0.0,220.9,0.0,0.0,0.6,8,730.7,,38,8,2952,7003
2026-09-30T01:27:43+00:00,2300.6,1,25.2,99.2,1,80.6,10000,13,295.9,1,233.1,1305,6887,304.4,5.3,35.7,5.4,2.7,0.0,220.9,0.0,0.0,0.6,8,810.9,,38,8,2944,7011
2026-09-30T01:27:47+00:00,2303.7,1,25.2,99.2,1,51.5,10000,13,308.5,1,146.8,1270,6922,304.4,5.3,35.7,5.4,2.7,0.0,220.9,0.0,0.0,0.6,8,834.4,,46,8,2928,7019
2026-09-30T01:27:50+00:00,2306.8,1,25.2,99.6,1,54.9,10000,14,580.5,1,125.5,1452,6740,304.4,5.3,35.7,5.4,2.7,0.0,220.9,0.0,0.0,0.6,7,502.1,,45,5,2920,7031
2026-09-30T01:27:53+00:00,2309.9,1,25.2,99.5,1,73.8,10000,13,648.2,1,141.0,1610,6582,304.4,5.3,35.7,5.4,2.7,0.0,220.9,0.0,0.0,0.6,8,318.1,,38,8,2912,7043
2026-09-30T01:27:56+00:00,2313.0,1,25.2,99.7,1,54.0,10000,13,640.2,1,239.6,1477,6715,304.4,5.3,35.7,5.4,2.7,0.0,220.9,0.0,0.0,0.6,8,613.2,,38,8,2904,7051
2026-09-30T01:27:59+00:00,2316.1,1,25.2,98.5,1,54.2,10000,13,353.5,1,263.4,1368,6824,304.4,5.3,35.7,5.4,2.7,0.0,220.9,0.0,0.0,0.6,8,792.5,,38,8,2896,7059
2026-09-30T01:28:02+00:00,2319.2,1,25.2,99.4,1,51.7,10000,13,396.7,1,205.7,1320,6872,304.4,5.3,35.7,5.4,2.7,0.0,220.9,0.0,0.0,0.6,8,930.7,,46,8,2880,7067
2026-09-30T01:28:05+00:00,2322.3,1,25.2,99.3,1,77.3,10000,13,612.0,1,153.9,1586,6606,304.4,5.3,35.7,5.4,2.7,0.0,220.9,0.0,0.0,0.6,7,391.7,,41,7,2872,7081
2026-09-30T01:28:08+00:00,2325.4,1,25.2,99.2,1,51.3,10000,13,648.1,1,240.8,1510,6682,304.4,5.3,35.7,5.4,2.7,0.0,220.9,0.0,0.0,0.6,8,488.4,,38,8,2864,7091
2026-09-30T01:28:11+00:00,2328.5,1,25.2,98.6,1,55.0,10000,13,468.6,1,244.9,1394,6798,304.5,5.3,35.7,5.4,2.7,0.0,220.9,0.0,0.0,0.6,8,709.6,,38,8,2856,7099
2026-09-30T01:28:14+00:00,2331.6,1,25.2,99.5,1,64.3,10000,13,294.3,1,234.2,1296,6896,304.5,5.3,35.7,5.4,2.7,0.0,220.9,0.0,0.0,0.6,8,830.6,,38,8,2848,7107
2026-09-30T01:28:18+00:00,2334.8,1,25.2,99.7,1,50.9,10000,14,476.6,1,140.0,1287,6905,304.5,5.3,35.7,5.4,2.7,0.0,220.9,0.0,0.0,0.6,7,727.1,,46,7,2832,7116
2026-09-30T01:28:21+00:00,2337.8,1,25.2,99.8,1,28.5,10000,13,590.0,1,204.6,1400,6792,304.5,5.3,35.7,5.5,2.7,0.0,220.9,0.0,0.0,0.6,8,683.0,,43,8,2824,7126
2026-09-30T01:28:24+00:00,2340.9,1,25.2,99.1,2,128.6,10000,13,649.7,1,234.0,1466,6726,304.5,5.3,35.7,5.5,2.7,0.0,220.9,0.0,0.0,0.6,8,375.8,,38,8,2816,7139
2026-09-30T01:28:27+00:00,2344.0,1,25.2,99.3,1,54.4,10000,13,621.2,1,240.6,1409,6783,304.5,5.3,35.7,5.5,2.7,0.0,220.9,0.0,0.0,0.6,8,597.8,,38,8,2808,7147
2026-09-30T01:28:30+00:00,2347.1,1,25.2,99.2,1,25.3,10000,13,352.5,1,243.0,1297,6895,304.5,5.3,35.7,5.5,2.7,0.0,220.9,0.0,0.0,0.6,8,794.3,,38,8,2800,7155
2026-09-30T01:28:33+00:00,2350.3,1,25.2,99.0,1,22.3,10000,13,407.0,1,95.4,1238,6954,304.5,5.3,35.7,5.5,2.7,0.0,220.9,0.0,0.0,0.6,8,926.4,,46,8,2784,7163
2026-09-30T01:28:36+00:00,2353.4,1,25.2,99.4,1,71.1,10000,14,597.8,1,91.7,1421,6771,304.6,5.3,35.7,5.5,2.7,0.0,220.9,0.0,0.0,0.6,7,462.8,,45,5,2776,7175
2026-09-30T01:28:39+00:00,2356.5,1,25.2,99.7,1,58.5,10000,13,648.6,1,184.5,1468,6724,304.6,5.3,35.7,5.5,2.7,0.0,220.9,0.0,0.0,0.6,8,388.5,,38,8,2768,7187
2026-09-30T01:28:42+00:00,2359.6,1,25.2,99.4,1,54.6,10000,13,529.0,1,237.6,1427,6765,304.6,5.3,35.7,5.5,2.7,0.0,220.9,0.0,0.0,0.6,8,627.0,,38,8,2760,7195
2026-09-30T01:28:45+00:00,2362.7,1,25.2,99.4,1,77.9,10000,13,355.3,1,248.2,1331,6861,304.6,5.3,35.7,5.6,2.7,0.0,220.9,0.0,0.0,0.6,8,795.0,,38,8,2752,7203
2026-09-30T01:28:49+00:00,2365.8,1,25.2,98.5,1,54.6,10000,13,442.6,1,187.6,1282,6910,304.7,5.3,35.7,5.6,2.8,0.0,220.9,0.0,0.0,0.6,8,873.5,,46,8,2736,7211
2026-09-30T01:28:52+00:00,2369.0,1,25.2,99.2,2,126.1,10000,13,561.1,1,126.2,1384,6808,304.7,5.3,35.7,5.6,2.8,0.0,220.9,0.0,0.0,0.6,8,568.9,,43,7,2728,7223
2026-09-30T01:28:55+00:00,2372.1,1,25.2,99.6,1,77.9,10000,13,624.2,1,237.3,1483,6709,304.7,5.3,35.7,5.6,2.8,0.0,220.9,0.0,0.0,0.6,9,473.1,,39,8,2720,7234
2026-09-30T01:28:58+00:00,2375.2,1,25.2,98.5,1,51.4,10000,13,556.9,1,239.7,1481,6711,304.7,5.3,35.7,5.6,2.8,0.0,220.9,0.0,0.0,0.6,8,652.9,,38,8,2712,7243
2026-09-30T01:29:01+00:00,2378.3,1,25.2,98.4,1,54.0,10000,13,278.9,1,265.1,1361,6831,304.7,5.3,35.7,5.6,2.8,0.0,220.9,0.0,0.0,0.6,8,826.0,,38,8,2704,7251
2026-09-30T01:29:04+00:00,2381.4,1,25.2,99.5,1,54.8,10000,13,451.5,1,137.4,1301,6891,304.7,5.3,35.7,5.6,2.8,0.0,220.9,0.0,0.0,0.6,8,828.6,,46,8,2688,7259
2026-09-30T01:29:07+00:00,2384.6,1,25.2,99.3,1,74.1,10000,14,655.1,1,195.5,1630,6562,304.7,5.3,35.7,5.6,2.8,0.0,220.9,0.0,0.0,0.6,7,265.4,,39,7,2680,7275
2026-09-30T01:29:10+00:00,2387.6,1,25.2,99.3,1,59.1,10000,13,647.3,1,244.6,1460,6732,304.7,5.3,35.7,5.6,2.8,0.0,220.9,0.0,0.0,0.6,8,538.5,,38,8,2672,7283
2026-09-30T01:29:13+00:00,2390.7,1,25.2,98.8,1,51.1,10000,13,528.6,1,241.8,1425,6767,304.7,5.3,35.7,5.6,2.8,0.0,220.9,0.0,0.0,0.6,8,759.7,,38,8,2664,7291
2026-09-30T01:29:17+00:00,2393.8,1,25.2,99.4,1,58.2,10000,13,368.0,1,255.3,1350,6842,304.7,5.3,35.7,5.6,2.8,0.0,220.9,0.0,0.0,0.6,8,846.3,,46,8,2648,7299
2026-09-30T01:29:20+00:00,2396.9,1,25.2,98.2,1,50.2,10000,13,421.7,1,115.4,1302,6890,304.7,5.3,35.7,5.6,2.8,0.0,220.9,0.0,0.0,0.6,8,842.8,,46,8,2640,7307
2026-09-30T01:29:23+00:00,2400.0,1,25.2,98.9,1,68.5,10000,13,640.5,1,136.9,1594,6598,304.7,5.3,35.7,5.6,2.8,0.0,220.9,0.0,0.0,0.6,8,331.8,,39,8,2632,7322
2026-09-30T01:29:26+00:00,2403.1,1,25.2,99.2,1,77.5,10000,13,648.0,1,139.8,1528,6664,304.7,5.3,35.7,5.6,2.8,0.0,220.9,0.0,0.0,0.6,8,471.7,,38,8,2624,7331
2026-09-30T01:29:29+00:00,2406.2,1,25.2,98.1,1,51.2,10000,13,631.3,1,239.0,1450,6742,304.7,5.3,35.7,5.6,2.8,0.0,220.9,0.0,0.0,0.6,8,696.0,,38,8,2616,7339
2026-09-30T01:29:32+00:00,2409.3,1,25.2,99.7,1,53.7,10000,13,355.3,1,264.2,1375,6817,304.7,5.3,35.7,5.6,2.8,0.0,220.9,0.0,0.0,0.6,8,838.8,,38,8,2608,7347
2026-09-30T01:29:35+00:00,2412.4,1,21.4,99.4,1,51.5,10000,13,463.1,1,142.3,1288,6904,304.7,5.3,35.7,5.6,2.8,0.0,220.9,0.0,0.0,0.6,8,790.1,,46,8,2592,7355
2026-09-30T01:29:38+00:00,2415.5,1,25.2,99.2,1,74.7,10000,13,646.8,1,214.1,1578,6614,304.8,5.3,35.7,5.6,2.8,0.0,220.9,0.0,0.0,0.6,8,234.1,,41,5,2584,7371
2026-09-30T01:29:41+00:00,2418.6,1,25.2,99.2,1,53.5,10000,13,574.0,1,225.8,1444,6748,304.8,5.3,35.7,5.6,2.8,0.0,220.9,0.0,0.0,0.6,8,469.5,,38,8,2576,7379
2026-09-30T01:29:45+00:00,2421.8,1,25.2,99.2,1,33.2,10000,13,410.2,1,245.5,1346,6846,304.8,5.3,35.7,5.7,2.8,0.0,220.9,0.0,0.0,0.6,8,691.2,,38,8,2568,7387
2026-09-30T01:29:48+00:00,2424.9,1,25.2,99.7,1,53.1,10000,13,340.9,1,224.6,1288,6904,304.8,5.3,35.7,5.7,2.8,0.0,220.9,0.0,0.0,0.6,8,804.6,,38,8,2560,7395
2026-09-30T01:29:51+00:00,2428.0,1,25.2,99.7,1,51.1,10000,13,369.6,1,124.6,1203,6989,304.8,5.3,35.7,5.7,2.8,0.0,220.9,0.0,0.0,0.6,8,801.0,,46,8,2544,7403
2026-09-30T01:29:54+00:00,2431.1,1,25.2,98.2,1,38.3,10000,13,612.5,1,74.9,1402,6790,304.9,5.3,35.7,5.7,2.9,0.0,220.9,0.0,0.0,0.6,8,494.9,,46,4,2536,7415
2026-09-30T01:29:57+00:00,2434.2,1,25.2,99.0,1,64.6,10000,13,647.6,1,106.1,1557,6635,304.9,5.3,35.7,5.7,2.9,0.0,220.9,0.0,0.0,0.6,8,300.3,,38,8,2528,7427
2026-09-30T01:30:00+00:00,2437.3,1,25.2,99.4,1,51.5,10000,13,648.5,1,244.2,1463,6729,304.9,5.3,35.7,5.7,2.9,0.0,220.9,0.0,0.0,0.6,8,555.8,,38,8,2520,7435
2026-09-30T01:30:03+00:00,2440.4,1,25.2,98.4,1,40.7,10000,13,390.8,1,252.8,1354,6838,304.9,5.3,35.7,5.7,2.9,0.0,220.9,0.0,0.0,0.6,8,758.0,,38,8,2512,7443
2026-09-30T01:30:06+00:00,2443.5,1,25.2,98.0,1,51.6,10000,13,364.6,1,260.1,1327,6865,304.9,5.3,35.7,5.7,2.9,0.0,220.9,0.0,0.0,0.6,8,851.2,,38,8,2504,7451
2026-09-30T01:30:09+00:00,2446.6,1,25.2,98.8,1,29.6,10000,13,377.1,1,66.3,1288,6904,304.9,5.3,35.7,5.7,2.9,0.0,220.9,0.0,0.0,0.6,8,853.2,,46,8,2488,7459
2026-09-30T01:30:13+00:00,2449.7,1,25.2,97.4,1,51.1,10000,13,647.8,1,91.2,1574,6618,305.0,5.3,35.7,5.7,2.9,0.0,220.9,0.0,0.0,0.6,8,230.8,,40,6,2480,7475
2026-09-30T01:30:16+00:00,2452.9,1,25.2,97.9,1,53.9,10000,13,652.6,1,231.3,1492,6700,305.0,5.3,35.7,5.7,2.9,0.0,220.9,0.0,0.0,0.6,8,438.0,,38,8,2472,7483
2026-09-30T01:30:19+00:00,2455.9,1,25.1,98.3,1,54.8,10000,13,464.2,1,236.7,1441,6751,305.0,5.3,35.7,5.7,2.9,0.0,220.9,0.0,0.0,0.6,8,679.9,,38,8,2464,7491
2026-09-30T01:30:22+00:00,2459.1,1,25.2,98.6,1,51.1,10000,13,401.5,1,266.0,1373,6819,305.0,5.3,35.7,5.7,2.9,0.0,220.9,0.0,0.0,0.6,8,830.8,,38,8,2456,7499
2026-09-30T01:30:25+00:00,2462.2,1,25.2,99.3,1,66.0,10000,13,455.4,1,148.9,1288,6904,305.0,5.3,35.7,5.7,2.9,0.0,220.9,0.0,0.0,0.6,8,728.6,,46,8,2440,7507
2026-09-30T01:30:28+00:00,2465.3,1,25.2,99.4,2,127.6,10000,14,649.7,1,127.4,1615,6577,305.0,5.3,35.7,5.8,2.9,0.0,220.9,0.0,0.0,0.6,6,168.2,,41,5,2432,7523
2026-09-30T01:30:31+00:00,2468.4,1,25.2,98.2,1,51.7,10000,13,643.7,1,201.2,1489,6703,305.0,5.3,35.7,5.8,2.9,0.0,220.9,0.0,0.0,0.6,8,438.6,,38,8,2424,7531
2026-09-30T01:30:34+00:00,2471.5,1,25.2,99.3,1,54.1,10000,13,515.3,1,240.5,1410,6782,305.0,5.3,35.7,5.8,2.9,0.0,220.9,0.0,0.0,0.6,8,708.4,,38,8,2416,7539
2026-09-30T01:30:37+00:00,2474.6,1,25.2,99.5,1,44.5,10000,13,276.1,1,240.6,1348,6844,305.1,5.3,35.7,5.8,2.9,0.0,220.9,0.0,0.0,0.6,8,837.9,,38,8,2408,7547
2026-09-30T01:30:40+00:00,2477.7,1,25.2,99.5,1,37.0,10000,13,477.5,1,49.9,1267,6925,305.1,5.3,35.7,5.8,2.9,0.0,220.9,0.0,0.0,0.6,8,773.1,,46,8,2392,7555
2026-09-30T01:30:44+00:00,2480.8,1,25.2,99.2,1,51.0,10000,13,648.2,1,111.7,1570,6622,305.1,5.3,35.7,5.8,2.9,0.0,220.9,0.0,0.0,0.6,7,189.2,,39,7,2384,7571
2026-09-30T01:30:47+00:00,2484.0,1,25.2,99.5,1,58.6,10000,13,648.0,1,193.0,1468,6724,305.1,5.3,35.7,5.8,2.9,0.0,220.9,0.0,0.0,0.6,8,461.0,,38,8,2376,7579
2026-09-30T01:30:50+00:00,2487.1,1,25.2,99.2,1,25.6,10000,13,605.6,1,247.3,1462,6730,305.1,5.3,35.7,5.9,2.9,0.0,220.9,0.0,0.0,0.6,8,645.5,,38,8,2368,7587
2026-09-30T01:30:53+00:00,2490.2,1,25.2,99.2,1,51.7,10000,13,383.4,1,254.6,1414,6778,305.1,5.3,35.7,5.9,2.9,0.0,220.9,0.0,0.0,0.6,8,800.5,,38,8,2360,7595
2026-09-30T01:30:56+00:00,2493.2,1,25.2,98.7,1,56.1,10000,13,359.1,1,199.6,1306,6886,305.1,5.3,35.7,5.9,2.9,0.0,220.9,0.0,0.0,0.6,8,893.3,,46,8,2344,7603
2026-09-30T01:30:59+00:00,2496.3,1,25.2,99.1,1,33.2,10000,13,336.4,1,185.4,1274,6918,305.1,5.3,35.7,5.9,2.9,0.0,220.9,0.0,0.0,0.6,8,820.0,,46,8,2336,7611
2026-09-30T01:31:02+00:00,2499.4,1,25.2,99.1,1,54.3,10000,13,635.7,1,132.7,1577,6615,305.1,5.3,35.7,5.9,2.9,0.0,220.9,0.0,0.0,0.6,8,301.2,,40,7,2328,7626
2026-09-30T01:31:05+00:00,2502.5,1,25.2,98.5,1,51.4,10000,13,648.8,1,219.1,1456,6736,305.1,5.3,35.7,5.9,2.9,0.0,220.9,0.0,0.0,0.6,8,422.5,,38,8,2320,7635
2026-09-30T01:31:08+00:00,2505.6,1,25.2,97.8,1,22.7,10000,13,539.3,1,248.7,1391,6801,305.1,5.3,35.7,5.9,2.9,0.0,220.9,0.0,0.0,0.6,8,702.1,,38,8,2312,7643
2026-09-30T01:31:11+00:00,2508.7,1,25.2,98.7,1,22.4,10000,13,254.2,1,232.0,1340,6852,305.1,5.3,35.7,5.9,2.9,0.0,220.9,0.0,0.0,0.6,8,742.1,,38,8,2304,7651
2026-09-30T01:31:15+00:00,2511.8,1,25.2,98.5,1,25.8,10000,13,331.2,1,127.7,1234,6958,305.1,5.3,35.7,5.9,2.9,0.0,220.9,0.0,0.0,0.6,8,733.9,,46,8,2288,7659
2026-09-30T01:31:18+00:00,2515.0,1,25.2,97.8,1,66.0,10000,13,496.9,1,82.6,1245,6947,305.1,5.3,35.7,5.9,2.9,0.0,220.9,0.0,0.0,0.6,7,683.8,,46,8,2280,7667
2026-09-30T01:31:21+00:00,2518.1,1,25.2,99.4,1,51.1,10000,13,457.8,1,71.4,1305,6887,305.1,5.3,35.7,5.9,2.9,0.0,220.9,0.0,0.0,0.6,7,680.2,,46,8,2272,7675
2026-09-30T01:31:24+00:00,2521.2,1,25.2,99.3,1,54.5,10000,13,621.8,1,221.8,1483,6709,305.1,5.3,35.7,5.9,2.9,0.0,220.9,0.0,0.0,0.6,8,398.0,,42,6,2264,7689
2026-09-30T01:31:27+00:00,2524.3,1,25.2,99.9,1,51.2,10000,13,639.5,1,237.0,1494,6698,305.1,5.3,35.7,5.9,2.9,0.0,220.9,0.0,0.0,0.6,8,459.5,,38,8,2256,7699
2026-09-30T01:31:30+00:00,2527.3,1,25.2,99.5,1,62.5,10000,13,490.8,1,255.2,1422,6770,305.1,5.3,35.7,5.9,2.9,0.0,220.9,0.0,0.0,0.6,8,607.0,,38,8,2248,7707
2026-09-30T01:31:33+00:00,2530.5,1,25.2,99.3,1,52.5,10000,13,390.6,1,265.9,1350,6842,305.1,5.3,35.7,5.9,2.9,0.0,220.9,0.0,0.0,0.6,8,837.7,,38,8,2240,7715
2026-09-30T01:31:36+00:00,2533.6,1,25.2,98.6,1,51.3,10000,13,538.5,1,85.9,1285,6907,305.1,5.3,35.7,5.9,2.9,0.0,220.9,0.0,0.0,0.6,8,787.5,,46,8,2224,7723
2026-09-30T01:31:39+00:00,2536.7,1,25.2,99.5,1,77.2,10000,13,648.6,1,167.4,1573,6619,305.2,5.3,35.7,5.9,3.0,0.0,220.9,0.0,0.0,0.6,8,336.7,,38,8,2216,7739
2026-09-30T01:31:43+00:00,2539.8,1,25.2,98.7,1,51.0,10000,13,550.5,1,236.7,1515,6677,305.2,5.3,35.7,5.9,3.0,0.0,220.9,0.0,0.0,0.6,8,612.1,,38,8,2208,7747
2026-09-30T01:31:46+00:00,2542.8,1,25.2,98.0,1,54.9,10000,13,348.8,1,265.3,1368,6824,305.2,5.3,35.7,5.9,3.0,0.0,220.9,0.0,0.0,0.6,8,823.6,,38,8,2200,7755
2026-09-30T01:31:49+00:00,2545.9,1,25.2,99.3,1,78.4,10000,13,336.7,1,233.1,1321,6871,305.2,5.3,35.7,5.9,3.0,0.0,220.9,0.0,0.0,0.6,8,870.2,,46,8,2184,7763
2026-09-30T01:31:52+00:00,2549.0,1,25.2,99.1,1,58.4,10000,13,646.6,1,144.1,1621,6571,305.2,5.3,35.7,5.9,3.0,0.0,220.9,0.0,0.0,0.6,8,234.5,,39,7,2176,7779
2026-09-30T01:31:55+00:00,2552.1,1,25.2,98.9,1,53.8,10000,13,649.0,1,236.9,1511,6681,305.2,5.3,35.7,5.9,3.0,0.0,220.9,0.0,0.0,0.6,8,537.7,,38,8,2168,7787
2026-09-30T01:31:58+00:00,2555.2,1,25.2,99.3,1,51.9,10000,13,468.0,1,241.5,1445,6747,305.2,5.3,35.7,5.9,3.0,0.0,220.9,0.0,0.0,0.6,8,749.0,,38,8,2160,7795
2026-09-30T01:32:01+00:00,2558.3,1,25.2,98.0,1,73.0,10000,13,345.8,1,266.3,1406,6786,305.2,5.3,35.7,5.9,3.0,0.0,220.9,0.0,0.0,0.6,8,810.0,,38,8,2152,7803
2026-09-30T01:32:04+00:00,2561.4,1,25.2,94.7,1,22.3,10000,13,452.7,1,77.5,1357,6835,305.2,5.3,35.7,5.9,3.0,0.0,220.9,0.0,0.0,0.6,8,860.9,,46,8,2136,7811
2026-09-30T01:32:07+00:00,2564.5,1,25.2,99.6,1,51.4,10000,13,546.5,1,134.8,1390,6802,305.2,5.3,35.7,6.0,3.0,0.0,220.9,0.0,0.0,0.6,8,740.2,,44,8,2128,7821
2026-09-30T01:32:10+00:00,2567.5,1,25.2,99.0,1,94.5,10000,13,640.8,1,204.2,1560,6632,305.2,5.3,35.7,6.0,3.0,0.0,220.9,0.0,0.0,0.6,8,325.5,,38,8,2120,7835
2026-09-30T01:32:13+00:00,2570.6,1,25.2,99.2,1,51.9,10000,13,646.7,1,234.0,1467,6725,305.3,5.3,35.7,6.0,3.0,0.0,220.9,0.0,0.0,0.6,8,508.6,,38,8,2112,7843
2026-09-30T01:32:16+00:00,2573.7,1,25.2,99.6,1,54.9,10000,13,483.9,1,257.2,1386,6806,305.3,5.3,35.7,6.0,3.0,0.0,220.9,0.0,0.0,0.6,8,677.4,,38,8,2104,7851
2026-09-30T01:32:20+00:00,2576.8,1,25.2,99.6,1,78.6,10000,13,337.3,1,189.4,1323,6869,305.3,5.3,35.7,6.0,3.0,0.0,220.9,0.0,0.0,0.6,8,853.6,,46,8,2088,7859
2026-09-30T01:32:23+00:00,2579.9,1,25.2,99.6,1,54.2,10000,13,538.3,1,96.1,1428,6764,305.3,5.3,35.7,6.0,3.0,0.0,220.9,0.0,0.0,0.6,5,509.1,,46,8,2080,7867
2026-09-30T01:32:26+00:00,2583.0,1,25.2,99.3,1,58.7,10000,13,647.5,1,234.4,1559,6633,305.3,5.3,35.7,6.0,3.0,0.0,220.9,0.0,0.0,0.6,8,363.6,,38,8,2072,7883
2026-09-30T01:32:29+00:00,2586.1,1,25.2,98.3,1,54.6,10000,13,632.6,1,245.1,1461,6731,305.3,5.3,35.7,6.0,3.0,0.0,220.9,0.0,0.0,0.6,8,584.4,,38,8,2064,7891
2026-09-30T01:32:32+00:00,2589.2,1,25.2,99.1,1,73.8,10000,13,365.2,1,249.0,1400,6792,305.3,5.3,35.7,6.0,3.0,0.0,220.9,0.0,0.0,0.6,8,763.8,,38,8,2056,7899
2026-09-30T01:32:35+00:00,2592.3,1,25.2,99.0,1,38.0,10000,13,317.7,1,159.6,1405,6787,305.3,5.3,35.7,6.0,3.0,0.0,220.9,0.0,0.0,0.6,8,894.0,,46,8,2040,7907
2026-09-30T01:32:38+00:00,2595.5,1,25.2,97.7,1,46.1,10000,13,563.7,1,61.7,1390,6802,305.3,5.3,35.7,6.0,3.0,0.0,220.9,0.0,0.0,0.6,6,582.3,,46,8,2032,7915
2026-09-30T01:32:41+00:00,2598.5,1,25.2,99.1,1,76.9,10000,13,648.5,1,208.2,1493,6699,305.4,5.3,35.7,6.0,3.0,0.0,220.9,0.0,0.0,0.6,8,367.9,,38,8,2024,7931
2026-09-30T01:32:44+00:00,2601.6,1,25.2,98.1,1,54.5,10000,13,643.0,1,179.3,1408,6784,305.4,5.3,35.7,6.0,3.0,0.0,220.9,0.0,0.0,0.6,8,438.0,,38,8,2016,7939
2026-09-30T01:32:48+00:00,2604.7,1,25.2,98.7,1,51.5,10000,13,431.2,1,234.6,1327,6865,305.4,5.3,35.7,6.0,3.0,0.0,220.9,0.0,0.0,0.6,8,691.0,,38,8,2008,7947
2026-09-30T01:32:51+00:00,2607.8,1,25.2,98.8,1,54.1,10000,13,278.8,1,240.4,1256,6936,305.4,5.3,35.7,6.1,3.0,0.0,220.9,0.0,0.0,0.6,8,829.6,,38,8,2000,7955
2026-09-30T01:32:54+00:00,2610.9,1,25.2,99.4,1,51.0,10000,13,418.0,1,94.6,1250,6942,305.4,5.3,35.7,6.1,3.0,0.0,220.9,0.0,0.0,0.6,8,784.5,,46,8,1984,7963
2026-09-30T01:32:57+00:00,2614.0,1,25.2,99.3,1,68.8,10000,13,623.6,1,117.7,1573,6619,305.4,5.3,35.7,6.1,3.0,0.0,220.9,0.0,0.0,0.6,5,151.0,,41,8,1976,7976
2026-09-30T01:33:00+00:00,2617.1,1,25.2,99.1,1,50.8,10000,13,560.3,1,236.7,1443,6749,305.4,5.3,35.7,6.1,3.0,0.0,220.9,0.0,0.0,0.6,8,436.1,,38,8,1968,7987
2026-09-30T01:33:03+00:00,2620.3,1,25.2,99.5,1,42.6,10000,13,472.9,1,251.9,1348,6844,305.4,5.3,35.7,6.1,3.0,0.0,220.9,0.0,0.0,0.6,8,730.9,,38,8,1960,7995
2026-09-30T01:33:06+00:00,2623.4,1,25.2,99.6,1,25.7,10000,13,338.9,1,239.0,1234,6958,305.4,5.3,35.7,6.1,3.0,0.0,220.9,0.0,0.0,0.6,8,873.5,,38,8,1952,8003
2026-09-30T01:33:09+00:00,2626.5,1,25.2,99.6,1,51.1,10000,13,601.4,1,136.5,1354,6838,305.4,5.3,35.7,6.1,3.0,0.0,220.9,0.0,0.0,0.6,7,576.1,,44,8,1936,8013
2026-09-30T01:33:12+00:00,2629.6,1,25.2,99.4,1,76.0,10000,13,647.4,1,218.5,1482,6710,305.4,5.3,35.7,6.1,3.0,0.0,220.9,0.0,0.0,0.6,8,358.8,,38,8,1928,8027
2026-09-30T01:33:16+00:00,2632.7,1,25.2,99.8,1,49.4,10000,13,401.8,1,249.9,1388,6804,305.5,5.3,35.7,6.1,3.0,0.0,220.9,0.0,0.0,0.6,8,597.9,,38,8,1920,8035
2026-09-30T01:33:19+00:00,2635.9,1,25.2,99.4,1,22.8,10000,13,354.5,1,259.8,1301,6891,305.5,5.3,35.7,6.1,3.0,0.0,220.9,0.0,0.0,0.6,8,803.2,,38,8,1912,8043
2026-09-30T01:33:22+00:00,2639.0,1,25.2,99.8,1,52.6,10000,13,311.9,1,196.8,1293,6899,305.5,5.3,35.7,6.1,3.1,0.0,220.9,0.0,0.0,0.6,8,850.0,,46,8,1896,8051
2026-09-30T01:33:25+00:00,2642.1,1,25.2,99.1,1,50.8,10000,15,637.7,1,113.9,1519,6673,305.5,5.3,35.7,6.1,3.1,0.0,220.9,0.0,0.0,0.6,6,346.2,,42,6,1888,8065
2026-09-30T01:33:28+00:00,2645.2,1,25.2,99.5,1,76.5,10000,13,648.9,1,171.1,1537,6655,305.5,5.3,35.7,6.1,3.1,0.0,220.9,0.0,0.0,0.6,8,365.1,,38,8,1880,8075
2026-09-30T01:33:31+00:00,2648.3,1,25.2,99.7,1,61.0,10000,13,456.7,1,247.7,1388,6804,305.5,5.3,35.7,6.1,3.1,0.0,220.9,0.0,0.0,0.6,8,632.0,,38,8,1872,8083
2026-09-30T01:33:34+00:00,2651.4,1,25.2,99.7,1,61.7,10000,13,498.5,1,242.5,1348,6844,305.5,5.3,35.7,6.1,3.1,0.0,220.9,0.0,0.0,0.6,8,805.7,,38,8,1864,8091
2026-09-30T01:33:37+00:00,2654.5,1,25.2,99.0,1,47.7,10000,13,408.6,1,71.6,1267,6925,305.5,5.3,35.7,6.1,3.1,0.0,220.9,0.0,0.0,0.6,8,780.2,,46,8,1848,8099
2026-09-30T01:33:40+00:00,2657.7,1,25.2,99.5,1,51.7,10000,13,648.5,1,149.2,1634,6558,305.6,5.3,35.7,6.2,3.1,0.0,220.9,0.0,0.0,0.6,8,236.2,,40,6,1840,8115
2026-09-30T01:33:44+00:00,2660.8,1,25.2,99.2,1,75.8,10000,13,632.0,1,235.8,1496,6696,305.6,5.3,35.7,6.2,3.1,0.0,220.9,0.0,0.0,0.6,8,525.8,,38,8,1832,8123
2026-09-30T01:33:47+00:00,2663.9,1,25.2,99.4,1,22.3,10000,13,419.2,1,266.1,1387,6805,305.6,5.3,35.7,6.2,3.1,0.0,220.9,0.0,0.0,0.6,8,776.8,,38,8,1824,8131
2026-09-30T01:33:50+00:00,2667.0,1,25.2,99.5,1,40.3,10000,13,345.0,1,223.8,1350,6842,305.7,5.3,35.7,6.3,3.1,0.0,220.9,0.0,0.0,0.6,8,875.2,,38,8,1816,8139
2026-09-30T01:33:53+00:00,2670.1,1,25.2,98.1,1,50.8,10000,13,572.1,1,70.0,1314,6878,305.7,5.3,35.7,6.3,3.1,0.0,220.9,0.0,0.0,0.6,7,573.0,,46,8,1800,8147
2026-09-30T01:33:56+00:00,2673.2,1,25.2,98.8,1,56.9,10000,13,791.8,1,207.3,1464,6728,305.7,5.3,35.7,6.3,3.1,0.0,220.9,0.0,0.0,0.6,8,477.9,,42,4,1792,8163
2026-09-30T01:33:59+00:00,2676.3,1,25.2,99.2,1,75.4,10000,13,548.9,1,247.0,1481,6711,305.7,5.3,35.7,6.3,3.1,0.0,220.9,0.0,0.0,0.6,8,582.4,,38,8,1784,8171
2026-09-30T01:34:02+00:00,2679.4,1,25.2,99.0,1,67.5,10000,13,477.3,1,259.0,1393,6799,305.7,5.3,35.7,6.3,3.1,0.0,220.9,0.0,0.0,0.6,8,782.2,,38,8,1776,8179
2026-09-30T01:34:05+00:00,2682.5,1,25.2,99.7,1,39.6,10000,13,283.7,1,206.8,1256,6936,305.7,5.3,35.7,6.3,3.1,0.0,220.9,0.0,0.0,0.6,8,803.8,,46,8,1760,8187
2026-09-30T01:34:08+00:00,2685.6,1,25.2,99.3,1,53.8,10000,13,563.4,1,118.7,1380,6812,305.7,5.3,35.7,6.3,3.1,0.0,220.9,0.0,0.0,0.6,7,571.5,,44,8,1752,8197
2026-09-30T01:34:11+00:00,2688.7,1,25.2,99.0,1,51.1,10000,13,647.8,1,144.0,1561,6631,305.7,5.3,35.7,6.3,3.1,0.0,220.9,0.0,0.0,0.6,8,323.3,,38,8,1744,8211
2026-09-30T01:34:15+00:00,2691.8,1,25.2,99.7,1,74.7,10000,13,567.7,1,233.3,1416,6776,305.7,5.3,35.7,6.3,3.1,0.0,220.9,0.0,0.0,0.6,8,629.6,,38,8,1736,8219
2026-09-30T01:34:18+00:00,2694.8,1,25.2,99.2,1,51.6,10000,13,332.1,1,244.5,1289,6903,305.7,5.3,35.7,6.3,3.1,0.0,220.9,0.0,0.0,0.6,8,808.5,,38,8,1728,8227
2026-09-30T01:34:21+00:00,2698.0,1,25.2,99.6,1,54.2,10000,13,393.6,1,106.0,1225,6967,305.7,5.3,35.7,6.3,3.1,0.0,220.9,0.0,0.0,0.6,8,729.4,,46,8,1712,8235
2026-09-30T01:34:24+00:00,2701.1,1,25.2,99.1,1,22.7,10000,13,649.0,1,152.5,1574,6618,305.7,5.3,35.7,6.3,3.1,0.0,220.9,0.0,0.0,0.6,8,237.9,,38,8,1704,8251
2026-09-30T01:34:27+00:00,2704.2,1,25.2,99.2,1,56.9,10000,13,615.0,1,234.7,1417,6775,305.7,5.3,35.7,6.3,3.1,0.0,220.9,0.0,0.0,0.6,8,507.2,,38,8,1696,8259
2026-09-30T01:34:30+00:00,2707.3,1,25.2,99.4,1,55.6,10000,13,356.1,1,251.0,1290,6902,305.7,5.3,35.7,6.3,3.1,0.0,220.9,0.0,0.0,0.6,8,794.4,,38,8,1688,8267
2026-09-30T01:34:33+00:00,2710.4,1,25.2,99.4,1,74.4,10000,13,277.7,1,232.4,1227,6965,305.7,5.3,35.7,6.3,3.1,0.0,220.9,0.0,0.0,0.6,8,793.7,,46,8,1672,8275
2026-09-30T01:34:36+00:00,2713.5,1,25.2,99.2,1,26.5,10000,13,558.0,1,78.3,1275,6917,305.7,5.3,35.7,6.3,3.1,0.0,220.9,0.0,0.0,0.6,8,660.0,,46,6,1664,8285
2026-09-30T01:34:39+00:00,2716.6,1,25.2,99.3,1,54.1,10000,13,648.4,1,196.5,1520,6672,305.7,5.3,35.7,6.3,3.1,0.0,220.9,0.0,0.0,0.6,8,280.2,,38,8,1656,8299
2026-09-30T01:34:42+00:00,2719.6,1,25.2,99.2,1,54.4,10000,13,491.2,1,233.6,1418,6774,305.7,5.3,35.7,6.3,3.1,0.0,220.9,0.0,0.0,0.6,8,576.9,,38,8,1648,8307
2026-09-30T01:34:46+00:00,2722.8,1,21.4,99.1,1,50.5,10000,13,315.9,1,252.1,1322,6870,305.8,5.3,35.7,6.3,3.1,0.0,220.9,0.0,0.0,0.6,8,764.5,,38,8,1640,8315
2026-09-30T01:34:49+00:00,2725.9,1,25.2,99.1,1,33.3,10000,13,330.5,1,176.8,1240,6952,305.8,5.3,35.7,6.3,3.1,0.0,220.9,0.0,0.0,0.6,8,730.9,,46,8,1624,8323
2026-09-30T01:34:52+00:00,2729.0,1,25.2,99.1,1,24.3,10000,13,540.3,1,24.7,1233,6959,305.8,5.3,35.7,6.3,3.2,0.0,220.9,0.0,0.0,0.6,8,675.0,,46,8,1616,8331
2026-09-30T01:34:55+00:00,2732.1,1,25.2,99.1,1,50.8,10000,13,646.5,1,103.6,1535,6657,305.8,5.3,35.7,6.3,3.2,0.0,220.9,0.0,0.0,0.6,8,310.5,,39,7,1608,8347
2026-09-30T01:34:58+00:00,2735.3,1,25.2,98.7,1,54.5,10000,13,594.7,1,230.0,1469,6723,305.8,5.3,35.7,6.3,3.2,0.0,220.9,0.0,0.0,0.6,8,594.8,,38,8,1600,8355
2026-09-30T01:35:01+00:00,2738.4,1,25.2,98.4,1,75.9,10000,13,398.0,1,256.8,1375,6817,305.8,5.3,35.7,6.3,3.2,0.0,220.9,0.0,0.0,0.6,8,803.9,,38,8,1592,8363
2026-09-30T01:35:04+00:00,2741.5,1,25.2,98.9,1,62.2,10000,13,370.5,1,146.8,1276,6916,305.8,5.3,35.7,6.3,3.2,0.0,220.9,0.0,0.0,0.6,8,889.2,,46,8,1576,8371
2026-09-30T01:35:07+00:00,2744.6,1,25.2,98.1,1,45.7,10000,16,661.9,1,198.7,1647,6545,305.9,5.3,35.7,6.3,3.2,0.0,220.9,0.0,0.0,0.6,5,150.6,,41,5,1568,8387
2026-09-30T01:35:10+00:00,2747.7,1,25.2,98.8,1,57.1,10000,13,646.2,1,230.2,1474,6718,305.9,5.3,35.7,6.4,3.2,0.0,220.9,0.0,0.0,0.6,8,577.9,,38,8,1560,8395
2026-09-30T01:35:14+00:00,2750.8,1,25.2,90.2,1,45.9,10000,13,736.2,1,233.2,1461,6731,305.9,5.3,35.7,6.4,3.2,0.0,220.9,0.0,0.0,0.6,8,623.8,,38,8,1552,8403
2026-09-30T01:35:17+00:00,2753.9,1,25.2,98.5,1,51.3,10000,13,281.5,1,246.4,1336,6856,305.9,5.3,35.7,6.4,3.2,0.0,220.9,0.0,0.0,0.6,8,800.6,,38,8,1544,8411
2026-09-30T01:35:20+00:00,2757.0,1,25.2,99.2,1,54.4,10000,13,415.2,1,90.6,1263,6929,305.9,5.3,35.7,6.4,3.2,0.0,220.9,0.0,0.0,0.6,8,913.0,,46,8,1528,8419
2026-09-30T01:35:23+00:00,2760.1,1,25.2,98.8,2,125.6,10000,13,648.7,1,210.0,1599,6593,305.9,5.3,35.7,6.4,3.2,0.0,220.9,0.0,0.0,0.6,8,254.6,,39,7,1520,8435
2026-09-30T01:35:26+00:00,2763.2,1,25.2,99.1,1,54.5,10000,13,641.8,1,244.0,1493,6699,305.9,5.3,35.7,6.4,3.2,0.0,220.9,0.0,0.0,0.6,8,615.1,,38,8,1512,8443
2026-09-30T01:35:29+00:00,2766.3,1,25.2,98.8,1,51.5,10000,13,473.3,1,265.8,1391,6801,305.9,5.3,35.7,6.4,3.2,0.0,220.9,0.0,0.0,0.6,8,806.2,,38,8,1504,8451
2026-09-30T01:35:32+00:00,2769.4,1,25.2,99.3,1,37.5,10000,13,427.4,1,187.1,1277,6915,306.0,5.3,35.7,6.4,3.2,0.0,220.9,0.0,0.0,0.6,8,793.9,,46,8,1488,8459
2026-09-30T01:35:35+00:00,2772.6,1,25.2,99.0,2,121.8,10000,13,648.1,1,192.9,1546,6646,306.0,5.3,35.7,6.4,3.3,0.0,220.9,0.0,0.0,0.6,8,229.0,,38,8,1480,8475
2026-09-30T01:35:38+00:00,2775.6,1,25.2,99.7,1,50.9,10000,13,605.3,1,235.5,1471,6721,306.0,5.3,35.7,6.4,3.3,0.0,220.9,0.0,0.0,0.6,8,451.3,,38,8,1472,8483
2026-09-30T01:35:42+00:00,2778.8,1,25.2,99.3,1,55.1,10000,13,431.2,1,258.9,1394,6798,306.1,5.3,35.7,6.4,3.3,0.0,220.9,0.0,0.0,0.6,8,766.9,,38,8,1464,8491
2026-09-30T01:35:45+00:00,2781.8,1,25.2,99.2,1,22.9,10000,13,313.7,1,150.5,1279,6913,306.1,5.3,35.7,6.5,3.3,0.0,220.9,0.0,0.0,0.6,8,869.7,,46,8,1448,8499
2026-09-30T01:35:48+00:00,2784.9,1,21.4,99.0,1,37.1,10000,14,617.8,1,105.5,1465,6727,306.1,5.3,35.7,6.5,3.3,0.0,220.9,0.0,0.0,0.6,7,373.9,,46,3,1440,8512
2026-09-30T01:35:51+00:00,2788.0,1,25.2,99.4,1,50.9,10000,13,648.9,1,194.9,1483,6709,306.1,5.3,35.7,6.5,3.3,0.0,220.9,0.0,0.0,0.6,8,383.4,,38,8,1432,8523
2026-09-30T01:35:54+00:00,2791.1,1,21.4,99.2,2,93.7,10000,13,454.6,1,245.4,1348,6844,306.1,5.3,35.7,6.5,3.3,0.0,220.9,0.0,0.0,0.6,8,653.2,,38,8,1424,8531
2026-09-30T01:35:57+00:00,2794.2,1,25.2,99.7,1,22.3,10000,13,347.8,1,257.0,1307,6885,306.1,5.3,35.7,6.5,3.3,0.0,220.9,0.0,0.0,0.6,8,837.1,,38,8,1416,8539
2026-09-30T01:36:00+00:00,2797.3,1,25.1,99.5,1,22.2,10000,13,508.6,1,22.4,1311,6881,306.1,5.3,35.7,6.5,3.3,0.0,220.9,0.0,0.0,0.6,7,607.9,,46,8,1400,8547
2026-09-30T01:36:03+00:00,2800.4,1,25.2,99.6,1,59.9,10000,13,649.5,1,242.2,1542,6650,306.1,5.3,35.7,6.5,3.3,0.0,220.9,0.0,0.0,0.6,8,306.4,,38,8,1392,8563
2026-09-30T01:36:06+00:00,2803.5,1,25.2,99.5,1,73.3,10000,13,585.4,1,248.8,1461,6731,306.1,5.3,35.7,6.5,3.3,0.0,220.9,0.0,0.0,0.6,8,584.9,,38,8,1384,8571
2026-09-30T01:36:09+00:00,2806.6,1,25.2,99.4,1,49.0,10000,13,396.6,1,266.5,1330,6862,306.1,5.3,35.7,6.5,3.3,0.0,220.9,0.0,0.0,0.6,8,824.6,,38,8,1376,8579
2026-09-30T01:36:13+00:00,2809.7,1,25.1,99.5,1,60.7,10000,13,384.7,1,113.8,1235,6957,306.1,5.3,35.7,6.5,3.3,0.0,220.9,0.0,0.0,0.6,8,861.1,,46,8,1360,8587
2026-09-30T01:36:16+00:00,2812.8,1,25.2,99.3,1,51.0,10000,15,655.9,1,158.4,1576,6616,306.1,5.3,35.7,6.5,3.3,0.0,220.9,0.0,0.0,0.6,6,193.1,,38,8,1352,8603
2026-09-30T01:36:19+00:00,2815.9,1,25.2,99.6,1,54.8,10000,13,646.5,1,241.5,1467,6725,306.1,5.3,35.7,6.5,3.3,0.0,220.9,0.0,0.0,0.6,8,540.8,,38,8,1344,8611
2026-09-30T01:36:22+00:00,2819.0,1,25.2,99.4,1,22.5,10000,13,308.4,1,244.4,1300,6892,306.1,5.3,35.7,6.5,3.3,0.0,220.9,0.0,0.0,0.6,8,799.6,,38,8,1336,8619
2026-09-30T01:36:25+00:00,2822.2,1,25.2,99.0,1,78.4,10000,13,455.0,1,84.6,1293,6899,306.1,5.3,35.7,6.5,3.3,0.0,220.9,0.0,0.0,0.6,8,783.2,,46,8,1320,8627
2026-09-30T01:36:28+00:00,2825.3,1,25.2,99.4,1,54.4,10000,13,642.2,1,192.5,1618,6574,306.1,5.3,35.7,6.5,3.3,0.0,220.9,0.0,0.0,0.6,8,245.7,,39,7,1312,8643
2026-09-30T01:36:31+00:00,2828.4,1,25.2,99.7,1,53.9,10000,13,638.3,1,243.9,1480,6712,306.1,5.3,35.7,6.5,3.3,0.0,220.9,0.0,0.0,0.6,8,577.6,,38,8,1304,8651
2026-09-30T01:36:34+00:00,2831.5,1,25.2,99.5,1,51.0,10000,13,442.2,1,262.1,1379,6813,306.2,5.3,35.7,6.5,3.3,0.0,220.9,0.0,0.0,0.6,8,801.5,,38,8,1296,8659
2026-09-30T01:36:37+00:00,2834.6,1,25.2,99.4,1,57.2,10000,13,416.4,1,145.2,1278,6914,306.2,5.3,35.7,6.5,3.3,0.0,220.9,0.0,0.0,0.6,8,911.5,,46,8,1280,8667
2026-09-30T01:36:41+00:00,2837.7,1,25.2,99.4,1,53.1,10000,15,641.6,1,133.5,1611,6581,306.2,5.3,35.7,6.5,3.3,0.0,220.9,0.0,0.0,0.6,5,243.9,,42,6,1272,8681
2026-09-30T01:36:44+00:00,2840.8,1,25.2,99.8,1,50.9,10000,13,639.8,1,241.6,1479,6713,306.2,5.3,35.7,6.5,3.3,0.0,220.9,0.0,0.0,0.6,8,543.8,,38,8,1264,8691
2026-09-30T01:36:47+00:00,2843.9,1,25.2,98.4,1,74.2,10000,13,459.0,1,251.4,1424,6768,306.2,5.3,35.7,6.5,3.3,0.0,220.9,0.0,0.0,0.6,8,737.3,,38,8,1256,8699
2026-09-30T01:36:50+00:00,2847.0,1,25.2,98.9,1,23.3,10000,13,335.9,1,154.3,1310,6882,306.2,5.3,35.7,6.5,3.3,0.0,220.9,0.0,0.0,0.6,8,879.1,,38,8,1248,8707
2026-09-30T01:36:53+00:00,2850.1,1,25.2,98.3,1,51.1,10000,14,631.4,1,90.7,1493,6699,306.2,5.3,35.7,6.5,3.3,0.0,220.9,0.0,0.0,0.6,7,358.7,,46,3,1232,8720
2026-09-30T01:36:56+00:00,2853.2,1,25.2,99.3,1,80.4,10000,13,649.8,1,135.1,1548,6644,306.2,5.3,35.7,6.5,3.3,0.0,220.9,0.0,0.0,0.6,8,323.3,,38,8,1224,8731
2026-09-30T01:36:59+00:00,2856.3,1,25.2,99.1,1,54.2,10000,13,598.3,1,238.5,1469,6723,306.2,5.3,35.7,6.5,3.3,0.0,220.9,0.0,0.0,0.6,8,623.5,,38,8,1216,8739
2026-09-30T01:37:02+00:00,2859.3,1,25.2,99.5,1,56.5,10000,13,356.5,1,245.1,1369,6823,306.2,5.3,35.7,6.5,3.3,0.0,220.9,0.0,0.0,0.6,8,814.1,,46,8,1200,8747
2026-09-30T01:37:05+00:00,2862.4,1,25.2,99.5,1,49.8,10000,13,325.2,1,206.0,1211,6981,306.2,5.3,35.7,6.5,3.3,0.0,220.9,0.0,0.0,0.6,8,856.7,,46,8,1192,8755
2026-09-30T01:37:08+00:00,2865.6,1,25.2,99.4,1,49.8,10000,13,599.9,1,154.1,1443,6749,306.2,5.3,35.7,6.5,3.3,0.0,220.9,0.0,0.0,0.6,7,534.5,,43,8,1184,8766
2026-09-30T01:37:11+00:00,2868.6,1,25.2,99.4,1,51.6,10000,13,640.2,1,231.3,1490,6702,306.2,5.3,35.7,6.5,3.3,0.0,220.9,0.0,0.0,0.6,8,441.2,,38,8,1176,8779
2026-09-30T01:37:15+00:00,2871.7,1,25.2,99.8,1,53.9,10000,13,540.5,1,245.1,1379,6813,306.2,5.3,35.7,6.5,3.3,0.0,220.9,0.0,0.0,0.6,8,709.9,,38,8,1168,8787
2026-09-30T01:37:18+00:00,2874.8,1,21.3,98.8,1,76.2,10000,13,279.7,1,228.6,1277,6915,306.2,5.3,35.7,6.6,3.4,0.0,220.9,0.0,0.0,0.6,8,821.6,,38,8,1160,8795
2026-09-30T01:37:21+00:00,2877.9,1,25.2,98.3,1,50.9,10000,13,423.5,1,95.9,1245,6947,306.2,5.3,35.7,6.6,3.4,0.0,220.9,0.0,0.0,0.6,8,866.8,,46,8,1144,8803
2026-09-30T01:37:24+00:00,2881.1,1,25.2,98.6,1,51.0,10000,13,653.0,1,205.2,1567,6625,306.2,5.3,35.7,6.6,3.4,0.0,220.9,0.0,0.0,0.6,8,303.5,,38,8,1136,8819
2026-09-30T01:37:27+00:00,2884.2,1,25.2,99.1,2,110.7,10000,13,538.0,1,239.5,1403,6789,306.2,5.3,35.7,6.6,3.4,0.0,220.9,0.0,0.0,0.6,8,601.7,,38,8,1128,8827
2026-09-30T01:37:30+00:00,2887.3,1,25.2,99.2,1,30.1,10000,13,396.1,1,261.2,1326,6866,306.2,5.3,35.7,6.6,3.4,0.0,220.9,0.0,0.0,0.6,8,828.2,,38,8,1120,8835
2026-09-30T01:37:33+00:00,2890.4,1,25.2,99.0,1,51.7,10000,13,543.8,1,107.6,1330,6862,306.2,5.3,35.7,6.6,3.4,0.0,220.9,0.0,0.0,0.6,8,712.5,,45,7,1104,8845
2026-09-30T01:37:36+00:00,2893.5,1,25.2,99.6,1,55.4,10000,13,651.9,1,224.2,1530,6662,306.2,5.3,35.7,6.6,3.4,0.0,220.9,0.0,0.0,0.6,8,335.3,,38,8,1096,8859
2026-09-30T01:37:39+00:00,2896.6,1,25.2,99.1,2,107.7,10000,13,443.0,1,245.7,1400,6792,306.3,5.3,35.7,6.6,3.4,0.0,220.9,0.0,0.0,0.6,8,573.8,,38,8,1088,8867
2026-09-30T01:37:42+00:00,2899.7,1,25.1,98.3,1,27.2,10000,13,318.1,1,237.5,1234,6958,306.3,5.3,35.7,6.6,3.4,0.0,220.9,0.0,0.0,0.6,8,791.1,,38,8,1080,8875
2026-09-30T01:37:46+00:00,2902.8,1,25.1,98.2,1,51.8,10000,13,247.7,1,237.5,1247,6945,306.3,5.3,35.7,6.6,3.4,0.0,220.9,0.0,0.0,0.6,8,739.0,,38,8,1072,8883
2026-09-30T01:37:49+00:00,2905.9,1,25.2,98.7,1,62.5,10000,13,489.9,1,114.8,1231,6961,306.3,5.3,35.7,6.6,3.4,0.0,220.9,0.0,0.0,0.6,8,755.4,,46,8,1056,8891
2026-09-30T01:37:52+00:00,2909.0,1,24.9,98.2,1,51.0,10000,13,592.9,1,181.8,1495,6697,306.3,5.3,35.7,6.6,3.4,0.0,220.9,0.0,0.0,0.6,6,351.3,,42,8,1048,8903
2026-09-30T01:37:55+00:00,2912.1,1,25.2,99.1,1,51.6,10000,13,650.9,1,248.3,1431,6761,306.3,5.3,35.7,6.6,3.4,0.0,220.9,0.0,0.0,0.6,8,533.9,,38,8,1040,8915
2026-09-30T01:37:58+00:00,2915.2,1,25.2,100.0,1,62.6,10000,13,419.7,1,254.8,1395,6797,306.3,5.3,35.7,6.6,3.4,0.0,220.9,0.0,0.0,0.6,8,748.6,,38,8,1032,8923
2026-09-30T01:38:01+00:00,2918.3,1,25.2,99.2,1,50.9,10000,13,318.0,1,134.6,1315,6877,306.3,5.3,35.7,6.6,3.4,0.0,220.9,0.0,0.0,0.6,8,838.1,,46,8,1016,8931
2026-09-30T01:38:04+00:00,2921.4,1,25.2,98.8,1,50.9,10000,13,644.8,1,141.6,1638,6554,306.3,5.3,35.7,6.6,3.4,0.0,220.9,0.0,0.0,0.6,7,185.8,,41,6,1008,8946
2026-09-30T01:38:07+00:00,2924.5,1,25.2,99.1,1,76.7,10000,13,648.5,1,213.7,1517,6675,306.3,5.3,35.7,6.6,3.4,0.0,220.9,0.0,0.0,0.6,8,441.7,,38,8,1000,8955
2026-09-30T01:38:10+00:00,2927.6,1,25.2,99.1,1,70.0,10000,13,492.7,1,241.1,1436,6756,306.3,5.3,35.7,6.6,3.4,0.0,220.9,0.0,0.0,0.6,8,741.9,,38,8,992,8963
2026-09-30T01:38:13+00:00,2930.7,1,25.2,98.8,1,54.4,10000,13,333.0,1,261.3,1367,6825,306.4,5.3,35.7,6.6,3.4,0.0,220.9,0.0,0.0,0.6,8,863.2,,46,8,976,8971
2026-09-30T01:38:17+00:00,2933.8,1,24.9,98.0,1,50.3,10000,13,576.7,1,94.0,1356,6836,306.4,5.3,35.7,6.6,3.4,0.0,220.9,0.0,0.0,0.6,6,542.6,,46,8,968,8979
2026-09-30T01:38:20+00:00,2936.9,1,25.2,98.4,1,65.3,10000,13,653.1,1,225.1,1585,6607,306.4,5.3,35.7,6.6,3.4,0.0,220.9,0.0,0.0,0.6,8,382.2,,38,8,960,8995
2026-09-30T01:38:23+00:00,2940.0,1,25.2,99.6,1,54.8,10000,13,535.1,1,247.5,1449,6743,306.4,5.3,35.7,6.6,3.4,0.0,220.9,0.0,0.0,0.6,8,652.3,,38,8,952,9003
2026-09-30T01:38:26+00:00,2943.1,1,25.2,99.2,1,51.7,10000,13,364.0,1,265.5,1286,6906,306.4,5.3,35.7,6.6,3.4,0.0,220.9,0.0,0.0,0.6,8,848.2,,38,8,944,9011
2026-09-30T01:38:29+00:00,2946.3,1,24.9,99.1,1,55.0,10000,13,553.8,1,115.8,1360,6832,306.4,5.3,35.7,6.6,3.4,0.0,220.9,0.0,0.0,0.6,8,684.2,,46,7,928,9020
2026-09-30T01:38:32+00:00,2949.3,1,25.2,99.4,1,51.7,10000,13,651.5,1,250.7,1561,6631,306.4,5.3,35.7,6.6,3.4,0.0,220.9,0.0,0.0,0.6,8,396.1,,38,8,920,9035
2026-09-30T01:38:35+00:00,2952.4,1,21.3,98.6,1,64.7,10000,13,518.3,1,237.7,1430,6762,306.4,5.3,35.7,6.6,3.4,0.0,220.9,0.0,0.0,0.6,8,662.8,,38,8,912,9043
2026-09-30T01:38:38+00:00,2955.5,1,25.2,99.0,1,74.4,10000,13,305.6,1,266.4,1322,6870,306.4,5.3,35.7,6.7,3.4,0.0,220.9,0.0,0.0,0.6,8,841.7,,38,8,904,9051
2026-09-30T01:38:41+00:00,2958.6,1,21.4,98.7,1,46.0,10000,13,478.5,1,126.0,1292,6900,306.4,5.3,35.7,6.7,3.4,0.0,220.9,0.0,0.0,0.6,8,803.3,,46,8,888,9059
2026-09-30T01:38:45+00:00,2961.8,1,25.2,97.0,1,35.4,10000,13,652.3,1,212.3,1516,6676,306.4,5.3,35.7,6.7,3.5,0.0,220.9,0.0,0.0,0.6,8,335.0,,38,8,880,9075
2026-09-30T01:38:48+00:00,2964.9,1,25.2,98.1,1,51.8,10000,13,646.4,1,237.7,1458,6734,306.4,5.3,35.7,6.7,3.5,0.0,220.9,0.0,0.0,0.6,8,579.4,,38,8,872,9083
2026-09-30T01:38:51+00:00,2968.0,1,25.2,99.1,1,38.8,10000,13,349.0,1,250.5,1328,6864,306.4,5.3,35.7,6.7,3.5,0.0,220.9,0.0,0.0,0.6,8,816.6,,38,8,864,9091
2026-09-30T01:38:54+00:00,2971.1,1,25.1,98.3,1,37.0,10000,13,451.6,1,104.4,1246,6946,306.4,5.3,35.7,6.7,3.5,0.0,220.9,0.0,0.0,0.6,8,958.5,,46,8,848,9099
2026-09-30T01:38:57+00:00,2974.2,1,25.2,98.3,1,50.9,10000,13,650.8,1,127.6,1582,6610,306.5,5.3,35.7,6.7,3.5,0.0,220.9,0.0,0.0,0.6,8,264.8,,38,8,840,9115
2026-09-30T01:39:00+00:00,2977.3,1,25.2,99.3,1,39.3,10000,13,558.4,1,237.4,1469,6723,306.5,5.3,35.7,6.8,3.5,0.0,220.9,0.0,0.0,0.6,8,586.1,,38,8,832,9123
2026-09-30T01:39:03+00:00,2980.4,1,25.2,98.9,1,31.1,10000,13,420.6,1,257.9,1338,6854,306.6,5.3,35.7,6.8,3.5,0.0,220.9,0.0,0.0,0.6,8,815.7,,38,8,824,9131
2026-09-30T01:39:06+00:00,2983.5,1,25.2,99.2,1,75.2,10000,13,480.4,1,39.8,1264,6928,306.6,5.3,35.7,6.8,3.5,0.0,220.9,0.0,0.0,0.6,8,772.8,,46,8,808,9139
2026-09-30T01:39:09+00:00,2986.6,1,25.2,98.2,1,76.4,10000,13,651.9,1,238.8,1572,6620,306.6,5.3,35.7,6.8,3.5,0.0,220.9,0.0,0.0,0.6,8,329.9,,38,8,800,9155
2026-09-30T01:39:13+00:00,2989.8,1,21.4,99.4,1,54.2,10000,13,504.5,1,232.3,1447,6745,306.6,5.3,35.7,6.8,3.5,0.0,220.9,0.0,0.0,0.6,8,631.6,,38,8,792,9163
2026-09-30T01:39:16+00:00,2992.8,1,25.2,99.6,1,22.3,10000,13,333.5,1,266.0,1303,6889,306.6,5.3,35.7,6.8,3.5,0.0,220.9,0.0,0.0,0.6,8,844.8,,46,8,776,9171
2026-09-30T01:39:19+00:00,2995.9,1,21.3,98.9,1,22.2,10000,13,493.2,1,55.1,1260,6932,306.6,5.3,35.7,6.8,3.5,0.0,220.9,0.0,0.0,0.6,8,857.0,,46,8,768,9179
2026-09-30T01:39:22+00:00,2999.0,1,25.2,99.5,1,51.1,10000,13,651.6,1,235.6,1560,6632,306.6,5.3,35.7,6.8,3.5,0.0,220.9,0.0,0.0,0.6,8,352.0,,38,8,760,9195
2026-09-30T01:39:25+00:00,3002.1,1,25.2,99.7,1,58.5,10000,13,627.1,1,251.6,1437,6755,306.6,5.3,35.7,6.8,3.5,0.0,220.9,0.0,0.0,0.6,8,613.3,,38,8,752,9203
2026-09-30T01:39:28+00:00,3005.2,1,25.2,99.4,1,54.4,10000,13,359.5,1,237.1,1340,6852,306.6,5.3,35.7,6.8,3.5,0.0,220.9,0.0,0.0,0.6,8,854.3,,46,8,736,9211
2026-09-30T01:39:31+00:00,3008.3,1,25.2,99.4,1,50.9,10000,13,541.0,1,90.0,1277,6915,306.7,5.3,35.7,6.8,3.5,0.0,220.9,0.0,0.0,0.6,8,687.4,,46,8,728,9219
2026-09-30T01:39:34+00:00,3011.5,1,25.2,98.4,1,54.4,10000,13,654.8,1,198.1,1523,6669,306.7,5.3,35.7,6.8,3.5,0.0,220.9,0.0,0.0,0.6,8,374.4,,38,8,720,9235
2026-09-30T01:39:37+00:00,3014.6,1,25.2,97.9,1,76.4,10000,13,587.4,1,246.2,1453,6739,306.7,5.3,35.7,6.8,3.5,0.0,220.9,0.0,0.0,0.6,8,692.0,,38,8,712,9243
2026-09-30T01:39:41+00:00,3017.8,1,25.2,99.3,1,76.5,10000,13,305.0,1,235.5,1346,6846,306.7,5.3,35.7,6.8,3.5,0.0,220.9,0.0,0.0,0.6,8,827.5,,38,8,704,9251
2026-09-30T01:39:44+00:00,3020.9,1,25.1,98.8,1,44.6,10000,13,414.2,1,197.9,1293,6899,306.8,5.3,35.7,6.9,3.5,0.0,220.9,0.0,0.0,0.6,8,821.0,,46,8,688,9259
2026-09-30T01:39:47+00:00,3024.0,1,25.2,99.0,1,51.6,10000,13,651.9,1,100.9,1552,6640,306.8,5.3,35.7,7.0,3.5,0.0,220.9,0.0,0.0,0.6,8,292.3,,38,8,680,9275
2026-09-30T01:39:50+00:00,3027.3,1,25.2,98.9,1,74.4,10000,13,539.6,1,240.0,1447,6745,306.8,5.3,35.7,7.0,3.5,0.0,220.9,0.0,0.0,0.6,8,625.6,,38,8,672,9283
2026-09-30T01:39:53+00:00,3030.4,1,25.2,98.9,1,22.3,10000,13,391.4,1,266.5,1392,6800,306.8,5.3,35.7,7.0,3.5,0.0,220.9,0.0,0.0,0.6,8,803.2,,38,8,664,9291
2026-09-30T01:39:56+00:00,3033.5,1,25.2,98.4,1,29.1,10000,13,309.6,1,73.0,1253,6939,306.8,5.3,35.7,7.0,3.5,0.0,220.9,0.0,0.0,0.6,8,907.6,,46,8,648,9299
2026-09-30T01:39:59+00:00,3036.6,1,25.2,97.3,1,51.0,10000,13,654.2,1,153.4,1657,6535,306.8,5.3,35.7,7.0,3.5,0.0,220.9,0.0,0.0,0.6,8,226.1,,38,8,640,9315
2026-09-30T01:40:02+00:00,3039.7,1,25.2,98.5,1,51.7,10000,13,652.8,1,160.1,1465,6727,306.8,5.3,35.7,7.0,3.5,0.0,220.9,0.0,0.0,0.6,8,515.0,,38,8,632,9323
2026-09-30T01:40:06+00:00,3042.7,1,25.2,97.4,1,54.7,10000,13,418.5,1,266.5,1374,6818,306.8,5.3,35.7,7.0,3.5,0.0,220.9,0.0,0.0,0.6,8,808.5,,38,8,624,9331
2026-09-30T01:40:09+00:00,3045.8,1,25.2,99.1,1,63.1,10000,13,335.7,1,217.9,1258,6934,306.8,5.3,35.7,7.0,3.5,0.0,220.9,0.0,0.0,0.6,9,827.4,,46,8,608,9339
2026-09-30T01:40:12+00:00,3048.9,1,25.1,97.5,1,30.7,10000,13,654.1,1,77.8,1585,6607,306.8,5.3,35.7,7.0,3.5,0.0,220.9,0.0,0.0,0.6,8,196.3,,38,8,600,9355
2026-09-30T01:40:15+00:00,3052.0,1,25.2,98.7,1,51.1,10000,13,653.9,1,224.2,1468,6724,306.8,5.3,35.7,7.0,3.5,0.0,220.9,0.0,0.0,0.6,8,448.0,,38,8,592,9363
2026-09-30T01:40:18+00:00,3055.1,1,21.4,98.0,1,45.8,10000,13,517.4,1,236.3,1391,6801,306.8,5.3,35.7,7.0,3.5,0.0,220.9,0.0,0.0,0.6,8,640.8,,38,8,584,9371
2026-09-30T01:40:21+00:00,3058.3,1,25.2,97.4,1,74.2,10000,13,312.8,1,244.7,1260,6932,306.8,5.3,35.7,7.0,3.6,0.0,220.9,0.0,0.0,0.6,8,850.5,,38,8,576,9379
2026-09-30T01:40:24+00:00,3061.4,1,21.4,98.2,1,51.0,10000,13,490.9,1,23.4,1218,6974,306.8,5.3,35.7,7.0,3.6,0.0,220.9,0.0,0.0,0.6,8,782.2,,46,8,560,9387
2026-09-30T01:40:27+00:00,3064.5,1,25.2,98.8,1,54.4,10000,13,651.3,1,152.5,1501,6691,306.8,5.3,35.7,7.0,3.6,0.0,220.9,0.0,0.0,0.6,8,338.6,,38,8,552,9403
2026-09-30T01:40:30+00:00,3067.6,1,25.2,98.7,2,115.1,10000,13,495.6,1,236.4,1391,6801,306.9,5.3,35.7,7.0,3.6,0.0,220.9,0.0,0.0,0.6,8,659.2,,38,8,544,9411
2026-09-30T01:40:34+00:00,3070.7,1,25.2,98.8,1,25.8,10000,13,369.2,1,267.5,1330,6862,306.9,5.3,35.7,7.0,3.6,0.0,220.9,0.0,0.0,0.6,8,852.9,,46,8,528,9419
2026-09-30T01:40:37+00:00,3073.8,1,25.2,97.3,1,50.7,10000,13,555.0,1,64.0,1234,6958,306.9,5.3,35.7,7.0,3.6,0.0,220.9,0.0,0.0,0.6,8,762.0,,46,8,520,9427
2026-09-30T01:40:40+00:00,3076.9,1,25.2,99.4,1,54.2,10000,13,651.9,1,224.9,1480,6712,306.9,5.3,35.7,7.0,3.6,0.0,220.9,0.0,0.0,0.6,8,403.0,,38,8,512,9443
2026-09-30T01:40:43+00:00,3080.0,1,25.2,99.1,1,76.5,10000,13,566.7,1,235.0,1449,6743,306.9,5.3,35.7,7.0,3.6,0.0,220.9,0.0,0.0,0.6,8,559.3,,38,8,504,9451
2026-09-30T01:40:46+00:00,3083.1,1,25.2,99.0,1,35.8,10000,13,332.3,1,237.1,1340,6852,306.9,5.3,35.7,7.0,3.6,0.0,220.9,0.0,0.0,0.6,8,801.9,,38,8,496,9459
2026-09-30T01:40:49+00:00,3086.2,1,25.2,98.0,1,28.1,10000,13,334.6,1,146.0,1237,6955,306.9,5.3,35.7,7.0,3.6,0.0,220.9,0.0,0.0,0.6,8,962.2,,46,8,480,9467
2026-09-30T01:40:52+00:00,3089.3,1,25.2,97.3,1,51.1,10000,14,658.8,1,125.8,1604,6588,306.9,5.3,35.7,7.0,3.6,0.0,220.9,0.0,0.0,0.6,7,232.6,,39,7,472,9483
2026-09-30T01:40:55+00:00,3092.4,1,25.2,97.5,1,51.0,10000,13,764.2,1,238.2,1497,6695,306.9,5.3,35.7,7.0,3.6,0.0,220.9,0.0,0.0,0.6,8,566.6,,38,8,464,9491
2026-09-30T01:40:58+00:00,3095.5,1,25.2,99.4,1,22.6,10000,13,422.4,1,262.6,1356,6836,306.9,5.3,35.7,7.0,3.6,0.0,220.9,0.0,0.0,0.6,8,792.0,,38,8,456,9499
2026-09-30T01:41:01+00:00,3098.6,1,21.4,99.2,1,78.9,10000,13,485.3,1,84.5,1272,6920,306.9,5.3,35.7,7.0,3.6,0.0,220.9,0.0,0.0,0.6,8,798.0,,46,8,440,9507
2026-09-30T01:41:04+00:00,3101.7,1,25.2,99.1,1,54.7,10000,13,653.0,1,240.2,1569,6623,306.9,5.3,35.7,7.0,3.6,0.0,220.9,0.0,0.0,0.6,8,314.0,,38,8,432,9523
2026-09-30T01:41:08+00:00,3104.8,1,25.1,98.8,1,54.4,10000,13,481.2,1,240.9,1459,6733,306.9,5.3,35.7,7.0,3.6,0.0,220.9,0.0,0.0,0.6,8,654.4,,38,8,424,9531
2026-09-30T01:41:11+00:00,3107.9,1,25.1,99.1,1,62.8,10000,13,376.8,1,244.9,1316,6876,306.9,5.3,35.7,7.0,3.6,0.0,220.9,0.0,0.0,0.6,8,853.4,,38,8,416,9539
2026-09-30T01:41:14+00:00,3111.0,1,25.2,99.0,1,72.8,10000,13,303.8,1,206.4,1277,6915,306.9,5.3,35.7,7.0,3.6,0.0,220.9,0.0,0.0,0.6,8,863.2,,46,8,400,9547
2026-09-30T01:41:17+00:00,3114.1,1,25.1,98.7,1,50.8,10000,13,645.5,1,88.8,1591,6601,306.9,5.3,35.7,7.0,3.6,0.0,220.9,0.0,0.0,0.6,8,170.9,,44,2,392,9563
2026-09-30T01:41:20+00:00,3117.3,1,25.2,98.7,1,51.2,10000,13,620.0,1,138.4,1586,6606,306.9,5.3,35.7,7.0,3.6,0.0,220.9,0.0,0.0,0.6,8,290.5,,38,8,384,9571
2026-09-30T01:41:23+00:00,3120.3,1,25.2,99.2,1,51.1,10000,13,584.4,1,238.2,1440,6752,307.0,5.3,35.7,7.1,3.6,0.0,220.9,0.0,0.0,0.6,8,586.9,,38,8,376,9579
2026-09-30T01:41:26+00:00,3123.4,1,25.2,99.2,1,38.1,10000,13,432.2,1,266.2,1370,6822,307.0,5.3,35.7,7.1,3.6,0.0,220.9,0.0,0.0,0.6,8,815.3,,38,8,368,9587
2026-09-30T01:41:29+00:00,3126.6,1,25.2,95.7,1,51.7,10000,13,258.3,1,161.5,1293,6899,307.0,5.3,35.7,7.1,3.6,0.0,220.9,0.0,0.0,0.6,8,786.7,,46,8,352,9595
2026-09-30T01:41:32+00:00,3129.7,1,25.2,99.8,1,73.7,10000,13,537.9,1,97.0,1322,6870,307.0,5.3,35.7,7.1,3.6,0.0,220.9,0.0,0.0,0.6,8,616.5,,45,7,344,9605
2026-09-30T01:41:36+00:00,3132.8,1,25.2,99.5,1,51.0,10000,13,649.4,1,225.7,1477,6715,307.0,5.3,35.7,7.1,3.6,0.0,220.9,0.0,0.0,0.6,8,392.7,,38,8,336,9619
2026-09-30T01:41:39+00:00,3135.9,1,25.2,98.7,1,51.0,10000,13,620.2,1,238.0,1448,6744,307.1,5.3,35.7,7.1,3.6,0.0,220.9,0.0,0.0,0.6,8,620.4,,38,8,328,9627
2026-09-30T01:41:42+00:00,3139.0,1,25.1,99.5,1,71.0,10000,13,403.2,1,265.8,1339,6853,307.1,5.3,35.7,7.2,3.6,0.0,220.9,0.0,0.0,0.6,8,810.0,,38,8,320,9635
2026-09-30T01:41:45+00:00,3142.1,1,25.1,99.4,1,41.4,10000,13,408.9,1,154.9,1241,6951,307.1,5.3,35.7,7.2,3.6,0.0,220.9,0.0,0.0,0.6,9,796.8,,46,8,304,9643
2026-09-30T01:41:48+00:00,3145.2,1,25.2,99.5,1,22.3,10000,13,650.9,1,153.4,1550,6642,307.1,5.3,35.7,7.2,3.6,0.0,220.9,0.0,0.0,0.6,8,289.5,,39,7,296,9659
2026-09-30T01:41:51+00:00,3148.3,1,25.2,98.9,1,51.5,10000,13,451.1,1,237.2,1439,6753,307.1,5.3,35.7,7.2,3.6,0.0,220.9,0.0,0.0,0.6,8,616.9,,38,8,288,9667
2026-09-30T01:41:54+00:00,3151.4,1,25.2,99.1,1,36.7,10000,13,389.8,1,267.7,1314,6878,307.1,5.3,35.7,7.2,3.6,0.0,220.9,0.0,0.0,0.6,8,844.0,,38,8,280,9675
2026-09-30T01:41:57+00:00,3154.6,1,21.3,97.7,1,24.5,10000,13,516.6,1,65.1,1247,6945,307.1,5.3,35.7,7.2,3.6,0.0,220.9,0.0,0.0,0.6,8,723.8,,46,8,264,9683
2026-09-30T01:42:00+00:00,3157.7,1,25.2,97.9,1,51.6,10000,13,651.0,1,197.4,1487,6705,307.1,5.3,35.7,7.2,3.6,0.0,220.9,0.0,0.0,0.6,8,363.8,,38,8,256,9699
2026-09-30T01:42:04+00:00,3160.8,1,25.2,97.7,1,52.4,10000,13,599.9,1,234.3,1417,6775,307.1,5.3,35.7,7.2,3.6,0.0,220.9,0.0,0.0,0.6,8,599.9,,38,8,248,9707
2026-09-30T01:42:07+00:00,3163.9,1,25.1,98.5,1,52.2,10000,13,289.4,1,240.7,1269,6923,307.1,5.3,35.7,7.2,3.6,0.0,220.9,0.0,0.0,0.6,8,834.9,,38,8,240,9715
2026-09-30T01:42:10+00:00,3167.0,1,21.3,99.3,2,125.5,10000,13,533.2,1,84.2,1293,6899,307.1,5.3,35.7,7.2,3.6,0.0,220.9,0.0,0.0,0.6,7,579.4,,46,7,224,9724
2026-09-30T01:42:13+00:00,3170.1,1,25.1,99.1,1,76.1,10000,13,648.2,1,138.9,1578,6614,307.1,5.3,35.7,7.2,3.6,0.0,220.9,0.0,0.0,0.6,8,327.5,,38,8,216,9739
2026-09-30T01:42:16+00:00,3173.2,1,25.1,99.7,1,48.4,10000,13,497.2,1,239.6,1414,6778,307.1,5.3,35.7,7.2,3.6,0.0,220.9,0.0,0.0,0.6,8,648.1,,38,8,208,9747
2026-09-30T01:42:19+00:00,3176.4,1,25.1,99.6,1,22.2,10000,13,347.0,1,241.1,1316,6876,307.1,5.3,35.7,7.2,3.6,0.0,220.9,0.0,0.0,0.6,8,856.8,,38,8,200,9755
2026-09-30T01:42:22+00:00,3179.5,1,25.1,99.0,1,26.9,10000,13,627.0,1,126.2,1485,6707,307.1,5.3,35.7,7.2,3.6,0.0,220.9,0.0,0.0,0.6,7,462.1,,43,7,184,9767
2026-09-30T01:42:25+00:00,3182.6,1,25.1,99.6,1,51.0,10000,13,649.1,1,247.3,1475,6717,307.1,5.3,35.7,7.2,3.6,0.0,220.9,0.0,0.0,0.6,8,472.5,,38,8,176,9779
2026-09-30T01:42:29+00:00,3185.7,1,25.1,99.2,1,51.0,10000,13,444.8,1,259.0,1390,6802,307.1,5.3,35.7,7.2,3.6,0.0,220.9,0.0,0.0,0.6,8,773.3,,38,8,168,9787
2026-09-30T01:42:32+00:00,3188.8,1,25.1,99.3,1,25.6,10000,13,422.6,1,153.9,1316,6876,307.1,5.3,35.7,7.2,3.6,0.0,220.9,0.0,0.0,0.6,8,916.0,,46,8,152,9795
2026-09-30T01:42:35+00:00,3191.9,1,25.1,99.4,1,67.1,10000,15,666.1,1,198.5,1607,6585,307.1,5.3,35.7,7.2,3.6,0.0,220.9,0.0,0.0,0.6,6,254.4,,40,6,144,9811
2026-09-30T01:42:38+00:00,3195.0,1,25.1,99.1,1,59.3,10000,13,646.5,1,246.9,1492,6700,307.1,5.3,35.7,7.2,3.6,0.0,220.9,0.0,0.0,0.6,8,602.2,,38,8,136,9819
2026-09-30T01:42:41+00:00,3198.1,1,25.1,98.7,1,77.7,10000,13,297.4,1,263.4,1384,6808,307.2,5.3,35.7,7.2,3.6,0.0,220.9,0.0,0.0,0.6,8,813.9,,38,8,128,9827
2026-09-30T01:42:44+00:00,3201.2,1,25.1,97.9,1,68.3,10000,13,333.7,1,230.6,1309,6883,307.2,5.3,35.7,7.2,3.6,0.0,220.9,0.0,0.0,0.6,8,901.7,,46,8,112,9835
2026-09-30T01:42:47+00:00,3204.3,1,21.3,98.1,1,54.2,10000,13,533.0,1,81.2,1247,6945,307.2,5.3,35.7,7.2,3.6,0.0,220.9,0.0,0.0,0.6,8,674.7,,46,8,104,9843
2026-09-30T01:42:50+00:00,3207.4,1,25.1,98.3,1,50.9,10000,13,652.8,1,153.7,1512,6680,307.2,5.3,35.7,7.2,3.6,0.0,220.9,0.0,0.0,0.6,8,388.8,,38,8,96,9859
2026-09-30T01:42:53+00:00,3210.5,1,25.1,98.7,1,77.2,10000,13,474.8,1,240.9,1446,6746,307.2,5.3,35.7,7.2,3.6,0.0,220.9,0.0,0.0,0.6,8,664.5,,38,8,88,9867
2026-09-30T01:42:56+00:00,3213.6,1,25.1,99.0,1,51.2,10000,13,330.2,1,255.5,1311,6881,307.2,5.3,35.7,7.2,3.6,0.0,220.9,0.0,0.0,0.6,8,851.3,,46,8,72,9875
2026-09-30T01:42:59+00:00,3216.7,1,21.4,98.8,1,51.0,10000,13,525.3,1,105.9,1308,6884,307.2,5.3,35.7,7.2,3.6,0.0,220.9,0.0,0.0,0.6,8,678.3,,46,8,64,9883
2026-09-30T01:43:03+00:00,3219.8,1,25.1,98.5,1,57.0,10000,13,651.0,1,203.4,1501,6691,307.2,5.3,35.7,7.2,3.6,0.0,220.9,0.0,0.0,0.6,8,358.6,,38,8,56,9899
2026-09-30T01:43:06+00:00,3223.0,1,25.1,98.2,1,30.8,10000,13,566.7,1,249.4,1403,6789,307.2,5.3,35.7,7.3,3.6,0.0,220.9,0.0,0.0,0.6,8,678.0,,38,8,48,9907
2026-09-30T01:43:09+00:00,3226.1,1,25.1,99.3,1,25.8,10000,13,284.8,1,239.0,1296,6896,307.2,5.3,35.7,7.3,3.6,0.0,220.9,0.0,0.0,0.6,8,858.4,,38,8,40,9915
2026-09-30T01:43:12+00:00,3229.2,1,21.3,98.2,1,22.2,10000,13,580.1,1,67.1,1307,6885,307.2,5.3,35.7,7.3,3.6,0.0,220.9,0.0,0.0,0.6,8,618.5,,46,6,24,9925
2026-09-30T01:43:15+00:00,3232.3,1,25.1,99.5,1,66.1,10000,13,650.1,1,139.5,1509,6683,307.2,5.3,35.7,7.3,3.6,0.0,220.9,0.0,0.0,0.6,8,299.9,,38,8,16,9939
2026-09-30T01:43:18+00:00,3235.4,1,25.1,99.4,1,44.0,10000,13,486.6,1,238.4,1385,6807,307.2,5.3,35.7,7.3,3.6,0.0,220.9,0.0,0.0,0.6,8,609.6,,38,8,8,9947
2026-09-30T01:43:21+00:00,3238.5,1,25.1,99.6,1,44.9,10000,13,358.9,1,266.8,1283,6909,307.2,5.3,35.7,7.3,3.6,0.0,220.9,0.0,0.0,0.6,8,825.5,,38,8,,9955
2026-09-30T01:43:24+00:00,3241.7,1,25.1,99.1,1,58.0,10000,13,330.3,1,95.7,1224,6968,307.3,5.3,35.7,7.3,3.6,0.0,220.9,0.0,0.0,0.6,8,729.9,,30,8,,9963
2026-09-30T01:43:28+00:00,3244.8,1,25.1,98.7,1,50.9,10000,13,653.3,1,223.2,1563,6629,307.3,5.3,35.7,7.4,3.6,0.0,220.9,0.0,0.0,0.6,8,256.2,,14,8,,9979
2026-09-30T01:43:31+00:00,3247.9,1,25.1,98.7,1,51.0,10000,13,570.3,1,244.0,1444,6748,307.3,5.3,35.7,7.4,3.6,0.0,220.9,0.0,0.0,0.6,8,564.4,,6,8,,9987
2026-09-30T01:43:34+00:00,3251.0,1,25.1,97.1,1,25.3,10000,13,460.1,1,258.8,1358,6834,307.3,5.3,35.7,7.4,3.6,0.0,220.9,0.0,0.0,0.6,6,708.5,,,6,,9995
2026-09-30T01:43:37+00:00,3254.2,1,25.1,41.7,1,80.9,10000,13,554.2,1,270.6,1648,6544,307.3,5.3,35.7,7.4,3.6,0.0,220.9,0.0,0.0,0.6,0,0.0,,,,,10001
