00:11:28.287|94|idle in transaction|Client|SELECT dag_version.id, dag_version.version_number, dag_version.dag_id, dag_version.bundle_name, dag_version.bundle_version, dag_version.version_data, dag_version.created_at, dag_version.last_updated F
00:11:28.850|94|idle in transaction|Client|SELECT asset_event.id, asset_event.asset_id, asset_event.extra, asset_event.source_task_id, asset_event.source_dag_id, asset_event.source_run_id, asset_event.source_map_index, asset_event.timestamp, a
00:11:29.414|95|idle in transaction|Client|DELETE FROM dag_warning USING dag WHERE dag_warning.dag_id = dag.dag_id AND dag.is_stale = true
00:11:29.414|94|active||SELECT asset_event.id, asset_event.asset_id, asset_event.extra, asset_event.source_task_id, asset_event.source_dag_id, asset_event.source_run_id, asset_event.source_map_index, asset_event.timestamp, a
00:11:29.974|94|active||SELECT dag_run.id, dag_run.dag_id, dag_run.queued_at, dag_run.logical_date, dag_run.start_date, dag_run.end_date, dag_run.state, dag_run.run_id, dag_run.creating_job_id, dag_run.run_type, dag_run.trig
00:11:30.531|94|active||SELECT task_instance.id, task_instance.task_id, task_instance.dag_id, task_instance.run_id, task_instance.map_index, task_instance.start_date, task_instance.end_date, task_instance.duration, task_inst
00:11:31.105|94|idle in transaction|Client|SELECT dag_version.id, dag_version.version_number, dag_version.dag_id, dag_version.bundle_name, dag_version.bundle_version, dag_version.version_data, dag_version.created_at, dag_version.last_updated F
00:11:32.884|94|active||SELECT asset_event.id, asset_event.asset_id, asset_event.extra, asset_event.source_task_id, asset_event.source_dag_id, asset_event.source_run_id, asset_event.source_map_index, asset_event.timestamp, a
00:11:33.459|94|active||SELECT asset_event.id, asset_event.asset_id, asset_event.extra, asset_event.source_task_id, asset_event.source_dag_id, asset_event.source_run_id, asset_event.source_map_index, asset_event.timestamp, a
00:11:34.035|94|idle in transaction|Client|INSERT INTO task_instance (id, task_id, dag_id, run_id, map_index, try_number, max_tries, hostname, unixname, pool, pool_slots, queue, priority_weight, operator, custom_operator_name, executor_config,
00:11:34.616|94|active||SELECT asset_event.id, asset_event.asset_id, asset_event.extra, asset_event.source_task_id, asset_event.source_dag_id, asset_event.source_run_id, asset_event.source_map_index, asset_event.timestamp, a
00:11:35.181|94|idle in transaction|Client|INSERT INTO task_instance (id, task_id, dag_id, run_id, map_index, try_number, max_tries, hostname, unixname, pool, pool_slots, queue, priority_weight, operator, custom_operator_name, executor_config,
00:11:35.740|94|active||SELECT asset_event.id, asset_event.asset_id, asset_event.extra, asset_event.source_task_id, asset_event.source_dag_id, asset_event.source_run_id, asset_event.source_map_index, asset_event.timestamp, a
00:11:36.301|94|active||SELECT asset_event.id, asset_event.asset_id, asset_event.extra, asset_event.source_task_id, asset_event.source_dag_id, asset_event.source_run_id, asset_event.source_map_index, asset_event.timestamp, a
00:11:36.884|94|idle in transaction|Client|SELECT task_instance.id, task_instance.task_id, task_instance.dag_id, task_instance.run_id, task_instance.map_index, task_instance.start_date, task_instance.end_date, task_instance.duration, task_inst
00:11:37.450|94|active||SELECT asset_event.id, asset_event.asset_id, asset_event.extra, asset_event.source_task_id, asset_event.source_dag_id, asset_event.source_run_id, asset_event.source_map_index, asset_event.timestamp, a
00:11:38.023|94|idle in transaction|Client|SELECT dag.bundle_version FROM dag WHERE dag.dag_id = 'bench_partition_consumer'
00:11:38.603|94|idle in transaction|Client|INSERT INTO dagrun_asset_event (dag_run_id, event_id) VALUES (2988, 2982)
00:11:39.167|94|idle in transaction|Client|SELECT dag_version.id, dag_version.version_number, dag_version.dag_id, dag_version.bundle_name, dag_version.bundle_version, dag_version.version_data, dag_version.created_at, dag_version.last_updated F
00:11:39.741|94|idle in transaction|Client|UPDATE task_instance SET start_date='2026-09-30T00:11:39.680091+00:00'::timestamptz, end_date='2026-09-30T00:11:39.680091+00:00'::timestamptz, duration=0, state='success', try_number=(task_instance.tr
00:11:40.332|94|idle in transaction|Client|UPDATE task_instance SET start_date='2026-09-30T00:11:40.271319+00:00'::timestamptz, end_date='2026-09-30T00:11:40.271321+00:00'::timestamptz, duration=0, state='success', try_number=(task_instance.tr
00:11:41.491|94|idle in transaction|Client|SELECT dag_version.id, dag_version.version_number, dag_version.dag_id, dag_version.bundle_name, dag_version.bundle_version, dag_version.version_data, dag_version.created_at, dag_version.last_updated F
00:11:42.060|94|active||SELECT asset_event.id, asset_event.asset_id, asset_event.extra, asset_event.source_task_id, asset_event.source_dag_id, asset_event.source_run_id, asset_event.source_map_index, asset_event.timestamp, a
00:11:42.633|94|idle in transaction|Client|INSERT INTO dagrun_asset_event (dag_run_id, event_id) VALUES (3099, 3093)
00:11:43.200|94|idle in transaction|Client|INSERT INTO dagrun_asset_event (dag_run_id, event_id) VALUES (3146, 3140)
00:11:43.766|94|active||SELECT asset_event.id, asset_event.asset_id, asset_event.extra, asset_event.source_task_id, asset_event.source_dag_id, asset_event.source_run_id, asset_event.source_map_index, asset_event.timestamp, a
00:11:44.337|94|idle in transaction|Client|SELECT dag.bundle_version FROM dag WHERE dag.dag_id = 'bench_partition_consumer'
00:11:44.899|94|idle in transaction|Client|SELECT asset_event.id, asset_event.asset_id, asset_event.extra, asset_event.source_task_id, asset_event.source_dag_id, asset_event.source_run_id, asset_event.source_map_index, asset_event.timestamp, a
00:11:45.499|94|idle in transaction||SELECT dag_version.id, dag_version.version_number, dag_version.dag_id, dag_version.bundle_name, dag_version.bundle_version, dag_version.version_data, dag_version.created_at, dag_version.last_updated F
00:11:46.077|94|active||SELECT asset_event.id, asset_event.asset_id, asset_event.extra, asset_event.source_task_id, asset_event.source_dag_id, asset_event.source_run_id, asset_event.source_map_index, asset_event.timestamp, a
00:11:46.639|94|active||SELECT asset_event.id, asset_event.asset_id, asset_event.extra, asset_event.source_task_id, asset_event.source_dag_id, asset_event.source_run_id, asset_event.source_map_index, asset_event.timestamp, a
00:11:47.205|94|idle in transaction|Client|SELECT asset_event.id, asset_event.asset_id, asset_event.extra, asset_event.source_task_id, asset_event.source_dag_id, asset_event.source_run_id, asset_event.source_map_index, asset_event.timestamp, a
00:11:47.770|94|idle in transaction||UPDATE asset_partition_dag_run SET created_dag_run_id=3471, updated_at='2026-09-30T00:11:47.708530+00:00'::timestamptz WHERE asset_partition_dag_run.id = 3465
00:11:48.350|94|active||SELECT dag_run.id, dag_run.dag_id, dag_run.queued_at, dag_run.logical_date, dag_run.start_date, dag_run.end_date, dag_run.state, dag_run.run_id, dag_run.creating_job_id, dag_run.run_type, dag_run.trig
00:11:48.913|94|idle in transaction|Client|SELECT dag.dag_id AS dag_dag_id, dag.is_paused AS dag_is_paused, dag.is_stale AS dag_is_stale, dag.exceeds_max_non_backfill AS dag_exceeds_max_non_backfill, dag.last_parsed_time AS dag_last_parsed_tim
00:11:49.508|94|idle in transaction|Client|SELECT dag.dag_id AS dag_dag_id, dag.is_paused AS dag_is_paused, dag.is_stale AS dag_is_stale, dag.exceeds_max_non_backfill AS dag_exceeds_max_non_backfill, dag.last_parsed_time AS dag_last_parsed_tim
00:11:50.080|94|idle in transaction|Client|SELECT task_instance.dag_version_id FROM task_instance WHERE task_instance.dag_id = 'bench_partition_consumer' AND task_instance.dag_version_id = '01a0efa2-2565-7f80-a0a2-753ce7d9a46b'::uuid::UUID AND
00:11:51.260|94|idle in transaction|Client|INSERT INTO dag_run (dag_id, queued_at, logical_date, start_date, end_date, state, run_id, creating_job_id, run_type, triggered_by, triggering_user_name, conf, data_interval_start, data_interval_end, 
00:11:51.817|94|idle in transaction|Client|SELECT dag_version.id, dag_version.version_number, dag_version.dag_id, dag_version.bundle_name, dag_version.bundle_version, dag_version.version_data, dag_version.created_at, dag_version.last_updated F
00:11:52.376|94|active||SELECT asset_event.id, asset_event.asset_id, asset_event.extra, asset_event.source_task_id, asset_event.source_dag_id, asset_event.source_run_id, asset_event.source_map_index, asset_event.timestamp, a
00:11:53.074|94|active||SELECT asset_event.id, asset_event.asset_id, asset_event.extra, asset_event.source_task_id, asset_event.source_dag_id, asset_event.source_run_id, asset_event.source_map_index, asset_event.timestamp, a
00:11:53.074|10025|active|Timeout|autovacuum: VACUUM ANALYZE public.job
00:11:53.663|94|active|Client|UPDATE asset_partition_dag_run SET created_dag_run_id=3732, updated_at='2026-09-30T00:11:53.602507+00:00'::timestamptz WHERE asset_partition_dag_run.id = 3726
00:11:54.253|94|idle in transaction|Client|SELECT dag_version.id, dag_version.version_number, dag_version.dag_id, dag_version.bundle_name, dag_version.bundle_version, dag_version.version_data, dag_version.created_at, dag_version.last_updated F
00:11:54.831|94|idle in transaction|Client|INSERT INTO dagrun_asset_event (dag_run_id, event_id) VALUES (3909, 3903)
00:11:55.393|94|idle in transaction|Client|SELECT asset_event.id, asset_event.asset_id, asset_event.extra, asset_event.source_task_id, asset_event.source_dag_id, asset_event.source_run_id, asset_event.source_map_index, asset_event.timestamp, a
00:11:55.958|94|idle in transaction|Client|SELECT task_instance.id, task_instance.task_id, task_instance.dag_id, task_instance.run_id, task_instance.map_index, task_instance.start_date, task_instance.end_date, task_instance.duration, task_inst
00:11:56.518|94|active|Client|SELECT task_instance.id, task_instance.task_id, task_instance.dag_id, task_instance.run_id, task_instance.map_index, task_instance.start_date, task_instance.end_date, task_instance.duration, task_inst
00:11:57.089|94|idle in transaction|Client|SELECT dag_version.id, dag_version.version_number, dag_version.dag_id, dag_version.bundle_name, dag_version.bundle_version, dag_version.version_data, dag_version.created_at, dag_version.last_updated F
00:11:57.684|94|active||SELECT dag_version.id, dag_version.version_number, dag_version.dag_id, dag_version.bundle_name, dag_version.bundle_version, dag_version.version_data, dag_version.created_at, dag_version.last_updated F
00:11:58.286|94|idle in transaction|Client|SELECT asset_event.id, asset_event.asset_id, asset_event.extra, asset_event.source_task_id, asset_event.source_dag_id, asset_event.source_run_id, asset_event.source_map_index, asset_event.timestamp, a
00:11:58.888|94|active|Client|INSERT INTO dag_run (dag_id, queued_at, logical_date, start_date, end_date, state, run_id, creating_job_id, run_type, triggered_by, triggering_user_name, conf, data_interval_start, data_interval_end, 
00:11:59.462|94|idle in transaction|Client|SELECT task_instance.id, task_instance.task_id, task_instance.dag_id, task_instance.run_id, task_instance.map_index, task_instance.start_date, task_instance.end_date, task_instance.duration, task_inst
00:12:00.051|94|idle in transaction|Client|INSERT INTO task_instance (id, task_id, dag_id, run_id, map_index, try_number, max_tries, hostname, unixname, pool, pool_slots, queue, priority_weight, operator, custom_operator_name, executor_config,
00:12:00.656|94|idle in transaction|Client|SELECT task_instance.id, task_instance.task_id, task_instance.dag_id, task_instance.run_id, task_instance.map_index, task_instance.start_date, task_instance.end_date, task_instance.duration, task_inst
00:12:01.233|94|idle in transaction|Client|SELECT max(log_template.id) AS max_1 FROM log_template
00:12:01.798|94|idle in transaction|Client|SELECT dag_version.id, dag_version.version_number, dag_version.dag_id, dag_version.bundle_name, dag_version.bundle_version, dag_version.version_data, dag_version.created_at, dag_version.last_updated F
00:12:02.358|94|idle in transaction|Client|SELECT dag_version.id, dag_version.version_number, dag_version.dag_id, dag_version.bundle_name, dag_version.bundle_version, dag_version.version_data, dag_version.created_at, dag_version.last_updated F
00:12:02.938|94|idle in transaction|Client|SELECT dag.dag_id AS dag_dag_id, dag.is_paused AS dag_is_paused, dag.is_stale AS dag_is_stale, dag.exceeds_max_non_backfill AS dag_exceeds_max_non_backfill, dag.last_parsed_time AS dag_last_parsed_tim
00:12:03.505|94|idle in transaction|Client|SELECT dag_version.id, dag_version.version_number, dag_version.dag_id, dag_version.bundle_name, dag_version.bundle_version, dag_version.version_data, dag_version.created_at, dag_version.last_updated F
00:12:04.121|94|idle in transaction|Client|SELECT max(log_template.id) AS max_1 FROM log_template
00:12:04.719|94|active||SELECT max(log_template.id) AS max_1 FROM log_template
00:12:05.316|94|idle in transaction|Client|SELECT max(log_template.id) AS max_1 FROM log_template
00:12:05.923|94|idle in transaction|Client|INSERT INTO dagrun_asset_event (dag_run_id, event_id) VALUES (4686, 4680)
00:12:06.499|94|idle in transaction|Client|UPDATE asset_partition_dag_run SET created_dag_run_id=4753, updated_at='2026-09-30T00:12:06.435666+00:00'::timestamptz WHERE asset_partition_dag_run.id = 4747
00:12:07.078|94|idle in transaction|Client|INSERT INTO dag_run (dag_id, queued_at, logical_date, start_date, end_date, state, run_id, creating_job_id, run_type, triggered_by, triggering_user_name, conf, data_interval_start, data_interval_end, 
00:12:07.655|94|idle in transaction|Client|SELECT dag_version.id, dag_version.version_number, dag_version.dag_id, dag_version.bundle_name, dag_version.bundle_version, dag_version.version_data, dag_version.created_at, dag_version.last_updated F
00:12:08.274|94|idle in transaction||SELECT dag_version.id, dag_version.version_number, dag_version.dag_id, dag_version.bundle_name, dag_version.bundle_version, dag_version.version_data, dag_version.created_at, dag_version.last_updated F
00:12:08.847|94|active||UPDATE dag_run SET start_date='2026-09-30T00:12:08.612697+00:00'::timestamptz, state='running', updated_at='2026-09-30T00:12:08.767247+00:00'::timestamptz WHERE dag_run.id = 2439
00:12:09.424|94|active||SELECT task_instance.dag_version_id FROM task_instance WHERE task_instance.dag_id = 'bench_partition_consumer' AND task_instance.dag_version_id = '01a0efa2-2565-7f80-a0a2-753ce7d9a46b'::uuid::UUID AND
00:12:09.998|94|idle in transaction|Client|SELECT dag.dag_id AS dag_dag_id, dag.is_paused AS dag_is_paused, dag.is_stale AS dag_is_stale, dag.exceeds_max_non_backfill AS dag_exceeds_max_non_backfill, dag.last_parsed_time AS dag_last_parsed_tim
00:12:10.553|94|idle in transaction|Client|SELECT dag_version.id, dag_version.version_number, dag_version.dag_id, dag_version.bundle_name, dag_version.bundle_version, dag_version.version_data, dag_version.created_at, dag_version.last_updated F
00:12:11.150|94|idle in transaction|Client|UPDATE asset_partition_dag_run SET created_dag_run_id=5019, updated_at='2026-09-30T00:12:11.087143+00:00'::timestamptz WHERE asset_partition_dag_run.id = 5013
00:12:11.749|94|active|Client|UPDATE asset_partition_dag_run SET created_dag_run_id=5076, updated_at='2026-09-30T00:12:11.688057+00:00'::timestamptz WHERE asset_partition_dag_run.id = 5070
00:12:12.386|94|active|Client|UPDATE asset_partition_dag_run SET created_dag_run_id=5158, updated_at='2026-09-30T00:12:12.324971+00:00'::timestamptz WHERE asset_partition_dag_run.id = 5152
00:12:12.959|94|idle in transaction|Client|UPDATE asset_partition_dag_run SET created_dag_run_id=5241, updated_at='2026-09-30T00:12:12.896743+00:00'::timestamptz WHERE asset_partition_dag_run.id = 5235
00:12:13.528|94|idle in transaction|Client|SELECT asset_event.id, asset_event.asset_id, asset_event.extra, asset_event.source_task_id, asset_event.source_dag_id, asset_event.source_run_id, asset_event.source_map_index, asset_event.timestamp, a
00:12:14.115|94|idle in transaction|Client|INSERT INTO task_instance (id, task_id, dag_id, run_id, map_index, try_number, max_tries, hostname, unixname, pool, pool_slots, queue, priority_weight, operator, custom_operator_name, executor_config,
00:12:14.687|94|idle in transaction||SELECT max(log_template.id) AS max_1 FROM log_template
00:12:15.291|94|idle in transaction|Client|SELECT task_instance.id, task_instance.task_id, task_instance.dag_id, task_instance.run_id, task_instance.map_index, task_instance.start_date, task_instance.end_date, task_instance.duration, task_inst
00:12:15.855|94|idle in transaction|Client|SELECT task_instance.id, task_instance.task_id, task_instance.dag_id, task_instance.run_id, task_instance.map_index, task_instance.start_date, task_instance.end_date, task_instance.duration, task_inst
00:12:16.450|94|idle in transaction|Client|SELECT task_instance.id, task_instance.task_id, task_instance.dag_id, task_instance.run_id, task_instance.map_index, task_instance.start_date, task_instance.end_date, task_instance.duration, task_inst
00:12:17.641|94|active||INSERT INTO task_instance (id, task_id, dag_id, run_id, map_index, try_number, max_tries, hostname, unixname, pool, pool_slots, queue, priority_weight, operator, custom_operator_name, executor_config,
00:12:18.231|94|idle in transaction|Client|INSERT INTO task_instance (id, task_id, dag_id, run_id, map_index, try_number, max_tries, hostname, unixname, pool, pool_slots, queue, priority_weight, operator, custom_operator_name, executor_config,
00:12:18.816|94|idle in transaction|Client|INSERT INTO dag_run (dag_id, queued_at, logical_date, start_date, end_date, state, run_id, creating_job_id, run_type, triggered_by, triggering_user_name, conf, data_interval_start, data_interval_end, 
00:12:19.410|94|idle in transaction|Client|SELECT max(log_template.id) AS max_1 FROM log_template
00:12:20.004|94|active||SELECT task_instance.id, task_instance.task_id, task_instance.dag_id, task_instance.run_id, task_instance.map_index, task_instance.start_date, task_instance.end_date, task_instance.duration, task_inst
00:12:20.581|94|idle in transaction|Client|SELECT asset_event.id, asset_event.asset_id, asset_event.extra, asset_event.source_task_id, asset_event.source_dag_id, asset_event.source_run_id, asset_event.source_map_index, asset_event.timestamp, a
00:12:21.143|94|idle in transaction|Client|SELECT max(log_template.id) AS max_1 FROM log_template
00:12:21.715|94|idle in transaction|Client|SELECT dag.dag_id AS dag_dag_id, dag.is_paused AS dag_is_paused, dag.is_stale AS dag_is_stale, dag.exceeds_max_non_backfill AS dag_exceeds_max_non_backfill, dag.last_parsed_time AS dag_last_parsed_tim
00:12:22.316|94|idle in transaction|Client|SELECT dag.dag_id AS dag_dag_id, dag.is_paused AS dag_is_paused, dag.is_stale AS dag_is_stale, dag.exceeds_max_non_backfill AS dag_exceeds_max_non_backfill, dag.last_parsed_time AS dag_last_parsed_tim
00:12:23.495|94|idle in transaction|Client|UPDATE asset_partition_dag_run SET created_dag_run_id=6009, updated_at='2026-09-30T00:12:23.432291+00:00'::timestamptz WHERE asset_partition_dag_run.id = 6003
00:12:24.077|94|idle in transaction|Client|INSERT INTO dag_run (dag_id, queued_at, logical_date, start_date, end_date, state, run_id, creating_job_id, run_type, triggered_by, triggering_user_name, conf, data_interval_start, data_interval_end, 
00:12:24.643|94|idle in transaction|Client|INSERT INTO task_instance (id, task_id, dag_id, run_id, map_index, try_number, max_tries, hostname, unixname, pool, pool_slots, queue, priority_weight, operator, custom_operator_name, executor_config,
00:12:25.208|94|idle in transaction||INSERT INTO dagrun_asset_event (dag_run_id, event_id) VALUES (6259, 6253)
00:12:25.791|94|idle in transaction|Client|SELECT dag.bundle_version FROM dag WHERE dag.dag_id = 'bench_partition_consumer'
00:12:26.354|94|idle in transaction|Client|SELECT dag_version.id, dag_version.version_number, dag_version.dag_id, dag_version.bundle_name, dag_version.bundle_version, dag_version.version_data, dag_version.created_at, dag_version.last_updated F
00:12:26.932|94|idle in transaction|Client|SELECT max(log_template.id) AS max_1 FROM log_template
00:12:27.522|94|idle in transaction|Client|SELECT task_instance.id, task_instance.task_id, task_instance.dag_id, task_instance.run_id, task_instance.map_index, task_instance.start_date, task_instance.end_date, task_instance.duration, task_inst
00:12:28.103|94|idle in transaction|Client|SELECT task_instance.id, task_instance.task_id, task_instance.dag_id, task_instance.run_id, task_instance.map_index, task_instance.start_date, task_instance.end_date, task_instance.duration, task_inst
00:12:28.681|94|idle in transaction|Client|SELECT dag_version.id, dag_version.version_number, dag_version.dag_id, dag_version.bundle_name, dag_version.bundle_version, dag_version.version_data, dag_version.created_at, dag_version.last_updated F
00:12:29.295|94|active||SELECT asset_partition_dag_run.id, asset_partition_dag_run.target_dag_id, asset_partition_dag_run.created_dag_run_id, asset_partition_dag_run.partition_key, asset_partition_dag_run.partition_date, ass
00:12:29.900|94|idle in transaction|Client|SELECT max(log_template.id) AS max_1 FROM log_template
00:12:30.497|94|idle in transaction|Client|INSERT INTO dag_run (dag_id, queued_at, logical_date, start_date, end_date, state, run_id, creating_job_id, run_type, triggered_by, triggering_user_name, conf, data_interval_start, data_interval_end, 
00:12:31.065|94|idle in transaction|Client|INSERT INTO dagrun_asset_event (dag_run_id, event_id) VALUES (6686, 6680)
00:12:31.633|94|idle in transaction||SELECT dag_version.id, dag_version.version_number, dag_version.dag_id, dag_version.bundle_name, dag_version.bundle_version, dag_version.version_data, dag_version.created_at, dag_version.last_updated F
00:12:32.192|94|idle in transaction|Client|SELECT task_instance.id, task_instance.task_id, task_instance.dag_id, task_instance.run_id, task_instance.map_index, task_instance.start_date, task_instance.end_date, task_instance.duration, task_inst
00:12:32.752|94|active||SELECT asset_event.id, asset_event.asset_id, asset_event.extra, asset_event.source_task_id, asset_event.source_dag_id, asset_event.source_run_id, asset_event.source_map_index, asset_event.timestamp, a
00:12:33.887|94|active||SELECT task_instance.dag_version_id FROM task_instance WHERE task_instance.dag_id = 'bench_partition_consumer' AND task_instance.dag_version_id = '01a0efa2-2565-7f80-a0a2-753ce7d9a46b'::uuid::UUID AND
00:12:34.502|94|idle in transaction|Client|SELECT dag_version.id, dag_version.version_number, dag_version.dag_id, dag_version.bundle_name, dag_version.bundle_version, dag_version.version_data, dag_version.created_at, dag_version.last_updated F
00:12:35.083|94|idle in transaction|Client|SELECT task_instance.dag_version_id FROM task_instance WHERE task_instance.dag_id = 'bench_partition_consumer' AND task_instance.dag_version_id = '01a0efa2-2565-7f80-a0a2-753ce7d9a46b'::uuid::UUID AND
00:12:36.299|94|idle in transaction|Client|INSERT INTO task_instance (id, task_id, dag_id, run_id, map_index, try_number, max_tries, hostname, unixname, pool, pool_slots, queue, priority_weight, operator, custom_operator_name, executor_config,
00:12:36.889|94|idle in transaction|Client|SELECT dag.bundle_version FROM dag WHERE dag.dag_id = 'bench_partition_consumer'
00:12:37.455|94|idle in transaction|Client|INSERT INTO dag_run (dag_id, queued_at, logical_date, start_date, end_date, state, run_id, creating_job_id, run_type, triggered_by, triggering_user_name, conf, data_interval_start, data_interval_end, 
00:12:38.013|94|idle in transaction|Client|INSERT INTO task_instance (id, task_id, dag_id, run_id, map_index, try_number, max_tries, hostname, unixname, pool, pool_slots, queue, priority_weight, operator, custom_operator_name, executor_config,
00:12:38.586|94|idle in transaction|Client|SELECT dag_version.id, dag_version.version_number, dag_version.dag_id, dag_version.bundle_name, dag_version.bundle_version, dag_version.version_data, dag_version.created_at, dag_version.last_updated F
00:12:39.167|95|idle in transaction||BEGIN
00:12:39.167|94|idle in transaction|Client|UPDATE asset_partition_dag_run SET created_dag_run_id=7412, updated_at='2026-09-30T00:12:39.103921+00:00'::timestamptz WHERE asset_partition_dag_run.id = 7406
00:12:39.754|94|active||INSERT INTO task_instance (id, task_id, dag_id, run_id, map_index, try_number, max_tries, hostname, unixname, pool, pool_slots, queue, priority_weight, operator, custom_operator_name, executor_config,
00:12:40.341|94|active||SELECT task_instance.id, task_instance.task_id, task_instance.dag_id, task_instance.run_id, task_instance.map_index, task_instance.start_date, task_instance.end_date, task_instance.duration, task_inst
00:12:40.905|94|idle in transaction|Client|SELECT task_instance.id, task_instance.task_id, task_instance.dag_id, task_instance.run_id, task_instance.map_index, task_instance.start_date, task_instance.end_date, task_instance.duration, task_inst
00:12:41.488|94|idle in transaction|Client|UPDATE dag_run SET last_scheduling_decision='2026-09-30T00:12:40.121537+00:00'::timestamptz, updated_at='2026-09-30T00:12:41.420891+00:00'::timestamptz, scheduled_by_job_id=1 WHERE dag_run.id = 3416
00:12:42.701|94|idle in transaction|Client|SELECT max(log_template.id) AS max_1 FROM log_template
00:12:43.294|94|active|Client|INSERT INTO dag_run (dag_id, queued_at, logical_date, start_date, end_date, state, run_id, creating_job_id, run_type, triggered_by, triggering_user_name, conf, data_interval_start, data_interval_end, 
00:12:43.874|94|active||INSERT INTO dag_run (dag_id, queued_at, logical_date, start_date, end_date, state, run_id, creating_job_id, run_type, triggered_by, triggering_user_name, conf, data_interval_start, data_interval_end, 
00:12:44.456|94|idle in transaction|Client|SELECT task_instance.id, task_instance.task_id, task_instance.dag_id, task_instance.run_id, task_instance.map_index, task_instance.start_date, task_instance.end_date, task_instance.duration, task_inst
00:12:45.039|94|idle in transaction|Client|SELECT task_instance.id, task_instance.task_id, task_instance.dag_id, task_instance.run_id, task_instance.map_index, task_instance.start_date, task_instance.end_date, task_instance.duration, task_inst
00:12:45.628|94|idle in transaction|Client|INSERT INTO dagrun_asset_event (dag_run_id, event_id) VALUES (7907, 7901)
00:12:46.201|94|active||SELECT task_instance.id, task_instance.task_id, task_instance.dag_id, task_instance.run_id, task_instance.map_index, task_instance.start_date, task_instance.end_date, task_instance.duration, task_inst
00:12:46.769|94|idle in transaction||SELECT task_instance.dag_version_id FROM task_instance WHERE task_instance.dag_id = 'bench_partition_consumer' AND task_instance.dag_version_id = '01a0efa2-2565-7f80-a0a2-753ce7d9a46b'::uuid::UUID AND
00:12:47.365|94|active||SELECT task_instance.dag_version_id FROM task_instance WHERE task_instance.dag_id = 'bench_partition_consumer' AND task_instance.dag_version_id = '01a0efa2-2565-7f80-a0a2-753ce7d9a46b'::uuid::UUID AND
00:12:47.943|94|active||SELECT task_instance.id, task_instance.task_id, task_instance.dag_id, task_instance.run_id, task_instance.map_index, task_instance.start_date, task_instance.end_date, task_instance.duration, task_inst
00:12:49.124|94|idle in transaction|Client|INSERT INTO dag_run (dag_id, queued_at, logical_date, start_date, end_date, state, run_id, creating_job_id, run_type, triggered_by, triggering_user_name, conf, data_interval_start, data_interval_end, 
00:12:49.718|94|idle in transaction|Client|INSERT INTO dag_run (dag_id, queued_at, logical_date, start_date, end_date, state, run_id, creating_job_id, run_type, triggered_by, triggering_user_name, conf, data_interval_start, data_interval_end, 
00:12:50.314|94|idle in transaction|Client|INSERT INTO dag_run (dag_id, queued_at, logical_date, start_date, end_date, state, run_id, creating_job_id, run_type, triggered_by, triggering_user_name, conf, data_interval_start, data_interval_end, 
00:12:50.905|94|active||SELECT task_instance.id, task_instance.task_id, task_instance.dag_id, task_instance.run_id, task_instance.map_index, task_instance.start_date, task_instance.end_date, task_instance.duration, task_inst
00:12:51.506|94|idle in transaction|Client|INSERT INTO dagrun_asset_event (dag_run_id, event_id) VALUES (8295, 8289)
00:12:52.077|94|idle in transaction|Client|SELECT dag.bundle_version FROM dag WHERE dag.dag_id = 'bench_partition_consumer'
00:12:52.649|94|idle in transaction|Client|SELECT task_instance.id, task_instance.task_id, task_instance.dag_id, task_instance.run_id, task_instance.map_index, task_instance.start_date, task_instance.end_date, task_instance.duration, task_inst
00:12:53.216|94|idle in transaction|Client|SELECT dag_version.id, dag_version.version_number, dag_version.dag_id, dag_version.bundle_name, dag_version.bundle_version, dag_version.version_data, dag_version.created_at, dag_version.last_updated F
00:12:53.216|11443|active||autovacuum: VACUUM ANALYZE public.asset_partition_dag_run
00:12:53.793|94|idle in transaction|Client|SELECT task_instance.dag_version_id FROM task_instance WHERE task_instance.dag_id = 'bench_partition_consumer' AND task_instance.dag_version_id = '01a0efa2-2565-7f80-a0a2-753ce7d9a46b'::uuid::UUID AND
00:12:54.354|94|idle in transaction|Client|SELECT dag_version.id, dag_version.version_number, dag_version.dag_id, dag_version.bundle_name, dag_version.bundle_version, dag_version.version_data, dag_version.created_at, dag_version.last_updated F
00:12:54.934|94|active||UPDATE dag_run SET last_scheduling_decision='2026-09-30T00:12:53.673149+00:00'::timestamptz, updated_at='2026-09-30T00:12:54.847640+00:00'::timestamptz, scheduled_by_job_id=1 WHERE dag_run.id = 3844
00:12:56.170|94|idle in transaction|Client|SELECT dag.bundle_version FROM dag WHERE dag.dag_id = 'bench_partition_consumer'
00:12:56.772|94|idle in transaction|Client|UPDATE asset_partition_dag_run SET created_dag_run_id=8586, updated_at='2026-09-30T00:12:56.706906+00:00'::timestamptz WHERE asset_partition_dag_run.id = 8580
00:12:57.375|94|idle in transaction|Client|SELECT asset_event.id, asset_event.asset_id, asset_event.extra, asset_event.source_task_id, asset_event.source_dag_id, asset_event.source_run_id, asset_event.source_map_index, asset_event.timestamp, a
00:12:57.998|94|idle in transaction|Client|SELECT dag.bundle_version FROM dag WHERE dag.dag_id = 'bench_partition_consumer'
00:12:58.581|94|idle in transaction|Client|SELECT max(log_template.id) AS max_1 FROM log_template
00:12:59.146|94|idle in transaction|Client|SELECT dag.bundle_version FROM dag WHERE dag.dag_id = 'bench_partition_consumer'
00:12:59.731|94|idle in transaction|Client|SELECT max(log_template.id) AS max_1 FROM log_template
00:13:00.314|94|idle in transaction|Client|SELECT asset_event.id, asset_event.asset_id, asset_event.extra, asset_event.source_task_id, asset_event.source_dag_id, asset_event.source_run_id, asset_event.source_map_index, asset_event.timestamp, a
00:13:00.878|94|idle in transaction|Client|UPDATE task_instance SET start_date='2026-09-30T00:13:00.811935+00:00'::timestamptz, end_date='2026-09-30T00:13:00.811937+00:00'::timestamptz, duration=0, state='success', try_number=(task_instance.tr
00:13:01.469|94|idle in transaction|Client|SELECT dag_version.id, dag_version.version_number, dag_version.dag_id, dag_version.bundle_name, dag_version.bundle_version, dag_version.version_data, dag_version.created_at, dag_version.last_updated F
00:13:02.056|94|active||SELECT task_instance.dag_version_id FROM task_instance WHERE task_instance.dag_id = 'bench_partition_consumer' AND task_instance.dag_version_id = '01a0efa2-2565-7f80-a0a2-753ce7d9a46b'::uuid::UUID AND
00:13:03.256|94|idle in transaction|Client|SELECT task_instance.id, task_instance.task_id, task_instance.dag_id, task_instance.run_id, task_instance.map_index, task_instance.start_date, task_instance.end_date, task_instance.duration, task_inst
00:13:03.840|94|active||UPDATE asset_partition_dag_run SET created_dag_run_id=9088, updated_at='2026-09-30T00:13:03.775634+00:00'::timestamptz WHERE asset_partition_dag_run.id = 9082
00:13:04.413|94|idle in transaction||SELECT task_instance.id, task_instance.task_id, task_instance.dag_id, task_instance.run_id, task_instance.map_index, task_instance.start_date, task_instance.end_date, task_instance.duration, task_inst
00:13:04.999|94|active||INSERT INTO dag_run (dag_id, queued_at, logical_date, start_date, end_date, state, run_id, creating_job_id, run_type, triggered_by, triggering_user_name, conf, data_interval_start, data_interval_end, 
00:13:05.582|94|idle in transaction|Client|SELECT task_instance.id, task_instance.task_id, task_instance.dag_id, task_instance.run_id, task_instance.map_index, task_instance.start_date, task_instance.end_date, task_instance.duration, task_inst
00:13:06.163|95|idle in transaction|Client|BEGIN
00:13:06.163|94|active||SELECT task_instance.id, task_instance.task_id, task_instance.dag_id, task_instance.run_id, task_instance.map_index, task_instance.start_date, task_instance.end_date, task_instance.duration, task_inst
00:13:06.761|94|idle in transaction|Client|INSERT INTO task_instance (id, task_id, dag_id, run_id, map_index, try_number, max_tries, hostname, unixname, pool, pool_slots, queue, priority_weight, operator, custom_operator_name, executor_config,
00:13:07.336|94|active||SELECT task_instance.dag_version_id FROM task_instance WHERE task_instance.dag_id = 'bench_partition_consumer' AND task_instance.dag_version_id = '01a0efa2-2565-7f80-a0a2-753ce7d9a46b'::uuid::UUID AND
00:13:07.914|94|active||SELECT task_instance.dag_version_id FROM task_instance WHERE task_instance.dag_id = 'bench_partition_consumer' AND task_instance.dag_version_id = '01a0efa2-2565-7f80-a0a2-753ce7d9a46b'::uuid::UUID AND
00:13:08.498|94|idle in transaction|Client|SELECT task_instance.dag_version_id FROM task_instance WHERE task_instance.dag_id = 'bench_partition_consumer' AND task_instance.dag_version_id = '01a0efa2-2565-7f80-a0a2-753ce7d9a46b'::uuid::UUID AND
00:13:09.097|94|idle in transaction|Client|SELECT dag_version.id, dag_version.version_number, dag_version.dag_id, dag_version.bundle_name, dag_version.bundle_version, dag_version.version_data, dag_version.created_at, dag_version.last_updated F
00:13:09.732|94|idle in transaction|Client|SELECT partitioned_asset_key_log.asset_partition_dag_run_id, partitioned_asset_key_log.asset_id, partitioned_asset_key_log.source_partition_key, asset.name, asset.uri FROM partitioned_asset_key_log JO
00:13:10.344|94|idle in transaction|Client|SELECT task_instance.id, task_instance.task_id, task_instance.dag_id, task_instance.run_id, task_instance.map_index, task_instance.start_date, task_instance.end_date, task_instance.duration, task_inst
00:13:10.344|8197|active||select count(*) from asset_partition_dag_run where target_dag_id='bench_partition_consumer'
00:13:10.926|94|idle in transaction|Client|INSERT INTO dag_run (dag_id, queued_at, logical_date, start_date, end_date, state, run_id, creating_job_id, run_type, triggered_by, triggering_user_name, conf, data_interval_start, data_interval_end, 
00:13:11.529|94|idle in transaction|Client|SELECT dag.bundle_version FROM dag WHERE dag.dag_id = 'bench_partition_consumer'
00:13:12.134|94|idle in transaction|Client|SELECT max(log_template.id) AS max_1 FROM log_template
00:13:12.721|94|idle in transaction|Client|INSERT INTO dagrun_asset_event (dag_run_id, event_id) VALUES (9870, 9864)
00:13:13.310|94|idle in transaction|Client|SELECT asset_event.id, asset_event.asset_id, asset_event.extra, asset_event.source_task_id, asset_event.source_dag_id, asset_event.source_run_id, asset_event.source_map_index, asset_event.timestamp, a
00:13:13.876|94|idle in transaction|Client|SELECT dag_version.id, dag_version.version_number, dag_version.dag_id, dag_version.bundle_name, dag_version.bundle_version, dag_version.version_data, dag_version.created_at, dag_version.last_updated F
00:13:14.442|94|idle in transaction||SELECT task_instance.dag_version_id FROM task_instance WHERE task_instance.dag_id = 'bench_partition_consumer' AND task_instance.dag_version_id = '01a0efa2-2565-7f80-a0a2-753ce7d9a46b'::uuid::UUID AND
00:13:15.019|94|active||SELECT task_instance.dag_version_id FROM task_instance WHERE task_instance.dag_id = 'bench_partition_consumer' AND task_instance.dag_version_id = '01a0efa2-2565-7f80-a0a2-753ce7d9a46b'::uuid::UUID AND
00:13:15.594|94|active||UPDATE dag_run SET last_scheduling_decision='2026-09-30T00:13:14.592270+00:00'::timestamptz, updated_at='2026-09-30T00:13:15.487551+00:00'::timestamptz, scheduled_by_job_id=1 WHERE dag_run.id = 4487
00:13:16.808|94|idle in transaction|Client|SELECT asset_event.id, asset_event.asset_id, asset_event.extra, asset_event.source_task_id, asset_event.source_dag_id, asset_event.source_run_id, asset_event.source_map_index, asset_event.timestamp, a
00:13:17.402|94|idle in transaction|Client|INSERT INTO dagrun_asset_event (dag_run_id, event_id) VALUES (10109, 10103)
00:13:18.015|94|idle in transaction|Client|SELECT task_instance.id, task_instance.task_id, task_instance.dag_id, task_instance.run_id, task_instance.map_index, task_instance.start_date, task_instance.end_date, task_instance.duration, task_inst
00:13:18.600|94|idle in transaction|Client|SELECT asset_event.id, asset_event.asset_id, asset_event.extra, asset_event.source_task_id, asset_event.source_dag_id, asset_event.source_run_id, asset_event.source_map_index, asset_event.timestamp, a
00:13:19.169|94|idle in transaction|Client|SELECT max(log_template.id) AS max_1 FROM log_template
00:13:19.755|94|idle in transaction|Client|SELECT task_instance.id, task_instance.task_id, task_instance.dag_id, task_instance.run_id, task_instance.map_index, task_instance.start_date, task_instance.end_date, task_instance.duration, task_inst
00:13:20.333|94|active||SELECT dag_run.id, dag_run.dag_id, dag_run.queued_at, dag_run.logical_date, dag_run.start_date, dag_run.end_date, dag_run.state, dag_run.run_id, dag_run.creating_job_id, dag_run.run_type, dag_run.trig
00:13:20.900|94|idle in transaction|Client|SELECT task_instance.dag_version_id FROM task_instance WHERE task_instance.dag_id = 'bench_partition_consumer' AND task_instance.dag_version_id = '01a0efa2-2565-7f80-a0a2-753ce7d9a46b'::uuid::UUID AND
00:13:21.490|94|idle in transaction|Client|SELECT task_instance.id, task_instance.task_id, task_instance.dag_id, task_instance.run_id, task_instance.map_index, task_instance.start_date, task_instance.end_date, task_instance.duration, task_inst
00:13:22.080|94|idle in transaction|Client|SELECT task_instance.id, task_instance.task_id, task_instance.dag_id, task_instance.run_id, task_instance.map_index, task_instance.start_date, task_instance.end_date, task_instance.duration, task_inst
00:13:23.266|94|idle in transaction|Client|INSERT INTO task_instance (id, task_id, dag_id, run_id, map_index, try_number, max_tries, hostname, unixname, pool, pool_slots, queue, priority_weight, operator, custom_operator_name, executor_config,
00:13:23.869|94|active||INSERT INTO task_instance (id, task_id, dag_id, run_id, map_index, try_number, max_tries, hostname, unixname, pool, pool_slots, queue, priority_weight, operator, custom_operator_name, executor_config,
00:13:24.465|94|idle in transaction|Client|INSERT INTO dag_run (dag_id, queued_at, logical_date, start_date, end_date, state, run_id, creating_job_id, run_type, triggered_by, triggering_user_name, conf, data_interval_start, data_interval_end, 
00:13:25.035|94|idle in transaction|Client|INSERT INTO dag_run (dag_id, queued_at, logical_date, start_date, end_date, state, run_id, creating_job_id, run_type, triggered_by, triggering_user_name, conf, data_interval_start, data_interval_end, 
00:13:25.629|94|active||SELECT asset_event.id, asset_event.asset_id, asset_event.extra, asset_event.source_task_id, asset_event.source_dag_id, asset_event.source_run_id, asset_event.source_map_index, asset_event.timestamp, a
00:13:26.213|94|idle in transaction|Client|SELECT task_instance.id, task_instance.task_id, task_instance.dag_id, task_instance.run_id, task_instance.map_index, task_instance.start_date, task_instance.end_date, task_instance.duration, task_inst
00:13:26.805|94|idle in transaction|Client|INSERT INTO dagrun_asset_event (dag_run_id, event_id) VALUES (10918, 10912)
00:13:27.391|94|idle in transaction|Client|SELECT dag_version.id, dag_version.version_number, dag_version.dag_id, dag_version.bundle_name, dag_version.bundle_version, dag_version.version_data, dag_version.created_at, dag_version.last_updated F
00:13:27.955|94|idle in transaction|Client|SELECT dag.dag_id AS dag_dag_id, dag.is_paused AS dag_is_paused, dag.is_stale AS dag_is_stale, dag.exceeds_max_non_backfill AS dag_exceeds_max_non_backfill, dag.last_parsed_time AS dag_last_parsed_tim
00:13:28.543|94|idle in transaction|Client|SELECT task_instance.id, task_instance.task_id, task_instance.dag_id, task_instance.run_id, task_instance.map_index, task_instance.start_date, task_instance.end_date, task_instance.duration, task_inst
00:13:29.120|94|active||UPDATE task_instance SET start_date='2026-09-30T00:13:29.053207+00:00'::timestamptz, end_date='2026-09-30T00:13:29.053223+00:00'::timestamptz, duration=0, state='success', try_number=(task_instance.tr
00:13:30.316|94|idle in transaction|Client|SELECT dag_run.id, dag_run.dag_id, dag_run.queued_at, dag_run.logical_date, dag_run.start_date, dag_run.end_date, dag_run.state, dag_run.run_id, dag_run.creating_job_id, dag_run.run_type, dag_run.trig
00:13:30.885|95|idle in transaction|Client|DELETE FROM dag_warning USING dag WHERE dag_warning.dag_id = dag.dag_id AND dag.is_stale = true
00:13:30.885|94|active||SELECT task_instance.dag_version_id FROM task_instance WHERE task_instance.dag_id = 'bench_partition_consumer' AND task_instance.dag_version_id = '01a0efa2-2565-7f80-a0a2-753ce7d9a46b'::uuid::UUID AND
00:13:31.466|94|idle in transaction|Client|SELECT task_instance.dag_version_id FROM task_instance WHERE task_instance.dag_id = 'bench_partition_consumer' AND task_instance.dag_version_id = '01a0efa2-2565-7f80-a0a2-753ce7d9a46b'::uuid::UUID AND
00:13:32.034|94|idle in transaction|Client|SELECT task_instance.dag_version_id FROM task_instance WHERE task_instance.dag_id = 'bench_partition_consumer' AND task_instance.dag_version_id = '01a0efa2-2565-7f80-a0a2-753ce7d9a46b'::uuid::UUID AND
00:13:32.601|94|idle in transaction|Client|SELECT dag_version.id, dag_version.version_number, dag_version.dag_id, dag_version.bundle_name, dag_version.bundle_version, dag_version.version_data, dag_version.created_at, dag_version.last_updated F
00:13:33.166|94|idle in transaction|Client|SELECT dag_version.id, dag_version.version_number, dag_version.dag_id, dag_version.bundle_name, dag_version.bundle_version, dag_version.version_data, dag_version.created_at, dag_version.last_updated F
00:13:33.750|94|idle in transaction|Client|SELECT dag_version.id, dag_version.version_number, dag_version.dag_id, dag_version.bundle_name, dag_version.bundle_version, dag_version.version_data, dag_version.created_at, dag_version.last_updated F
00:13:34.341|94|idle in transaction|Client|SELECT task_instance.dag_version_id FROM task_instance WHERE task_instance.dag_id = 'bench_partition_consumer' AND task_instance.dag_version_id = '01a0efa2-2565-7f80-a0a2-753ce7d9a46b'::uuid::UUID AND
00:13:34.926|95|idle in transaction|Client|BEGIN
00:13:35.488|94|idle in transaction|Client|UPDATE dag_run SET start_date='2026-09-30T00:13:35.316811+00:00'::timestamptz, state='running', updated_at='2026-09-30T00:13:35.337709+00:00'::timestamptz WHERE dag_run.id = 5582
00:13:36.047|94|active||SELECT task_instance.dag_version_id FROM task_instance WHERE task_instance.dag_id = 'bench_partition_consumer' AND task_instance.dag_version_id = '01a0efa2-2565-7f80-a0a2-753ce7d9a46b'::uuid::UUID AND
00:13:36.633|94|idle in transaction|Client|UPDATE task_instance SET start_date='2026-09-30T00:13:36.565769+00:00'::timestamptz, end_date='2026-09-30T00:13:36.565770+00:00'::timestamptz, duration=0, state='success', try_number=(task_instance.tr
00:13:37.243|94|idle in transaction|Client|SELECT task_instance.dag_version_id FROM task_instance WHERE task_instance.dag_id = 'bench_partition_consumer' AND task_instance.dag_version_id = '01a0efa2-2565-7f80-a0a2-753ce7d9a46b'::uuid::UUID AND
00:13:38.429|94|idle in transaction|Client|SELECT dag_version.id, dag_version.version_number, dag_version.dag_id, dag_version.bundle_name, dag_version.bundle_version, dag_version.version_data, dag_version.created_at, dag_version.last_updated F
00:13:39.010|94|idle in transaction|Client|SELECT task_instance.id, task_instance.task_id, task_instance.dag_id, task_instance.run_id, task_instance.map_index, task_instance.start_date, task_instance.end_date, task_instance.duration, task_inst
00:13:39.596|94|active||SELECT task_instance.id, task_instance.task_id, task_instance.dag_id, task_instance.run_id, task_instance.map_index, task_instance.start_date, task_instance.end_date, task_instance.duration, task_inst
00:13:40.201|94|idle in transaction|Client|UPDATE dag_run SET last_scheduling_decision='2026-09-30T00:13:39.151573+00:00'::timestamptz, updated_at='2026-09-30T00:13:40.038256+00:00'::timestamptz, scheduled_by_job_id=1 WHERE dag_run.id = 5719
00:13:41.423|94|active||SELECT task_instance.id, task_instance.task_id, task_instance.dag_id, task_instance.run_id, task_instance.map_index, task_instance.start_date, task_instance.end_date, task_instance.duration, task_inst
00:13:42.016|94|active||SELECT task_instance.dag_version_id FROM task_instance WHERE task_instance.dag_id = 'bench_partition_consumer' AND task_instance.dag_version_id = '01a0efa2-2565-7f80-a0a2-753ce7d9a46b'::uuid::UUID AND
00:13:42.610|94|idle in transaction|Client|SELECT dag_version.id, dag_version.version_number, dag_version.dag_id, dag_version.bundle_name, dag_version.bundle_version, dag_version.version_data, dag_version.created_at, dag_version.last_updated F
00:13:43.186|94|idle in transaction|Client|UPDATE task_instance SET start_date='2026-09-30T00:13:43.117771+00:00'::timestamptz, end_date='2026-09-30T00:13:43.117772+00:00'::timestamptz, duration=0, state='success', try_number=(task_instance.tr
00:13:44.396|94|active||SELECT task_instance.dag_version_id FROM task_instance WHERE task_instance.dag_id = 'bench_partition_consumer' AND task_instance.dag_version_id = '01a0efa2-2565-7f80-a0a2-753ce7d9a46b'::uuid::UUID AND
00:13:44.975|94|idle in transaction|Client|SELECT task_instance.id, task_instance.task_id, task_instance.dag_id, task_instance.run_id, task_instance.map_index, task_instance.start_date, task_instance.end_date, task_instance.duration, task_inst
00:13:45.553|94|active||SELECT task_instance.id, task_instance.task_id, task_instance.dag_id, task_instance.run_id, task_instance.map_index, task_instance.start_date, task_instance.end_date, task_instance.duration, task_inst
00:13:46.130|95|active||DELETE FROM dag_warning USING dag WHERE dag_warning.dag_id = dag.dag_id AND dag.is_stale = true
00:13:46.717|94|idle in transaction|Client|SELECT dag_version.id, dag_version.version_number, dag_version.dag_id, dag_version.bundle_name, dag_version.bundle_version, dag_version.version_data, dag_version.created_at, dag_version.last_updated F
00:13:47.293|94|active||SELECT task_instance.dag_version_id FROM task_instance WHERE task_instance.dag_id = 'bench_partition_consumer' AND task_instance.dag_version_id = '01a0efa2-2565-7f80-a0a2-753ce7d9a46b'::uuid::UUID AND
00:13:47.900|94|active||SELECT task_instance.dag_version_id FROM task_instance WHERE task_instance.dag_id = 'bench_partition_consumer' AND task_instance.dag_version_id = '01a0efa2-2565-7f80-a0a2-753ce7d9a46b'::uuid::UUID AND
00:13:48.478|94|active||SELECT dag_version.id, dag_version.version_number, dag_version.dag_id, dag_version.bundle_name, dag_version.bundle_version, dag_version.version_data, dag_version.created_at, dag_version.last_updated F
00:13:49.666|94|idle in transaction|Client|SELECT dag_version.id, dag_version.version_number, dag_version.dag_id, dag_version.bundle_name, dag_version.bundle_version, dag_version.version_data, dag_version.created_at, dag_version.last_updated F
00:13:50.255|94|idle in transaction|Client|SELECT task_instance.dag_version_id FROM task_instance WHERE task_instance.dag_id = 'bench_partition_consumer' AND task_instance.dag_version_id = '01a0efa2-2565-7f80-a0a2-753ce7d9a46b'::uuid::UUID AND
00:13:50.820|94|active||SELECT task_instance.dag_version_id FROM task_instance WHERE task_instance.dag_id = 'bench_partition_consumer' AND task_instance.dag_version_id = '01a0efa2-2565-7f80-a0a2-753ce7d9a46b'::uuid::UUID AND
00:13:52.028|94|idle in transaction|Client|SELECT dag_version.id, dag_version.version_number, dag_version.dag_id, dag_version.bundle_name, dag_version.bundle_version, dag_version.version_data, dag_version.created_at, dag_version.last_updated F
00:13:52.600|94|active||UPDATE task_instance SET start_date='2026-09-30T00:13:52.532138+00:00'::timestamptz, end_date='2026-09-30T00:13:52.532139+00:00'::timestamptz, duration=0, state='success', try_number=(task_instance.tr
00:13:53.173|94|idle in transaction|Client|SELECT task_instance.dag_version_id FROM task_instance WHERE task_instance.dag_id = 'bench_partition_consumer' AND task_instance.dag_version_id = '01a0efa2-2565-7f80-a0a2-753ce7d9a46b'::uuid::UUID AND
00:13:53.173|12865|active||autovacuum: VACUUM ANALYZE public.dag_run
00:13:53.779|94|active||SELECT task_instance.dag_version_id FROM task_instance WHERE task_instance.dag_id = 'bench_partition_consumer' AND task_instance.dag_version_id = '01a0efa2-2565-7f80-a0a2-753ce7d9a46b'::uuid::UUID AND
00:13:53.779|12865|active||autovacuum: ANALYZE public.task_instance
00:13:55.047|94|idle in transaction|Client|SELECT task_instance.id, task_instance.task_id, task_instance.dag_id, task_instance.run_id, task_instance.map_index, task_instance.start_date, task_instance.end_date, task_instance.duration, task_inst
00:13:55.624|94|idle in transaction|Client|SELECT dag_version.id, dag_version.version_number, dag_version.dag_id, dag_version.bundle_name, dag_version.bundle_version, dag_version.version_data, dag_version.created_at, dag_version.last_updated F
00:13:56.197|94|idle in transaction|Client|SELECT dag_version.id, dag_version.version_number, dag_version.dag_id, dag_version.bundle_name, dag_version.bundle_version, dag_version.version_data, dag_version.created_at, dag_version.last_updated F
00:13:56.826|94|idle in transaction|Client|SELECT dag_version.id, dag_version.version_number, dag_version.dag_id, dag_version.bundle_name, dag_version.bundle_version, dag_version.version_data, dag_version.created_at, dag_version.last_updated F
00:13:57.429|94|idle in transaction|Client|SELECT dag_version.id, dag_version.version_number, dag_version.dag_id, dag_version.bundle_name, dag_version.bundle_version, dag_version.version_data, dag_version.created_at, dag_version.last_updated F
00:13:58.025|94|idle in transaction|Client|SELECT dag_version.id, dag_version.version_number, dag_version.dag_id, dag_version.bundle_name, dag_version.bundle_version, dag_version.version_data, dag_version.created_at, dag_version.last_updated F
00:13:59.205|94|idle in transaction|Client|SELECT dag_version.id, dag_version.version_number, dag_version.dag_id, dag_version.bundle_name, dag_version.bundle_version, dag_version.version_data, dag_version.created_at, dag_version.last_updated F
00:13:59.768|94|idle in transaction|Client|SELECT dag_version.id, dag_version.version_number, dag_version.dag_id, dag_version.bundle_name, dag_version.bundle_version, dag_version.version_data, dag_version.created_at, dag_version.last_updated F
00:14:00.335|94|idle in transaction|Client|SELECT dag_version.id, dag_version.version_number, dag_version.dag_id, dag_version.bundle_name, dag_version.bundle_version, dag_version.version_data, dag_version.created_at, dag_version.last_updated F
00:14:01.531|94|idle in transaction|Client|SELECT dag_version.id, dag_version.version_number, dag_version.dag_id, dag_version.bundle_name, dag_version.bundle_version, dag_version.version_data, dag_version.created_at, dag_version.last_updated F
00:14:02.122|94|active||SELECT task_instance.id, task_instance.task_id, task_instance.dag_id, task_instance.run_id, task_instance.map_index, task_instance.start_date, task_instance.end_date, task_instance.duration, task_inst
00:14:02.691|94|idle in transaction|Client|SELECT dag_version.id, dag_version.version_number, dag_version.dag_id, dag_version.bundle_name, dag_version.bundle_version, dag_version.version_data, dag_version.created_at, dag_version.last_updated F
00:14:03.333|94|active||SELECT dag_run.id, dag_run.dag_id, dag_run.queued_at, dag_run.logical_date, dag_run.start_date, dag_run.end_date, dag_run.state, dag_run.run_id, dag_run.creating_job_id, dag_run.run_type, dag_run.trig
00:14:03.910|94|idle in transaction|Client|SELECT dag_version.id, dag_version.version_number, dag_version.dag_id, dag_version.bundle_name, dag_version.bundle_version, dag_version.version_data, dag_version.created_at, dag_version.last_updated F
00:14:04.485|94|idle in transaction|Client|SELECT dag.dag_id AS dag_dag_id, dag.is_paused AS dag_is_paused, dag.is_stale AS dag_is_stale, dag.exceeds_max_non_backfill AS dag_exceeds_max_non_backfill, dag.last_parsed_time AS dag_last_parsed_tim
00:14:05.663|94|idle in transaction|Client|UPDATE dag_run SET start_date='2026-09-30T00:14:05.445493+00:00'::timestamptz, state='running', updated_at='2026-09-30T00:14:05.580669+00:00'::timestamptz WHERE dag_run.id = 7840
00:14:06.230|94|idle in transaction|Client|SELECT dag_version.id, dag_version.version_number, dag_version.dag_id, dag_version.bundle_name, dag_version.bundle_version, dag_version.version_data, dag_version.created_at, dag_version.last_updated F
00:14:06.839|94|idle in transaction|Client|UPDATE task_instance SET start_date='2026-09-30T00:14:06.770029+00:00'::timestamptz, end_date='2026-09-30T00:14:06.770030+00:00'::timestamptz, duration=0, state='success', try_number=(task_instance.tr
00:14:08.013|94|idle in transaction||UPDATE dag_run SET start_date='2026-09-30T00:14:07.840693+00:00'::timestamptz, state='running', updated_at='2026-09-30T00:14:07.929442+00:00'::timestamptz WHERE dag_run.id = 8040
00:14:08.595|94|idle in transaction|Client|UPDATE task_instance SET start_date='2026-09-30T00:14:08.526070+00:00'::timestamptz, end_date='2026-09-30T00:14:08.526071+00:00'::timestamptz, duration=0, state='success', try_number=(task_instance.tr
00:14:09.186|94|idle in transaction||UPDATE dag_run SET last_scheduling_decision='2026-09-30T00:14:08.834405+00:00'::timestamptz, updated_at='2026-09-30T00:14:09.035536+00:00'::timestamptz, scheduled_by_job_id=1 WHERE dag_run.id = 8172
00:14:10.402|94|active||UPDATE task_instance SET start_date='2026-09-30T00:14:10.333029+00:00'::timestamptz, end_date='2026-09-30T00:14:10.333030+00:00'::timestamptz, duration=0, state='success', try_number=(task_instance.tr
00:14:11.007|94|idle in transaction||SELECT task_instance.dag_version_id FROM task_instance WHERE task_instance.dag_id = 'bench_partition_consumer' AND task_instance.dag_version_id = '01a0efa2-2565-7f80-a0a2-753ce7d9a46b'::uuid::UUID AND
00:14:12.173|94|idle in transaction|Client|SELECT dag_version.id, dag_version.version_number, dag_version.dag_id, dag_version.bundle_name, dag_version.bundle_version, dag_version.version_data, dag_version.created_at, dag_version.last_updated F
00:14:12.775|94|active||SELECT task_instance.dag_version_id FROM task_instance WHERE task_instance.dag_id = 'bench_partition_consumer' AND task_instance.dag_version_id = '01a0efa2-2565-7f80-a0a2-753ce7d9a46b'::uuid::UUID AND
00:14:13.370|94|idle in transaction|Client|SELECT task_instance.dag_version_id FROM task_instance WHERE task_instance.dag_id = 'bench_partition_consumer' AND task_instance.dag_version_id = '01a0efa2-2565-7f80-a0a2-753ce7d9a46b'::uuid::UUID AND
00:14:14.589|94|idle in transaction|Client|UPDATE dag_run SET start_date='2026-09-30T00:14:14.337499+00:00'::timestamptz, state='running', updated_at='2026-09-30T00:14:14.506068+00:00'::timestamptz WHERE dag_run.id = 8634
00:14:15.165|94|idle in transaction||SELECT task_instance.id, task_instance.task_id, task_instance.dag_id, task_instance.run_id, task_instance.map_index, task_instance.start_date, task_instance.end_date, task_instance.duration, task_inst
00:14:15.760|94|idle in transaction|Client|UPDATE dag_run SET last_scheduling_decision='2026-09-30T00:14:14.781327+00:00'::timestamptz, updated_at='2026-09-30T00:14:15.677923+00:00'::timestamptz, scheduled_by_job_id=1 WHERE dag_run.id = 8634
00:14:16.962|94|idle in transaction|Client|SELECT dag.dag_id AS dag_dag_id, dag.is_paused AS dag_is_paused, dag.is_stale AS dag_is_stale, dag.exceeds_max_non_backfill AS dag_exceeds_max_non_backfill, dag.last_parsed_time AS dag_last_parsed_tim
00:14:17.567|94|idle in transaction|Client|SELECT task_instance.id, task_instance.task_id, task_instance.dag_id, task_instance.run_id, task_instance.map_index, task_instance.start_date, task_instance.end_date, task_instance.duration, task_inst
00:14:18.160|94|idle in transaction|Client|SELECT task_instance.dag_version_id FROM task_instance WHERE task_instance.dag_id = 'bench_partition_consumer' AND task_instance.dag_version_id = '01a0efa2-2565-7f80-a0a2-753ce7d9a46b'::uuid::UUID AND
00:14:19.424|94|idle in transaction|Client|UPDATE dag_run SET start_date='2026-09-30T00:14:19.075652+00:00'::timestamptz, state='running', updated_at='2026-09-30T00:14:19.300323+00:00'::timestamptz WHERE dag_run.id = 9077
00:14:20.043|94|idle in transaction|Client|UPDATE task_instance SET start_date='2026-09-30T00:14:19.973994+00:00'::timestamptz, end_date='2026-09-30T00:14:19.973995+00:00'::timestamptz, duration=0, state='success', try_number=(task_instance.tr
00:14:20.602|94|idle in transaction|Client|SELECT task_instance.id, task_instance.task_id, task_instance.dag_id, task_instance.run_id, task_instance.map_index, task_instance.start_date, task_instance.end_date, task_instance.duration, task_inst
00:14:21.816|94|idle in transaction|Client|UPDATE dag_run SET start_date='2026-09-30T00:14:21.522133+00:00'::timestamptz, state='running', updated_at='2026-09-30T00:14:21.663360+00:00'::timestamptz WHERE dag_run.id = 9338
00:14:22.417|94|idle in transaction|Client|SELECT dag_version.id, dag_version.version_number, dag_version.dag_id, dag_version.bundle_name, dag_version.bundle_version, dag_version.version_data, dag_version.created_at, dag_version.last_updated F
00:14:23.040|94|idle in transaction|Client|SELECT task_instance.dag_version_id FROM task_instance WHERE task_instance.dag_id = 'bench_partition_consumer' AND task_instance.dag_version_id = '01a0efa2-2565-7f80-a0a2-753ce7d9a46b'::uuid::UUID AND
00:14:23.617|94|idle in transaction|Client|SELECT dag_version.id, dag_version.version_number, dag_version.dag_id, dag_version.bundle_name, dag_version.bundle_version, dag_version.version_data, dag_version.created_at, dag_version.last_updated F
00:14:24.199|94|idle in transaction|Client|SELECT dag_version.id, dag_version.version_number, dag_version.dag_id, dag_version.bundle_name, dag_version.bundle_version, dag_version.version_data, dag_version.created_at, dag_version.last_updated F
00:14:24.805|94|active||SELECT task_instance.id, task_instance.task_id, task_instance.dag_id, task_instance.run_id, task_instance.map_index, task_instance.start_date, task_instance.end_date, task_instance.duration, task_inst
00:14:25.422|94|idle in transaction|Client|SELECT task_instance.id, task_instance.task_id, task_instance.dag_id, task_instance.run_id, task_instance.map_index, task_instance.start_date, task_instance.end_date, task_instance.duration, task_inst
00:14:25.997|94|idle in transaction||UPDATE dag_run SET last_scheduling_decision='2026-09-30T00:14:25.736161+00:00'::timestamptz, updated_at='2026-09-30T00:14:25.817291+00:00'::timestamptz, scheduled_by_job_id=1 WHERE dag_run.id = 9600
00:14:27.192|94|idle in transaction|Client|SELECT task_instance.id, task_instance.task_id, task_instance.dag_id, task_instance.run_id, task_instance.map_index, task_instance.start_date, task_instance.end_date, task_instance.duration, task_inst
00:14:27.803|94|idle in transaction|Client|SELECT task_instance.dag_version_id FROM task_instance WHERE task_instance.dag_id = 'bench_partition_consumer' AND task_instance.dag_version_id = '01a0efa2-2565-7f80-a0a2-753ce7d9a46b'::uuid::UUID AND
00:14:28.420|94|idle in transaction|Client|SELECT dag_version.id, dag_version.version_number, dag_version.dag_id, dag_version.bundle_name, dag_version.bundle_version, dag_version.version_data, dag_version.created_at, dag_version.last_updated F
00:14:29.651|94|active||UPDATE dag_run SET start_date='2026-09-30T00:14:29.241184+00:00'::timestamptz, state='running', updated_at='2026-09-30T00:14:29.579344+00:00'::timestamptz WHERE dag_run.id = 9811
00:14:30.251|94|idle in transaction|Client|SELECT dag_version.id, dag_version.version_number, dag_version.dag_id, dag_version.bundle_name, dag_version.bundle_version, dag_version.version_data, dag_version.created_at, dag_version.last_updated F
00:14:30.878|94|idle in transaction|Client|SELECT dag_version.id, dag_version.version_number, dag_version.dag_id, dag_version.bundle_name, dag_version.bundle_version, dag_version.version_data, dag_version.created_at, dag_version.last_updated F
00:14:32.130|94|idle in transaction||UPDATE dag_run SET start_date='2026-09-30T00:14:31.752040+00:00'::timestamptz, state='running', updated_at='2026-09-30T00:14:32.059698+00:00'::timestamptz WHERE dag_run.id = 10007
00:14:32.707|94|idle in transaction||SELECT task_instance.dag_version_id FROM task_instance WHERE task_instance.dag_id = 'bench_partition_consumer' AND task_instance.dag_version_id = '01a0efa2-2565-7f80-a0a2-753ce7d9a46b'::uuid::UUID AND
00:14:33.323|94|idle in transaction|Client|SELECT task_instance.id, task_instance.task_id, task_instance.dag_id, task_instance.run_id, task_instance.map_index, task_instance.start_date, task_instance.end_date, task_instance.duration, task_inst
00:14:33.323|8197|active|Client|select count(*) from partitioned_asset_key_log where target_dag_id='bench_partition_consumer'
00:14:33.892|94|idle in transaction|Client|SELECT dag_version.id, dag_version.version_number, dag_version.dag_id, dag_version.bundle_name, dag_version.bundle_version, dag_version.version_data, dag_version.created_at, dag_version.last_updated F
00:14:34.494|94|idle in transaction|Client|SELECT dag_version.id, dag_version.version_number, dag_version.dag_id, dag_version.bundle_name, dag_version.bundle_version, dag_version.version_data, dag_version.created_at, dag_version.last_updated F
00:14:35.066|94|idle in transaction|Client|SELECT task_instance.id, task_instance.task_id, task_instance.dag_id, task_instance.run_id, task_instance.map_index, task_instance.start_date, task_instance.end_date, task_instance.duration, task_inst
00:14:35.636|94|idle in transaction|Client|SELECT task_instance.dag_version_id FROM task_instance WHERE task_instance.dag_id = 'bench_partition_consumer' AND task_instance.dag_version_id = '01a0efa2-2565-7f80-a0a2-753ce7d9a46b'::uuid::UUID AND
00:14:36.856|94|idle in transaction|Client|SELECT task_instance.id, task_instance.task_id, task_instance.dag_id, task_instance.run_id, task_instance.map_index, task_instance.start_date, task_instance.end_date, task_instance.duration, task_inst
00:14:37.433|94|idle in transaction|Client|SELECT dag_version.id, dag_version.version_number, dag_version.dag_id, dag_version.bundle_name, dag_version.bundle_version, dag_version.version_data, dag_version.created_at, dag_version.last_updated F
00:14:37.992|94|idle in transaction|Client|SELECT dag_version.id, dag_version.version_number, dag_version.dag_id, dag_version.bundle_name, dag_version.bundle_version, dag_version.version_data, dag_version.created_at, dag_version.last_updated F
00:14:38.603|94|idle in transaction|Client|SELECT dag_version.id, dag_version.version_number, dag_version.dag_id, dag_version.bundle_name, dag_version.bundle_version, dag_version.version_data, dag_version.created_at, dag_version.last_updated F
00:14:39.162|94|idle in transaction|Client|SELECT task_instance.id, task_instance.task_id, task_instance.dag_id, task_instance.run_id, task_instance.map_index, task_instance.start_date, task_instance.end_date, task_instance.duration, task_inst
00:14:39.730|94|idle in transaction|Client|SELECT task_instance.dag_version_id FROM task_instance WHERE task_instance.dag_id = 'bench_partition_consumer' AND task_instance.dag_version_id = '01a0efa2-2565-7f80-a0a2-753ce7d9a46b'::uuid::UUID AND
00:14:40.912|94|idle in transaction|Client|SELECT dag_version.id, dag_version.version_number, dag_version.dag_id, dag_version.bundle_name, dag_version.bundle_version, dag_version.version_data, dag_version.created_at, dag_version.last_updated F
00:14:41.486|94|idle in transaction|Client|SELECT dag_version.id, dag_version.version_number, dag_version.dag_id, dag_version.bundle_name, dag_version.bundle_version, dag_version.version_data, dag_version.created_at, dag_version.last_updated F
00:14:42.049|94|idle in transaction|Client|SELECT dag_version.id, dag_version.version_number, dag_version.dag_id, dag_version.bundle_name, dag_version.bundle_version, dag_version.version_data, dag_version.created_at, dag_version.last_updated F
00:14:42.675|94|active||SELECT dag_run.id, dag_run.dag_id, dag_run.queued_at, dag_run.logical_date, dag_run.start_date, dag_run.end_date, dag_run.state, dag_run.run_id, dag_run.creating_job_id, dag_run.run_type, dag_run.trig
00:14:43.259|94|idle in transaction|Client|SELECT dag_version.id, dag_version.version_number, dag_version.dag_id, dag_version.bundle_name, dag_version.bundle_version, dag_version.version_data, dag_version.created_at, dag_version.last_updated F
00:14:43.852|94|active||SELECT dag_run.dag_id, count('*') AS count_1 FROM dag_run WHERE dag_run.dag_id IN ('bench_partition_consumer') AND dag_run.state IN ('running', 'queued') AND dag_run.run_type != 'backfill' GROUP BY da
00:14:44.448|94|active||SELECT dag_run.dag_id, count('*') AS count_1 FROM dag_run WHERE dag_run.dag_id IN ('bench_partition_consumer') AND dag_run.state IN ('running', 'queued') AND dag_run.run_type != 'backfill' GROUP BY da
00:14:45.649|94|active||SELECT dag_run.dag_id, count('*') AS count_1 FROM dag_run WHERE dag_run.dag_id IN ('bench_partition_consumer') AND dag_run.state IN ('running', 'queued') AND dag_run.run_type != 'backfill' GROUP BY da
00:14:46.252|94|active||SELECT task_instance.dag_version_id FROM task_instance WHERE task_instance.dag_id = 'bench_partition_consumer' AND task_instance.dag_version_id = '01a0efa2-2565-7f80-a0a2-753ce7d9a46b'::uuid::UUID AND
00:14:46.854|94|idle in transaction|Client|SELECT task_instance.id, task_instance.task_id, task_instance.dag_id, task_instance.run_id, task_instance.map_index, task_instance.start_date, task_instance.end_date, task_instance.duration, task_inst
00:14:47.449|94|active||SELECT dag_version.id, dag_version.version_number, dag_version.dag_id, dag_version.bundle_name, dag_version.bundle_version, dag_version.version_data, dag_version.created_at, dag_version.last_updated F
00:14:48.618|94|idle in transaction|Client|SELECT task_instance.dag_version_id FROM task_instance WHERE task_instance.dag_id = 'bench_partition_consumer' AND task_instance.dag_version_id = '01a0efa2-2565-7f80-a0a2-753ce7d9a46b'::uuid::UUID AND
00:14:49.210|94|active||SELECT dag_run.dag_id, count('*') AS count_1 FROM dag_run WHERE dag_run.dag_id IN ('bench_partition_consumer') AND dag_run.state IN ('running', 'queued') AND dag_run.run_type != 'backfill' GROUP BY da
00:14:49.833|94|active||SELECT dag_run.dag_id, count('*') AS count_1 FROM dag_run WHERE dag_run.dag_id IN ('bench_partition_consumer') AND dag_run.state IN ('running', 'queued') AND dag_run.run_type != 'backfill' GROUP BY da
00:14:50.423|94|idle in transaction|Client|SELECT dag_version.id, dag_version.version_number, dag_version.dag_id, dag_version.bundle_name, dag_version.bundle_version, dag_version.version_data, dag_version.created_at, dag_version.last_updated F
00:14:51.040|94|active||SELECT dag_run.dag_id, dag_run.backfill_id, count(dag_run.id) AS num_running FROM dag_run WHERE dag_run.state = 'running' GROUP BY dag_run.dag_id, dag_run.backfill_id
00:14:51.607|94|active|Client|UPDATE dag_run SET end_date='2026-09-30T00:14:51.535914+00:00'::timestamptz, state='success', last_scheduling_decision='2026-09-30T00:14:51.534675+00:00'::timestamptz, updated_at='2026-09-30T00:14:51.
00:14:52.185|94|active||SELECT dag_run.dag_id, count('*') AS count_1 FROM dag_run WHERE dag_run.dag_id IN ('bench_partition_consumer') AND dag_run.state IN ('running', 'queued') AND dag_run.run_type != 'backfill' GROUP BY da
00:14:53.363|94|active||SELECT dag_run.dag_id, count('*') AS count_1 FROM dag_run WHERE dag_run.dag_id IN ('bench_partition_consumer') AND dag_run.state IN ('running', 'queued') AND dag_run.run_type != 'backfill' GROUP BY da
00:14:53.953|94|active||SELECT dag_run.dag_id, count('*') AS count_1 FROM dag_run WHERE dag_run.dag_id IN ('bench_partition_consumer') AND dag_run.state IN ('running', 'queued') AND dag_run.run_type != 'backfill' GROUP BY da
00:14:54.552|94|idle in transaction|Client|SELECT task_instance.id, task_instance.task_id, task_instance.dag_id, task_instance.run_id, task_instance.map_index, task_instance.start_date, task_instance.end_date, task_instance.duration, task_inst
00:14:55.137|94|idle in transaction|Client|SELECT task_instance.id, task_instance.task_id, task_instance.dag_id, task_instance.run_id, task_instance.map_index, task_instance.start_date, task_instance.end_date, task_instance.duration, task_inst
00:14:56.387|94|idle in transaction|Client|SELECT task_instance.dag_version_id FROM task_instance WHERE task_instance.dag_id = 'bench_partition_consumer' AND task_instance.dag_version_id = '01a0efa2-2565-7f80-a0a2-753ce7d9a46b'::uuid::UUID AND
00:14:56.991|94|idle in transaction|Client|SELECT dag_version.id, dag_version.version_number, dag_version.dag_id, dag_version.bundle_name, dag_version.bundle_version, dag_version.version_data, dag_version.created_at, dag_version.last_updated F
00:14:57.590|94|active||SELECT dag_run.dag_id, count('*') AS count_1 FROM dag_run WHERE dag_run.dag_id IN ('bench_partition_consumer') AND dag_run.state IN ('running', 'queued') AND dag_run.run_type != 'backfill' GROUP BY da
00:14:58.166|94|idle in transaction|Client|SELECT task_instance.dag_version_id FROM task_instance WHERE task_instance.dag_id = 'bench_partition_consumer' AND task_instance.dag_version_id = '01a0efa2-2565-7f80-a0a2-753ce7d9a46b'::uuid::UUID AND
00:14:59.430|94|idle in transaction|Client|SELECT task_instance.id, task_instance.task_id, task_instance.dag_id, task_instance.run_id, task_instance.map_index, task_instance.start_date, task_instance.end_date, task_instance.duration, task_inst
00:15:00.009|94|idle in transaction|Client|SELECT dag_version.id, dag_version.version_number, dag_version.dag_id, dag_version.bundle_name, dag_version.bundle_version, dag_version.version_data, dag_version.created_at, dag_version.last_updated F
00:15:00.609|94|idle in transaction|Client|SELECT task_instance.id, task_instance.task_id, task_instance.dag_id, task_instance.run_id, task_instance.map_index, task_instance.start_date, task_instance.end_date, task_instance.duration, task_inst
00:15:01.197|94|idle in transaction|Client|SELECT dag_version.id, dag_version.version_number, dag_version.dag_id, dag_version.bundle_name, dag_version.bundle_version, dag_version.version_data, dag_version.created_at, dag_version.last_updated F
00:15:02.443|94|idle in transaction|Client|SELECT dag_version.id, dag_version.version_number, dag_version.dag_id, dag_version.bundle_name, dag_version.bundle_version, dag_version.version_data, dag_version.created_at, dag_version.last_updated F
00:15:03.059|94|idle in transaction|Client|SELECT task_instance.dag_version_id FROM task_instance WHERE task_instance.dag_id = 'bench_partition_consumer' AND task_instance.dag_version_id = '01a0efa2-2565-7f80-a0a2-753ce7d9a46b'::uuid::UUID AND
00:15:03.639|94|active||SELECT dag_run.dag_id, count('*') AS count_1 FROM dag_run WHERE dag_run.dag_id IN ('bench_partition_consumer') AND dag_run.state IN ('running', 'queued') AND dag_run.run_type != 'backfill' GROUP BY da
00:15:04.220|94|idle in transaction|Client|SELECT dag_version.id, dag_version.version_number, dag_version.dag_id, dag_version.bundle_name, dag_version.bundle_version, dag_version.version_data, dag_version.created_at, dag_version.last_updated F
00:15:04.220|8197|active||select coalesce(state,'none'), count(*) from dag_run where dag_id='bench_partition_consumer' group by 1
00:15:04.860|94|active||SELECT dag_run.id, dag_run.dag_id, dag_run.queued_at, dag_run.logical_date, dag_run.start_date, dag_run.end_date, dag_run.state, dag_run.run_id, dag_run.creating_job_id, dag_run.run_type, dag_run.trig
00:15:05.460|94|idle in transaction|Client|SELECT task_instance.id, task_instance.task_id, task_instance.dag_id, task_instance.run_id, task_instance.map_index, task_instance.start_date, task_instance.end_date, task_instance.duration, task_inst
00:15:06.069|94|active||SELECT dag_run.dag_id, count('*') AS count_1 FROM dag_run WHERE dag_run.dag_id IN ('bench_partition_consumer') AND dag_run.state IN ('running', 'queued') AND dag_run.run_type != 'backfill' GROUP BY da
00:15:06.674|94|active||SELECT dag_run.dag_id, count('*') AS count_1 FROM dag_run WHERE dag_run.dag_id IN ('bench_partition_consumer') AND dag_run.state IN ('running', 'queued') AND dag_run.run_type != 'backfill' GROUP BY da
00:15:07.275|94|idle in transaction|Client|SELECT task_instance.dag_version_id FROM task_instance WHERE task_instance.dag_id = 'bench_partition_consumer' AND task_instance.dag_version_id = '01a0efa2-2565-7f80-a0a2-753ce7d9a46b'::uuid::UUID AND
00:15:07.275|8197|active||select pg_total_relation_size('task_instance')
00:15:08.481|94|active||SELECT dag_run.dag_id, count('*') AS count_1 FROM dag_run WHERE dag_run.dag_id IN ('bench_partition_consumer') AND dag_run.state IN ('running', 'queued') AND dag_run.run_type != 'backfill' GROUP BY da
00:15:09.082|94|idle in transaction|Client|SELECT dag_version.id, dag_version.version_number, dag_version.dag_id, dag_version.bundle_name, dag_version.bundle_version, dag_version.version_data, dag_version.created_at, dag_version.last_updated F
00:15:09.705|94|idle in transaction|Client|SELECT task_instance.dag_version_id FROM task_instance WHERE task_instance.dag_id = 'bench_partition_consumer' AND task_instance.dag_version_id = '01a0efa2-2565-7f80-a0a2-753ce7d9a46b'::uuid::UUID AND
00:15:10.298|94|idle in transaction||WITH anon_1 AS (SELECT asset.id AS id, asset.name AS name, asset.uri AS uri, asset."group" AS "group", asset.extra AS extra, asset.created_at AS created_at, asset.updated_at AS updated_at FROM asset L
00:15:10.883|94|idle in transaction|Client|SELECT dag_version.id, dag_version.version_number, dag_version.dag_id, dag_version.bundle_name, dag_version.bundle_version, dag_version.version_data, dag_version.created_at, dag_version.last_updated F
00:15:11.501|94|idle in transaction|Client|SELECT dag_version.id, dag_version.version_number, dag_version.dag_id, dag_version.bundle_name, dag_version.bundle_version, dag_version.version_data, dag_version.created_at, dag_version.last_updated F
00:15:12.093|94|idle in transaction|Client|SELECT task_instance.id, task_instance.task_id, task_instance.dag_id, task_instance.run_id, task_instance.map_index, task_instance.start_date, task_instance.end_date, task_instance.duration, task_inst
00:15:12.704|94|idle in transaction||SELECT dag_run.dag_id, count('*') AS count_1 FROM dag_run WHERE dag_run.dag_id IN ('bench_partition_consumer') AND dag_run.state IN ('running', 'queued') AND dag_run.run_type != 'backfill' GROUP BY da
00:15:13.901|94|active||SELECT dag_run.dag_id, count('*') AS count_1 FROM dag_run WHERE dag_run.dag_id IN ('bench_partition_consumer') AND dag_run.state IN ('running', 'queued') AND dag_run.run_type != 'backfill' GROUP BY da
00:15:14.489|94|idle in transaction|Client|UPDATE dag_run SET end_date='2026-09-30T00:15:14.415288+00:00'::timestamptz, state='success', last_scheduling_decision='2026-09-30T00:15:14.413757+00:00'::timestamptz, updated_at='2026-09-30T00:15:14.
00:15:15.076|94|idle in transaction|Client|SELECT dag_version.id, dag_version.version_number, dag_version.dag_id, dag_version.bundle_name, dag_version.bundle_version, dag_version.version_data, dag_version.created_at, dag_version.last_updated F
00:15:16.290|94|active||SELECT dag_run.dag_id, count('*') AS count_1 FROM dag_run WHERE dag_run.dag_id IN ('bench_partition_consumer') AND dag_run.state IN ('running', 'queued') AND dag_run.run_type != 'backfill' GROUP BY da
00:15:16.861|94|idle in transaction|Client|SELECT dag_run.dag_id, count('*') AS count_1 FROM dag_run WHERE dag_run.dag_id IN ('bench_partition_consumer') AND dag_run.state IN ('running', 'queued') AND dag_run.run_type != 'backfill' GROUP BY da
00:15:17.440|94|idle in transaction|Client|SELECT task_instance.dag_version_id FROM task_instance WHERE task_instance.dag_id = 'bench_partition_consumer' AND task_instance.dag_version_id = '01a0efa2-2565-7f80-a0a2-753ce7d9a46b'::uuid::UUID AND
00:15:18.679|94|active||SELECT dag_run.dag_id, count('*') AS count_1 FROM dag_run WHERE dag_run.dag_id IN ('bench_partition_consumer') AND dag_run.state IN ('running', 'queued') AND dag_run.run_type != 'backfill' GROUP BY da
00:15:19.253|94|idle in transaction|Client|SELECT task_instance.id, task_instance.task_id, task_instance.dag_id, task_instance.run_id, task_instance.map_index, task_instance.start_date, task_instance.end_date, task_instance.duration, task_inst
00:15:19.826|94|active||SELECT dag_run.dag_id, count('*') AS count_1 FROM dag_run WHERE dag_run.dag_id IN ('bench_partition_consumer') AND dag_run.state IN ('running', 'queued') AND dag_run.run_type != 'backfill' GROUP BY da
00:15:20.426|94|idle in transaction||SELECT dag_version.id, dag_version.version_number, dag_version.dag_id, dag_version.bundle_name, dag_version.bundle_version, dag_version.version_data, dag_version.created_at, dag_version.last_updated F
00:15:21.064|94|active||SELECT dag_run.id, dag_run.dag_id, dag_run.queued_at, dag_run.logical_date, dag_run.start_date, dag_run.end_date, dag_run.state, dag_run.run_id, dag_run.creating_job_id, dag_run.run_type, dag_run.trig
00:15:21.650|94|idle in transaction|Client|SELECT task_instance.dag_version_id FROM task_instance WHERE task_instance.dag_id = 'bench_partition_consumer' AND task_instance.dag_version_id = '01a0efa2-2565-7f80-a0a2-753ce7d9a46b'::uuid::UUID AND
00:15:22.236|94|idle in transaction|Client|SELECT task_instance.id, task_instance.task_id, task_instance.dag_id, task_instance.run_id, task_instance.map_index, task_instance.start_date, task_instance.end_date, task_instance.duration, task_inst
00:15:23.389|94|idle in transaction|Client|SELECT task_instance.id, task_instance.task_id, task_instance.dag_id, task_instance.run_id, task_instance.map_index, task_instance.start_date, task_instance.end_date, task_instance.duration, task_inst
00:15:23.995|94|idle in transaction|Client|SELECT task_instance.id, task_instance.task_id, task_instance.dag_id, task_instance.run_id, task_instance.map_index, task_instance.start_date, task_instance.end_date, task_instance.duration, task_inst
00:15:24.568|94|idle in transaction|Client|SELECT dag_version.id, dag_version.version_number, dag_version.dag_id, dag_version.bundle_name, dag_version.bundle_version, dag_version.version_data, dag_version.created_at, dag_version.last_updated F
00:15:25.781|94|idle in transaction|Client|SELECT dag_version.id, dag_version.version_number, dag_version.dag_id, dag_version.bundle_name, dag_version.bundle_version, dag_version.version_data, dag_version.created_at, dag_version.last_updated F
00:15:26.376|94|idle in transaction|Client|SELECT dag_version.id, dag_version.version_number, dag_version.dag_id, dag_version.bundle_name, dag_version.bundle_version, dag_version.version_data, dag_version.created_at, dag_version.last_updated F
00:15:26.978|94|active||SELECT dag_run.dag_id, count('*') AS count_1 FROM dag_run WHERE dag_run.dag_id IN ('bench_partition_consumer') AND dag_run.state IN ('running', 'queued') AND dag_run.run_type != 'backfill' GROUP BY da
00:15:27.578|94|active||UPDATE dag_run SET end_date='2026-09-30T00:15:27.503447+00:00'::timestamptz, state='success', last_scheduling_decision='2026-09-30T00:15:27.501914+00:00'::timestamptz, updated_at='2026-09-30T00:15:27.
00:15:28.783|94|idle in transaction|Client|SELECT dag_run.dag_id, count('*') AS count_1 FROM dag_run WHERE dag_run.dag_id IN ('bench_partition_consumer') AND dag_run.state IN ('running', 'queued') AND dag_run.run_type != 'backfill' GROUP BY da
00:15:29.382|94|idle in transaction|Client|SELECT task_instance.id, task_instance.task_id, task_instance.dag_id, task_instance.run_id, task_instance.map_index, task_instance.start_date, task_instance.end_date, task_instance.duration, task_inst
00:15:29.986|94|active||SELECT dag_run.dag_id, count('*') AS count_1 FROM dag_run WHERE dag_run.dag_id IN ('bench_partition_consumer') AND dag_run.state IN ('running', 'queued') AND dag_run.run_type != 'backfill' GROUP BY da
00:15:31.198|94|idle in transaction|Client|SELECT dag_run.dag_id, count('*') AS count_1 FROM dag_run WHERE dag_run.dag_id IN ('bench_partition_consumer') AND dag_run.state IN ('running', 'queued') AND dag_run.run_type != 'backfill' GROUP BY da
00:15:31.806|94|idle in transaction|Client|UPDATE dag_run SET end_date='2026-09-30T00:15:31.731555+00:00'::timestamptz, state='success', last_scheduling_decision='2026-09-30T00:15:31.730020+00:00'::timestamptz, updated_at='2026-09-30T00:15:31.
00:15:32.382|94|idle in transaction|Client|SELECT dag_run.dag_id, count('*') AS count_1 FROM dag_run WHERE dag_run.dag_id IN ('bench_partition_consumer') AND dag_run.state IN ('running', 'queued') AND dag_run.run_type != 'backfill' GROUP BY da
00:15:32.980|94|idle in transaction|Client|SELECT task_instance.id, task_instance.task_id, task_instance.dag_id, task_instance.run_id, task_instance.map_index, task_instance.start_date, task_instance.end_date, task_instance.duration, task_inst
00:15:34.193|94|idle in transaction|Client|SELECT task_instance.dag_version_id FROM task_instance WHERE task_instance.dag_id = 'bench_partition_consumer' AND task_instance.dag_version_id = '01a0efa2-2565-7f80-a0a2-753ce7d9a46b'::uuid::UUID AND
00:15:34.761|94|idle in transaction|Client|UPDATE dag_run SET end_date='2026-09-30T00:15:34.686694+00:00'::timestamptz, state='success', last_scheduling_decision='2026-09-30T00:15:34.685381+00:00'::timestamptz, updated_at='2026-09-30T00:15:34.
00:15:35.376|94|active||SELECT dag_run.dag_id, count('*') AS count_1 FROM dag_run WHERE dag_run.dag_id IN ('bench_partition_consumer') AND dag_run.state IN ('running', 'queued') AND dag_run.run_type != 'backfill' GROUP BY da
00:15:36.629|94|idle in transaction|Client|SELECT dag_version.id, dag_version.version_number, dag_version.dag_id, dag_version.bundle_name, dag_version.bundle_version, dag_version.version_data, dag_version.created_at, dag_version.last_updated F
00:15:37.224|94|active||SELECT dag_run.dag_id, count('*') AS count_1 FROM dag_run WHERE dag_run.dag_id IN ('bench_partition_consumer') AND dag_run.state IN ('running', 'queued') AND dag_run.run_type != 'backfill' GROUP BY da
00:15:37.817|94|idle in transaction|Client|SELECT task_instance.id, task_instance.task_id, task_instance.dag_id, task_instance.run_id, task_instance.map_index, task_instance.start_date, task_instance.end_date, task_instance.duration, task_inst
00:15:38.400|94|idle in transaction|Client|SELECT dag_version.id, dag_version.version_number, dag_version.dag_id, dag_version.bundle_name, dag_version.bundle_version, dag_version.version_data, dag_version.created_at, dag_version.last_updated F
00:15:39.034|94|idle in transaction|Client|SELECT dag_run.id, dag_run.dag_id, dag_run.queued_at, dag_run.logical_date, dag_run.start_date, dag_run.end_date, dag_run.state, dag_run.run_id, dag_run.creating_job_id, dag_run.run_type, dag_run.trig
00:15:39.642|94|idle in transaction|Client|UPDATE dag_run SET end_date='2026-09-30T00:15:39.566567+00:00'::timestamptz, state='success', last_scheduling_decision='2026-09-30T00:15:39.565016+00:00'::timestamptz, updated_at='2026-09-30T00:15:39.
00:15:40.225|94|idle in transaction|Client|SELECT dag_version.id, dag_version.version_number, dag_version.dag_id, dag_version.bundle_name, dag_version.bundle_version, dag_version.version_data, dag_version.created_at, dag_version.last_updated F
00:15:40.789|94|idle in transaction|Client|SELECT dag_run.dag_id, count('*') AS count_1 FROM dag_run WHERE dag_run.dag_id IN ('bench_partition_consumer') AND dag_run.state IN ('running', 'queued') AND dag_run.run_type != 'backfill' GROUP BY da
00:15:41.976|94|idle in transaction|Client|UPDATE dag_run SET end_date='2026-09-30T00:15:41.900018+00:00'::timestamptz, state='success', last_scheduling_decision='2026-09-30T00:15:41.898498+00:00'::timestamptz, updated_at='2026-09-30T00:15:41.
00:15:42.585|94|idle in transaction|Client|SELECT task_instance.id, task_instance.task_id, task_instance.dag_id, task_instance.run_id, task_instance.map_index, task_instance.start_date, task_instance.end_date, task_instance.duration, task_inst
00:15:43.189|94|idle in transaction|Client|SELECT dag_version.id, dag_version.version_number, dag_version.dag_id, dag_version.bundle_name, dag_version.bundle_version, dag_version.version_data, dag_version.created_at, dag_version.last_updated F
00:15:43.787|94|active|LWLock|UPDATE dag_run SET end_date='2026-09-30T00:15:43.712072+00:00'::timestamptz, state='success', last_scheduling_decision='2026-09-30T00:15:43.710515+00:00'::timestamptz, updated_at='2026-09-30T00:15:43.
00:15:44.957|94|idle in transaction|Client|UPDATE dag_run SET end_date='2026-09-30T00:15:44.881827+00:00'::timestamptz, state='success', last_scheduling_decision='2026-09-30T00:15:44.880470+00:00'::timestamptz, updated_at='2026-09-30T00:15:44.
00:15:45.540|94|active||SELECT dag_run.dag_id, count('*') AS count_1 FROM dag_run WHERE dag_run.dag_id IN ('bench_partition_consumer') AND dag_run.state IN ('running', 'queued') AND dag_run.run_type != 'backfill' GROUP BY da
00:15:46.143|94|idle in transaction|Client|SELECT dag_run.dag_id, count('*') AS count_1 FROM dag_run WHERE dag_run.dag_id IN ('bench_partition_consumer') AND dag_run.state IN ('running', 'queued') AND dag_run.run_type != 'backfill' GROUP BY da
00:15:46.730|94|active|Client|SELECT dag_version.id, dag_version.version_number, dag_version.dag_id, dag_version.bundle_name, dag_version.bundle_version, dag_version.version_data, dag_version.created_at, dag_version.last_updated F
00:15:47.356|94|active||SELECT dag_run.id, dag_run.dag_id, dag_run.queued_at, dag_run.logical_date, dag_run.start_date, dag_run.end_date, dag_run.state, dag_run.run_id, dag_run.creating_job_id, dag_run.run_type, dag_run.trig
00:15:47.953|94|idle in transaction|Client|SELECT task_instance.id, task_instance.task_id, task_instance.dag_id, task_instance.run_id, task_instance.map_index, task_instance.start_date, task_instance.end_date, task_instance.duration, task_inst
00:15:48.512|94|idle in transaction|Client|SELECT task_instance.dag_version_id FROM task_instance WHERE task_instance.dag_id = 'bench_partition_consumer' AND task_instance.dag_version_id = '01a0efa2-2565-7f80-a0a2-753ce7d9a46b'::uuid::UUID AND
00:15:49.082|94|idle in transaction|Client|SELECT dag_version.id, dag_version.version_number, dag_version.dag_id, dag_version.bundle_name, dag_version.bundle_version, dag_version.version_data, dag_version.created_at, dag_version.last_updated F
00:15:49.687|94|idle in transaction|Client|SELECT dag_version.id, dag_version.version_number, dag_version.dag_id, dag_version.bundle_name, dag_version.bundle_version, dag_version.version_data, dag_version.created_at, dag_version.last_updated F
00:15:50.281|94|idle in transaction|Client|SELECT task_instance.dag_version_id FROM task_instance WHERE task_instance.dag_id = 'bench_partition_consumer' AND task_instance.dag_version_id = '01a0efa2-2565-7f80-a0a2-753ce7d9a46b'::uuid::UUID AND
00:15:50.846|94|active||SELECT dag_run.dag_id, count('*') AS count_1 FROM dag_run WHERE dag_run.dag_id IN ('bench_partition_consumer') AND dag_run.state IN ('running', 'queued') AND dag_run.run_type != 'backfill' GROUP BY da
00:15:51.435|94|idle in transaction|Client|SELECT dag_version.id, dag_version.version_number, dag_version.dag_id, dag_version.bundle_name, dag_version.bundle_version, dag_version.version_data, dag_version.created_at, dag_version.last_updated F
00:15:52.652|94|idle in transaction|Client|SELECT dag_version.id, dag_version.version_number, dag_version.dag_id, dag_version.bundle_name, dag_version.bundle_version, dag_version.version_data, dag_version.created_at, dag_version.last_updated F
00:15:53.223|94|idle in transaction|Client|SELECT task_instance.id, task_instance.task_id, task_instance.dag_id, task_instance.run_id, task_instance.map_index, task_instance.start_date, task_instance.end_date, task_instance.duration, task_inst
00:15:53.223|14275|active||autovacuum: VACUUM ANALYZE public.dag_run
00:15:54.378|94|idle in transaction|Client|SELECT task_instance.id, task_instance.task_id, task_instance.dag_id, task_instance.run_id, task_instance.map_index, task_instance.start_date, task_instance.end_date, task_instance.duration, task_inst
00:15:54.988|94|active||SELECT task_instance.id, task_instance.task_id, task_instance.dag_id, task_instance.run_id, task_instance.map_index, task_instance.start_date, task_instance.end_date, task_instance.duration, task_inst
00:15:55.556|94|active||SELECT dag_run.dag_id, count('*') AS count_1 FROM dag_run WHERE dag_run.dag_id IN ('bench_partition_consumer') AND dag_run.state IN ('running', 'queued') AND dag_run.run_type != 'backfill' GROUP BY da
00:15:56.142|94|idle in transaction|Client|SELECT dag_version.id, dag_version.version_number, dag_version.dag_id, dag_version.bundle_name, dag_version.bundle_version, dag_version.version_data, dag_version.created_at, dag_version.last_updated F
00:15:56.717|94|idle in transaction|Client|SELECT dag_version.id, dag_version.version_number, dag_version.dag_id, dag_version.bundle_name, dag_version.bundle_version, dag_version.version_data, dag_version.created_at, dag_version.last_updated F
00:15:57.310|94|idle in transaction|Client|SELECT dag_version.id, dag_version.version_number, dag_version.dag_id, dag_version.bundle_name, dag_version.bundle_version, dag_version.version_data, dag_version.created_at, dag_version.last_updated F
00:15:57.920|94|active||SELECT dag_version.id, dag_version.version_number, dag_version.dag_id, dag_version.bundle_name, dag_version.bundle_version, dag_version.version_data, dag_version.created_at, dag_version.last_updated F
00:15:58.509|94|idle in transaction|Client|SELECT task_instance.id, task_instance.task_id, task_instance.dag_id, task_instance.run_id, task_instance.map_index, task_instance.start_date, task_instance.end_date, task_instance.duration, task_inst
00:15:59.730|94|active||SELECT dag_run.dag_id, count('*') AS count_1 FROM dag_run WHERE dag_run.dag_id IN ('bench_partition_consumer') AND dag_run.state IN ('running', 'queued') AND dag_run.run_type != 'backfill' GROUP BY da
00:16:00.320|94|active||SELECT dag_run.dag_id, count('*') AS count_1 FROM dag_run WHERE dag_run.dag_id IN ('bench_partition_consumer') AND dag_run.state IN ('running', 'queued') AND dag_run.run_type != 'backfill' GROUP BY da
00:16:00.903|94|idle in transaction||SELECT dag_version.id, dag_version.version_number, dag_version.dag_id, dag_version.bundle_name, dag_version.bundle_version, dag_version.version_data, dag_version.created_at, dag_version.last_updated F
00:16:02.113|94|active||SELECT dag_run.dag_id, count('*') AS count_1 FROM dag_run WHERE dag_run.dag_id IN ('bench_partition_consumer') AND dag_run.state IN ('running', 'queued') AND dag_run.run_type != 'backfill' GROUP BY da
00:16:02.721|94|active||SELECT dag_run.dag_id, count('*') AS count_1 FROM dag_run WHERE dag_run.dag_id IN ('bench_partition_consumer') AND dag_run.state IN ('running', 'queued') AND dag_run.run_type != 'backfill' GROUP BY da
00:16:03.317|94|active||SELECT dag_run.dag_id, count('*') AS count_1 FROM dag_run WHERE dag_run.dag_id IN ('bench_partition_consumer') AND dag_run.state IN ('running', 'queued') AND dag_run.run_type != 'backfill' GROUP BY da
00:16:03.912|94|idle in transaction|Client|SELECT task_instance.id, task_instance.task_id, task_instance.dag_id, task_instance.run_id, task_instance.map_index, task_instance.start_date, task_instance.end_date, task_instance.duration, task_inst
00:16:05.119|94|idle in transaction|Client|SELECT task_instance.dag_version_id FROM task_instance WHERE task_instance.dag_id = 'bench_partition_consumer' AND task_instance.dag_version_id = '01a0efa2-2565-7f80-a0a2-753ce7d9a46b'::uuid::UUID AND
00:16:05.732|94|idle in transaction|Client|UPDATE dag_run SET end_date='2026-09-30T00:16:05.654518+00:00'::timestamptz, state='success', last_scheduling_decision='2026-09-30T00:16:05.652760+00:00'::timestamptz, updated_at='2026-09-30T00:16:05.
00:16:06.318|94|idle in transaction|Client|UPDATE dag_run SET end_date='2026-09-30T00:16:06.240464+00:00'::timestamptz, state='success', last_scheduling_decision='2026-09-30T00:16:06.239018+00:00'::timestamptz, updated_at='2026-09-30T00:16:06.
00:16:06.929|94|idle in transaction|Client|SELECT dag_version.id, dag_version.version_number, dag_version.dag_id, dag_version.bundle_name, dag_version.bundle_version, dag_version.version_data, dag_version.created_at, dag_version.last_updated F
00:16:07.556|94|idle in transaction|Client|UPDATE dag_run SET end_date='2026-09-30T00:16:07.479365+00:00'::timestamptz, state='success', last_scheduling_decision='2026-09-30T00:16:07.477584+00:00'::timestamptz, updated_at='2026-09-30T00:16:07.
00:16:08.122|94|active||SELECT dag_run.dag_id, count('*') AS count_1 FROM dag_run WHERE dag_run.dag_id IN ('bench_partition_consumer') AND dag_run.state IN ('running', 'queued') AND dag_run.run_type != 'backfill' GROUP BY da
00:16:08.718|94|idle in transaction|Client|SELECT task_instance.id, task_instance.task_id, task_instance.dag_id, task_instance.run_id, task_instance.map_index, task_instance.start_date, task_instance.end_date, task_instance.duration, task_inst
00:16:09.919|94|idle in transaction|Client|SELECT task_instance.id, task_instance.task_id, task_instance.dag_id, task_instance.run_id, task_instance.map_index, task_instance.start_date, task_instance.end_date, task_instance.duration, task_inst
00:16:10.522|94|idle in transaction|Client|SELECT task_instance.id, task_instance.task_id, task_instance.dag_id, task_instance.run_id, task_instance.map_index, task_instance.start_date, task_instance.end_date, task_instance.duration, task_inst
00:16:11.088|94|idle in transaction|Client|SELECT task_instance.dag_version_id FROM task_instance WHERE task_instance.dag_id = 'bench_partition_consumer' AND task_instance.dag_version_id = '01a0efa2-2565-7f80-a0a2-753ce7d9a46b'::uuid::UUID AND
00:16:11.668|95|idle in transaction|Client|INSERT INTO asset_active (name, uri) VALUES ('bench_accounts', 'bench://accounts/') ON CONFLICT DO NOTHING
00:16:12.273|94|idle in transaction|Client|SELECT task_instance.id, task_instance.task_id, task_instance.dag_id, task_instance.run_id, task_instance.map_index, task_instance.start_date, task_instance.end_date, task_instance.duration, task_inst
00:16:12.881|94|idle in transaction|Client|UPDATE dag_run SET end_date='2026-09-30T00:16:12.803587+00:00'::timestamptz, state='success', last_scheduling_decision='2026-09-30T00:16:12.802180+00:00'::timestamptz, updated_at='2026-09-30T00:16:12.
00:16:13.498|94|idle in transaction|Client|SELECT dag_version.id, dag_version.version_number, dag_version.dag_id, dag_version.bundle_name, dag_version.bundle_version, dag_version.version_data, dag_version.created_at, dag_version.last_updated F
00:16:14.126|94|idle in transaction|Client|SELECT dag_version.id, dag_version.version_number, dag_version.dag_id, dag_version.bundle_name, dag_version.bundle_version, dag_version.version_data, dag_version.created_at, dag_version.last_updated F
00:16:15.293|94|active||SELECT dag_run.dag_id, count('*') AS count_1 FROM dag_run WHERE dag_run.dag_id IN ('bench_partition_consumer') AND dag_run.state IN ('running', 'queued') AND dag_run.run_type != 'backfill' GROUP BY da
00:16:15.869|94|active||SELECT dag_run.dag_id, count('*') AS count_1 FROM dag_run WHERE dag_run.dag_id IN ('bench_partition_consumer') AND dag_run.state IN ('running', 'queued') AND dag_run.run_type != 'backfill' GROUP BY da
00:16:16.460|94|idle in transaction|Client|SELECT task_instance.id, task_instance.task_id, task_instance.dag_id, task_instance.run_id, task_instance.map_index, task_instance.start_date, task_instance.end_date, task_instance.duration, task_inst
00:16:17.646|94|idle in transaction|Client|SELECT task_instance.dag_version_id FROM task_instance WHERE task_instance.dag_id = 'bench_partition_consumer' AND task_instance.dag_version_id = '01a0efa2-2565-7f80-a0a2-753ce7d9a46b'::uuid::UUID AND
00:16:18.241|94|active||SELECT task_instance.id, task_instance.task_id, task_instance.dag_id, task_instance.run_id, task_instance.map_index, task_instance.start_date, task_instance.end_date, task_instance.duration, task_inst
00:16:18.828|94|idle in transaction|Client|UPDATE dag_run SET end_date='2026-09-30T00:16:18.749350+00:00'::timestamptz, state='success', last_scheduling_decision='2026-09-30T00:16:18.748043+00:00'::timestamptz, updated_at='2026-09-30T00:16:18.
00:16:19.427|94|idle in transaction|Client|SELECT task_instance.id, task_instance.task_id, task_instance.dag_id, task_instance.run_id, task_instance.map_index, task_instance.start_date, task_instance.end_date, task_instance.duration, task_inst
00:16:20.004|94|active||SELECT dag_run.dag_id, count('*') AS count_1 FROM dag_run WHERE dag_run.dag_id IN ('bench_partition_consumer') AND dag_run.state IN ('running', 'queued') AND dag_run.run_type != 'backfill' GROUP BY da
00:16:20.605|94|active||SELECT dag_run.dag_id, count('*') AS count_1 FROM dag_run WHERE dag_run.dag_id IN ('bench_partition_consumer') AND dag_run.state IN ('running', 'queued') AND dag_run.run_type != 'backfill' GROUP BY da
00:16:21.202|94|idle in transaction|Client|SELECT dag_run.dag_id, count('*') AS count_1 FROM dag_run WHERE dag_run.dag_id IN ('bench_partition_consumer') AND dag_run.state IN ('running', 'queued') AND dag_run.run_type != 'backfill' GROUP BY da
00:16:22.431|94|idle in transaction|Client|UPDATE dag_run SET end_date='2026-09-30T00:16:22.352381+00:00'::timestamptz, state='success', last_scheduling_decision='2026-09-30T00:16:22.350761+00:00'::timestamptz, updated_at='2026-09-30T00:16:22.
00:16:23.022|94|active|Client|SELECT task_instance.dag_version_id FROM task_instance WHERE task_instance.dag_id = 'bench_partition_consumer' AND task_instance.dag_version_id = '01a0efa2-2565-7f80-a0a2-753ce7d9a46b'::uuid::UUID AND
00:16:23.617|94|idle in transaction|Client|SELECT dag_version.id, dag_version.version_number, dag_version.dag_id, dag_version.bundle_name, dag_version.bundle_version, dag_version.version_data, dag_version.created_at, dag_version.last_updated F
00:16:24.767|94|idle in transaction|Client|UPDATE dag_run SET end_date='2026-09-30T00:16:24.687809+00:00'::timestamptz, state='success', last_scheduling_decision='2026-09-30T00:16:24.686539+00:00'::timestamptz, updated_at='2026-09-30T00:16:24.
00:16:25.364|94|idle in transaction|Client|UPDATE dag_run SET end_date='2026-09-30T00:16:25.285258+00:00'::timestamptz, state='success', last_scheduling_decision='2026-09-30T00:16:25.283719+00:00'::timestamptz, updated_at='2026-09-30T00:16:25.
00:16:25.978|94|idle in transaction|Client|SELECT dag_version.id, dag_version.version_number, dag_version.dag_id, dag_version.bundle_name, dag_version.bundle_version, dag_version.version_data, dag_version.created_at, dag_version.last_updated F
00:16:27.114|94|idle in transaction|Client|SELECT task_instance.id, task_instance.task_id, task_instance.dag_id, task_instance.run_id, task_instance.map_index, task_instance.start_date, task_instance.end_date, task_instance.duration, task_inst
00:16:27.682|94|idle in transaction|Client|SELECT dag_version.id, dag_version.version_number, dag_version.dag_id, dag_version.bundle_name, dag_version.bundle_version, dag_version.version_data, dag_version.created_at, dag_version.last_updated F
00:16:28.911|94|active|Client|SELECT task_instance.id, task_instance.task_id, task_instance.dag_id, task_instance.run_id, task_instance.map_index, task_instance.start_date, task_instance.end_date, task_instance.duration, task_inst
00:16:29.500|94|active||SELECT dag_run.dag_id, count('*') AS count_1 FROM dag_run WHERE dag_run.dag_id IN ('bench_partition_consumer') AND dag_run.state IN ('running', 'queued') AND dag_run.run_type != 'backfill' GROUP BY da
00:16:30.089|94|idle in transaction|Client|UPDATE dag_run SET end_date='2026-09-30T00:16:30.010332+00:00'::timestamptz, state='success', last_scheduling_decision='2026-09-30T00:16:30.008735+00:00'::timestamptz, updated_at='2026-09-30T00:16:30.
00:16:30.650|94|idle in transaction|Client|SELECT dag_run.dag_id, count('*') AS count_1 FROM dag_run WHERE dag_run.dag_id IN ('bench_partition_consumer') AND dag_run.state IN ('running', 'queued') AND dag_run.run_type != 'backfill' GROUP BY da
00:16:31.831|94|active||SELECT dag_run.dag_id, count('*') AS count_1 FROM dag_run WHERE dag_run.dag_id IN ('bench_partition_consumer') AND dag_run.state IN ('running', 'queued') AND dag_run.run_type != 'backfill' GROUP BY da
00:16:32.416|94|active||SELECT dag_run.dag_id, count('*') AS count_1 FROM dag_run WHERE dag_run.dag_id IN ('bench_partition_consumer') AND dag_run.state IN ('running', 'queued') AND dag_run.run_type != 'backfill' GROUP BY da
00:16:33.017|94|idle in transaction|Client|SELECT dag_run.dag_id, count('*') AS count_1 FROM dag_run WHERE dag_run.dag_id IN ('bench_partition_consumer') AND dag_run.state IN ('running', 'queued') AND dag_run.run_type != 'backfill' GROUP BY da
00:16:33.613|94|idle in transaction|Client|SELECT dag_version.id, dag_version.version_number, dag_version.dag_id, dag_version.bundle_name, dag_version.bundle_version, dag_version.version_data, dag_version.created_at, dag_version.last_updated F
00:16:34.874|94|idle in transaction|Client|UPDATE dag_run SET end_date='2026-09-30T00:16:34.793953+00:00'::timestamptz, state='success', last_scheduling_decision='2026-09-30T00:16:34.792361+00:00'::timestamptz, updated_at='2026-09-30T00:16:34.
00:16:35.456|94|active||SELECT dag_run.dag_id, count('*') AS count_1 FROM dag_run WHERE dag_run.dag_id IN ('bench_partition_consumer') AND dag_run.state IN ('running', 'queued') AND dag_run.run_type != 'backfill' GROUP BY da
00:16:36.050|94|idle in transaction|Client|UPDATE dag_run SET end_date='2026-09-30T00:16:35.971058+00:00'::timestamptz, state='success', last_scheduling_decision='2026-09-30T00:16:35.969448+00:00'::timestamptz, updated_at='2026-09-30T00:16:35.
00:16:36.660|94|idle in transaction|Client|SELECT dag_version.id, dag_version.version_number, dag_version.dag_id, dag_version.bundle_name, dag_version.bundle_version, dag_version.version_data, dag_version.created_at, dag_version.last_updated F
00:16:36.660|8197|active||select coalesce(state,'none'), count(*) from dag_run where dag_id='bench_partition_consumer' group by 1
00:16:37.295|94|active||SELECT dag_run.dag_id, count('*') AS count_1 FROM dag_run WHERE dag_run.dag_id IN ('bench_partition_consumer') AND dag_run.state IN ('running', 'queued') AND dag_run.run_type != 'backfill' GROUP BY da
00:16:37.896|94|idle in transaction|Client|SELECT dag_version.id, dag_version.version_number, dag_version.dag_id, dag_version.bundle_name, dag_version.bundle_version, dag_version.version_data, dag_version.created_at, dag_version.last_updated F
00:16:38.481|94|active||SELECT task_instance.id, task_instance.task_id, task_instance.dag_id, task_instance.run_id, task_instance.map_index, task_instance.start_date, task_instance.end_date, task_instance.duration, task_inst
00:16:39.084|94|idle in transaction|Client|UPDATE dag_run SET end_date='2026-09-30T00:16:39.004104+00:00'::timestamptz, state='success', last_scheduling_decision='2026-09-30T00:16:39.002579+00:00'::timestamptz, updated_at='2026-09-30T00:16:39.
00:16:40.318|94|idle in transaction|Client|SELECT dag_version.id, dag_version.version_number, dag_version.dag_id, dag_version.bundle_name, dag_version.bundle_version, dag_version.version_data, dag_version.created_at, dag_version.last_updated F
00:16:40.922|94|idle in transaction|Client|SELECT task_instance.dag_version_id FROM task_instance WHERE task_instance.dag_id = 'bench_partition_consumer' AND task_instance.dag_version_id = '01a0efa2-2565-7f80-a0a2-753ce7d9a46b'::uuid::UUID AND
00:16:41.514|94|idle in transaction|Client|SELECT dag_run.dag_id, count('*') AS count_1 FROM dag_run WHERE dag_run.dag_id IN ('bench_partition_consumer') AND dag_run.state IN ('running', 'queued') AND dag_run.run_type != 'backfill' GROUP BY da
00:16:42.098|94|idle in transaction||SELECT dag_version.id, dag_version.version_number, dag_version.dag_id, dag_version.bundle_name, dag_version.bundle_version, dag_version.version_data, dag_version.created_at, dag_version.last_updated F
00:16:43.260|94|idle in transaction|Client|SELECT dag_run.dag_id, count('*') AS count_1 FROM dag_run WHERE dag_run.dag_id IN ('bench_partition_consumer') AND dag_run.state IN ('running', 'queued') AND dag_run.run_type != 'backfill' GROUP BY da
00:16:43.864|94|idle in transaction|Client|SELECT dag_run.dag_id, count('*') AS count_1 FROM dag_run WHERE dag_run.dag_id IN ('bench_partition_consumer') AND dag_run.state IN ('running', 'queued') AND dag_run.run_type != 'backfill' GROUP BY da
00:16:44.457|94|idle in transaction|Client|SELECT dag_version.id, dag_version.version_number, dag_version.dag_id, dag_version.bundle_name, dag_version.bundle_version, dag_version.version_data, dag_version.created_at, dag_version.last_updated F
00:16:45.075|94|idle in transaction|Client|UPDATE dag_run SET end_date='2026-09-30T00:16:44.994693+00:00'::timestamptz, state='success', last_scheduling_decision='2026-09-30T00:16:44.993169+00:00'::timestamptz, updated_at='2026-09-30T00:16:44.
00:16:45.686|94|idle in transaction||SELECT dag_version.id, dag_version.version_number, dag_version.dag_id, dag_version.bundle_name, dag_version.bundle_version, dag_version.version_data, dag_version.created_at, dag_version.last_updated F
00:16:46.265|94|idle in transaction|Client|SELECT dag_version.id, dag_version.version_number, dag_version.dag_id, dag_version.bundle_name, dag_version.bundle_version, dag_version.version_data, dag_version.created_at, dag_version.last_updated F
00:16:46.860|94|idle in transaction|Client|SELECT dag_version.id, dag_version.version_number, dag_version.dag_id, dag_version.bundle_name, dag_version.bundle_version, dag_version.version_data, dag_version.created_at, dag_version.last_updated F
00:16:48.016|94|active||SELECT dag_run.dag_id, count('*') AS count_1 FROM dag_run WHERE dag_run.dag_id IN ('bench_partition_consumer') AND dag_run.state IN ('running', 'queued') AND dag_run.run_type != 'backfill' GROUP BY da
00:16:48.660|94|idle in transaction||UPDATE dag_run SET end_date='2026-09-30T00:16:48.580451+00:00'::timestamptz, state='success', last_scheduling_decision='2026-09-30T00:16:48.578962+00:00'::timestamptz, updated_at='2026-09-30T00:16:48.
00:16:49.860|94|idle in transaction|Client|SELECT task_instance.id, task_instance.task_id, task_instance.dag_id, task_instance.run_id, task_instance.map_index, task_instance.start_date, task_instance.end_date, task_instance.duration, task_inst
00:16:50.469|94|idle in transaction|Client|SELECT task_instance.id, task_instance.task_id, task_instance.dag_id, task_instance.run_id, task_instance.map_index, task_instance.start_date, task_instance.end_date, task_instance.duration, task_inst
00:16:51.061|94|idle in transaction|Client|SELECT task_instance.dag_version_id FROM task_instance WHERE task_instance.dag_id = 'bench_partition_consumer' AND task_instance.dag_version_id = '01a0efa2-2565-7f80-a0a2-753ce7d9a46b'::uuid::UUID AND
00:16:51.676|94|active||UPDATE dag_run SET end_date='2026-09-30T00:16:51.595792+00:00'::timestamptz, state='success', last_scheduling_decision='2026-09-30T00:16:51.594311+00:00'::timestamptz, updated_at='2026-09-30T00:16:51.
00:17:09.404|15165|active||delete from dag_run where dag_id in ('bench_partition_consumer','bench_partition_producer')
00:17:09.981|15165|active||delete from dag_run where dag_id in ('bench_partition_consumer','bench_partition_producer')
00:17:12.385|94|active||SELECT task_instance.id AS task_instance_id, task_instance.task_id AS task_instance_task_id, task_instance.dag_id AS task_instance_dag_id, task_instance.run_id AS task_instance_run_id, task_instance.m
00:17:12.951|94|idle in transaction|Client|SELECT task_instance.id, task_instance.task_id, task_instance.dag_id, task_instance.run_id, task_instance.map_index, task_instance.start_date, task_instance.end_date, task_instance.duration, task_inst
00:17:14.746|8952|active||SELECT dag.dag_id, dag.is_paused, dag.is_stale, dag.exceeds_max_non_backfill, dag.last_parsed_time, dag.last_parse_duration, dag.last_expired, dag.fileloc, dag.relative_fileloc, dag.bundle_name, dag.b
00:17:15.319|8952|active||SELECT asset.id, asset.name, asset.uri, asset."group", asset.extra, asset.created_at, asset.updated_at, asset_active_1.name AS name_1, asset_active_1.uri AS uri_1, dag_1.dag_id, dag_1.is_paused, dag_1
00:17:15.893|8952|active|Client|SELECT asset.id, asset.name, asset.uri, asset."group", asset.extra, asset.created_at, asset.updated_at FROM asset WHERE asset.id = 1
00:17:16.461|8952|idle in transaction|Client|SELECT asset.id, asset.name, asset.uri, asset."group", asset.extra, asset.created_at, asset.updated_at FROM asset WHERE asset.id = 1
00:17:17.040|8952|idle in transaction|Client|SELECT serialized_dag.id, serialized_dag.dag_id, serialized_dag.data, serialized_dag.data_compressed, serialized_dag.created_at, serialized_dag.last_updated, serialized_dag.dag_hash, serialized_dag.da
00:17:17.621|8952|idle in transaction|Client|INSERT INTO asset_event (asset_id, extra, source_task_id, source_dag_id, source_run_id, source_map_index, timestamp, partition_key) VALUES (1, '{}'::JSON, 'emit', 'bench_partition_producer', 'part_100
00:17:18.199|94|idle in transaction|Client|SELECT dag.bundle_version FROM dag WHERE dag.dag_id = 'bench_partition_consumer'
00:17:18.799|94|idle in transaction|Client|SELECT asset_event.id, asset_event.asset_id, asset_event.extra, asset_event.source_task_id, asset_event.source_dag_id, asset_event.source_run_id, asset_event.source_map_index, asset_event.timestamp, a
00:17:19.379|94|idle in transaction|Client|SELECT max(log_template.id) AS max_1 FROM log_template
00:17:19.948|94|active||INSERT INTO dag_run (dag_id, queued_at, logical_date, start_date, end_date, state, run_id, creating_job_id, run_type, triggered_by, triggering_user_name, conf, data_interval_start, data_interval_end, 
00:17:19.948|8632|idle in transaction|Client|SELECT asset.id FROM asset WHERE asset.id = 1 FOR NO KEY UPDATE
00:17:20.517|94|idle in transaction||SELECT dag.bundle_version FROM dag WHERE dag.dag_id = 'bench_partition_consumer'
00:17:20.517|8632|idle in transaction|Client|SELECT asset.id, asset.name, asset.uri, asset."group", asset.extra, asset.created_at, asset.updated_at, asset_active_1.name AS name_1, asset_active_1.uri AS uri_1, dag_1.dag_id, dag_1.is_paused, dag_1
00:17:21.096|94|idle in transaction|Client|SELECT dag.bundle_version FROM dag WHERE dag.dag_id = 'bench_partition_consumer'
00:17:21.096|8632|idle in transaction|Client|SELECT asset_alias.id, asset_alias.name, asset_alias."group" FROM asset_alias WHERE asset_alias.name IN (NULL) AND (1 != 1)
00:17:21.668|94|idle in transaction|Client|UPDATE dag_run SET start_date='2026-09-30T00:17:21.471545+00:00'::timestamptz, state='running', updated_at='2026-09-30T00:17:21.561645+00:00'::timestamptz WHERE dag_run.id = 11064
00:17:21.668|8632|idle in transaction|Client|SELECT asset_partition_dag_run.id, asset_partition_dag_run.target_dag_id, asset_partition_dag_run.created_dag_run_id, asset_partition_dag_run.partition_key, asset_partition_dag_run.partition_date, ass
00:17:22.231|94|idle in transaction|Client|SELECT dag.dag_id AS dag_dag_id, dag.is_paused AS dag_is_paused, dag.is_stale AS dag_is_stale, dag.exceeds_max_non_backfill AS dag_exceeds_max_non_backfill, dag.last_parsed_time AS dag_last_parsed_tim
00:17:22.231|8632|active||SELECT dag.dag_id, dag.is_paused, dag.is_stale, dag.exceeds_max_non_backfill, dag.last_parsed_time, dag.last_parse_duration, dag.last_expired, dag.fileloc, dag.relative_fileloc, dag.bundle_name, dag.b
00:17:22.797|94|idle in transaction|Client|SELECT dag_version.id, dag_version.version_number, dag_version.dag_id, dag_version.bundle_name, dag_version.bundle_version, dag_version.version_data, dag_version.created_at, dag_version.last_updated F
00:17:22.797|8632|idle in transaction|Client|SELECT asset_alias.id, asset_alias.name, asset_alias."group" FROM asset_alias WHERE asset_alias.name IN (NULL) AND (1 != 1)
00:17:23.418|94|active||SELECT asset_partition_dag_run.id, asset_partition_dag_run.target_dag_id, asset_partition_dag_run.created_dag_run_id, asset_partition_dag_run.partition_key, asset_partition_dag_run.partition_date, ass
00:17:23.986|95|idle in transaction|Client|DELETE FROM dag_warning USING dag WHERE dag_warning.dag_id = dag.dag_id AND dag.is_stale = true
00:17:23.986|94|idle in transaction|Client|SELECT max(log_template.id) AS max_1 FROM log_template
00:17:24.553|94|idle in transaction|Client|UPDATE asset_partition_dag_run SET created_dag_run_id=11634, updated_at='2026-09-30T00:17:24.473092+00:00'::timestamptz WHERE asset_partition_dag_run.id = 11627
00:17:25.127|94|idle in transaction|Client|SELECT task_instance.id, task_instance.task_id, task_instance.dag_id, task_instance.run_id, task_instance.map_index, task_instance.start_date, task_instance.end_date, task_instance.duration, task_inst
00:17:25.689|94|idle in transaction|Client|SELECT dag.bundle_version FROM dag WHERE dag.dag_id = 'bench_partition_consumer'
00:17:26.275|94|idle in transaction|Client|UPDATE asset_partition_dag_run SET created_dag_run_id=11899, updated_at='2026-09-30T00:17:26.194386+00:00'::timestamptz WHERE asset_partition_dag_run.id = 11892
00:17:26.869|94|idle in transaction|Client|INSERT INTO dag_run (dag_id, queued_at, logical_date, start_date, end_date, state, run_id, creating_job_id, run_type, triggered_by, triggering_user_name, conf, data_interval_start, data_interval_end, 
00:17:27.478|94|idle in transaction|Client|UPDATE dag_run SET start_date='2026-09-30T00:17:27.173861+00:00'::timestamptz, state='running', updated_at='2026-09-30T00:17:27.389360+00:00'::timestamptz WHERE dag_run.id = 11224
00:17:28.070|94|idle in transaction|Client|SELECT task_instance.dag_version_id FROM task_instance WHERE task_instance.dag_id = 'bench_partition_consumer' AND task_instance.dag_version_id = '01a0efa2-2565-7f80-a0a2-753ce7d9a46b'::uuid::UUID AND
00:17:28.680|94|idle in transaction|Client|SELECT dag.dag_id AS dag_dag_id, dag.is_paused AS dag_is_paused, dag.is_stale AS dag_is_stale, dag.exceeds_max_non_backfill AS dag_exceeds_max_non_backfill, dag.last_parsed_time AS dag_last_parsed_tim
00:17:29.266|94|idle in transaction|Client|UPDATE dag_run SET last_scheduling_decision='2026-09-30T00:17:28.759799+00:00'::timestamptz, updated_at='2026-09-30T00:17:29.082563+00:00'::timestamptz, scheduled_by_job_id=1 WHERE dag_run.id = 11378
00:17:29.840|94|active||SELECT task_instance.id, task_instance.task_id, task_instance.dag_id, task_instance.run_id, task_instance.map_index, task_instance.start_date, task_instance.end_date, task_instance.duration, task_inst
00:17:30.410|94|idle in transaction|Client|SELECT task_instance.id, task_instance.task_id, task_instance.dag_id, task_instance.run_id, task_instance.map_index, task_instance.start_date, task_instance.end_date, task_instance.duration, task_inst
00:17:31.027|103|idle in transaction|Client|SELECT serialized_dag.id, serialized_dag.dag_id, serialized_dag.data, serialized_dag.data_compressed, serialized_dag.created_at, serialized_dag.last_updated, serialized_dag.dag_hash, serialized_dag.da
00:17:31.611|94|idle in transaction|Client|SELECT dag_version.id, dag_version.version_number, dag_version.dag_id, dag_version.bundle_name, dag_version.bundle_version, dag_version.version_data, dag_version.created_at, dag_version.last_updated F
00:17:31.611|103|idle in transaction|Client|SELECT dag.dag_id, dag.is_paused, dag.is_stale, dag.exceeds_max_non_backfill, dag.last_parsed_time, dag.last_parse_duration, dag.last_expired, dag.fileloc, dag.relative_fileloc, dag.bundle_name, dag.b
00:17:32.181|94|idle in transaction|Client|SELECT task_instance.dag_version_id FROM task_instance WHERE task_instance.dag_id = 'bench_partition_consumer' AND task_instance.dag_version_id = '01a0efa2-2565-7f80-a0a2-753ce7d9a46b'::uuid::UUID AND
00:17:32.181|103|idle in transaction|Client|INSERT INTO partitioned_asset_key_log (asset_id, asset_event_id, asset_partition_dag_run_id, source_partition_key, target_dag_id, target_partition_key, created_at) VALUES (1, 12191, 12191, 'ACCT000014
00:17:32.758|94|active||SELECT dag.dag_id AS dag_dag_id, dag.is_paused AS dag_is_paused, dag.is_stale AS dag_is_stale, dag.exceeds_max_non_backfill AS dag_exceeds_max_non_backfill, dag.last_parsed_time AS dag_last_parsed_tim
00:17:32.758|103|idle in transaction|Client|INSERT INTO asset_partition_dag_run (target_dag_id, created_dag_run_id, partition_key, partition_date, rollup_fingerprint, created_at, updated_at) VALUES ('bench_partition_consumer', NULL, 'ACCT000013
00:17:33.323|103|idle in transaction|Client|SELECT serialized_dag.id, serialized_dag.dag_id, serialized_dag.data, serialized_dag.data_compressed, serialized_dag.created_at, serialized_dag.last_updated, serialized_dag.dag_hash, serialized_dag.da
00:17:33.882|94|idle in transaction|Client|SELECT task_instance.id, task_instance.task_id, task_instance.dag_id, task_instance.run_id, task_instance.map_index, task_instance.start_date, task_instance.end_date, task_instance.duration, task_inst
00:17:33.882|103|idle in transaction|Client|SELECT serialized_dag.id, serialized_dag.dag_id, serialized_dag.data, serialized_dag.data_compressed, serialized_dag.created_at, serialized_dag.last_updated, serialized_dag.dag_hash, serialized_dag.da
00:17:34.449|94|idle in transaction|Client|SELECT dag_version.id, dag_version.version_number, dag_version.dag_id, dag_version.bundle_name, dag_version.bundle_version, dag_version.version_data, dag_version.created_at, dag_version.last_updated F
00:17:35.047|94|idle in transaction|Client|INSERT INTO dag_run (dag_id, queued_at, logical_date, start_date, end_date, state, run_id, creating_job_id, run_type, triggered_by, triggering_user_name, conf, data_interval_start, data_interval_end, 
00:17:35.630|94|idle in transaction|Client|SELECT dag_version.id, dag_version.version_number, dag_version.dag_id, dag_version.bundle_name, dag_version.bundle_version, dag_version.version_data, dag_version.created_at, dag_version.last_updated F
00:17:36.199|94|idle in transaction|Client|SELECT dag_version.id, dag_version.version_number, dag_version.dag_id, dag_version.bundle_name, dag_version.bundle_version, dag_version.version_data, dag_version.created_at, dag_version.last_updated F
00:17:36.778|94|idle in transaction|Client|SELECT max(log_template.id) AS max_1 FROM log_template
00:17:36.778|8775|idle in transaction|Client|SELECT dag.dag_id, dag.is_paused, dag.is_stale, dag.exceeds_max_non_backfill, dag.last_parsed_time, dag.last_parse_duration, dag.last_expired, dag.fileloc, dag.relative_fileloc, dag.bundle_name, dag.b
00:17:37.344|94|idle in transaction|Client|SELECT dag_version.id, dag_version.version_number, dag_version.dag_id, dag_version.bundle_name, dag_version.bundle_version, dag_version.version_data, dag_version.created_at, dag_version.last_updated F
00:17:37.344|8775|active||SELECT asset.id, asset.name, asset.uri, asset."group", asset.extra, asset.created_at, asset.updated_at, asset_active_1.name AS name_1, asset_active_1.uri AS uri_1, dag_1.dag_id, dag_1.is_paused, dag_1
00:17:37.902|94|idle in transaction|Client|INSERT INTO dag_run (dag_id, queued_at, logical_date, start_date, end_date, state, run_id, creating_job_id, run_type, triggered_by, triggering_user_name, conf, data_interval_start, data_interval_end, 
00:17:37.902|8775|active|Client|INSERT INTO asset_partition_dag_run (target_dag_id, created_dag_run_id, partition_key, partition_date, rollup_fingerprint, created_at, updated_at) VALUES ('bench_partition_consumer', NULL, 'ACCT000019
00:17:38.485|94|idle in transaction|Client|SELECT task_instance.dag_version_id FROM task_instance WHERE task_instance.dag_id = 'bench_partition_consumer' AND task_instance.dag_version_id = '01a0efa2-2565-7f80-a0a2-753ce7d9a46b'::uuid::UUID AND
00:17:38.485|8775|idle in transaction|Client|SELECT asset.id, asset.name, asset.uri, asset."group", asset.extra, asset.created_at, asset.updated_at FROM asset WHERE asset.id = 1
00:17:39.055|94|idle in transaction|Client|SELECT task_instance.id, task_instance.task_id, task_instance.dag_id, task_instance.run_id, task_instance.map_index, task_instance.start_date, task_instance.end_date, task_instance.duration, task_inst
00:17:39.055|8775|idle in transaction|Client|INSERT INTO asset_event (asset_id, extra, source_task_id, source_dag_id, source_run_id, source_map_index, timestamp, partition_key) VALUES (1, '{}'::JSON, 'emit', 'bench_partition_producer', 'part_100
00:17:39.627|8775|active||SELECT asset.id, asset.name, asset.uri, asset."group", asset.extra, asset.created_at, asset.updated_at, asset_active_1.name AS name_1, asset_active_1.uri AS uri_1, dag_1.dag_id, dag_1.is_paused, dag_1
00:17:40.230|94|idle in transaction|Client|SELECT dag_version.id, dag_version.version_number, dag_version.dag_id, dag_version.bundle_name, dag_version.bundle_version, dag_version.version_data, dag_version.created_at, dag_version.last_updated F
00:17:40.792|94|idle in transaction|Client|SELECT asset_event.id, asset_event.asset_id, asset_event.extra, asset_event.source_task_id, asset_event.source_dag_id, asset_event.source_run_id, asset_event.source_map_index, asset_event.timestamp, a
00:17:41.380|94|idle in transaction|Client|SELECT asset_event.id, asset_event.asset_id, asset_event.extra, asset_event.source_task_id, asset_event.source_dag_id, asset_event.source_run_id, asset_event.source_map_index, asset_event.timestamp, a
00:17:41.981|94|idle in transaction|Client|INSERT INTO dag_run (dag_id, queued_at, logical_date, start_date, end_date, state, run_id, creating_job_id, run_type, triggered_by, triggering_user_name, conf, data_interval_start, data_interval_end, 
00:17:42.592|94|active|Client|UPDATE asset_partition_dag_run SET created_dag_run_id=12794, updated_at='2026-09-30T00:17:42.513704+00:00'::timestamptz WHERE asset_partition_dag_run.id = 12787
00:17:43.211|94|idle in transaction|Client|SELECT task_instance.id, task_instance.task_id, task_instance.dag_id, task_instance.run_id, task_instance.map_index, task_instance.start_date, task_instance.end_date, task_instance.duration, task_inst
00:17:43.781|94|idle in transaction||SELECT dag_version.id, dag_version.version_number, dag_version.dag_id, dag_version.bundle_name, dag_version.bundle_version, dag_version.version_data, dag_version.created_at, dag_version.last_updated F
00:17:44.351|94|idle in transaction|Client|SELECT dag_version.id, dag_version.version_number, dag_version.dag_id, dag_version.bundle_name, dag_version.bundle_version, dag_version.version_data, dag_version.created_at, dag_version.last_updated F
00:17:44.939|94|idle in transaction||UPDATE task_instance SET start_date='2026-09-30T00:17:44.860057+00:00'::timestamptz, end_date='2026-09-30T00:17:44.860058+00:00'::timestamptz, duration=0, state='success', try_number=(task_instance.tr
00:17:45.508|94|idle in transaction|Client|SELECT task_instance.id, task_instance.task_id, task_instance.dag_id, task_instance.run_id, task_instance.map_index, task_instance.start_date, task_instance.end_date, task_instance.duration, task_inst
00:17:46.090|94|idle in transaction|Client|SELECT task_instance.dag_version_id FROM task_instance WHERE task_instance.dag_id = 'bench_partition_consumer' AND task_instance.dag_version_id = '01a0efa2-2565-7f80-a0a2-753ce7d9a46b'::uuid::UUID AND
00:17:46.685|94|idle in transaction|Client|SELECT task_instance.id, task_instance.task_id, task_instance.dag_id, task_instance.run_id, task_instance.map_index, task_instance.start_date, task_instance.end_date, task_instance.duration, task_inst
00:17:47.898|94|idle in transaction|Client|SELECT dag_version.id, dag_version.version_number, dag_version.dag_id, dag_version.bundle_name, dag_version.bundle_version, dag_version.version_data, dag_version.created_at, dag_version.last_updated F
00:17:48.499|94|idle in transaction||SELECT task_instance.dag_version_id FROM task_instance WHERE task_instance.dag_id = 'bench_partition_consumer' AND task_instance.dag_version_id = '01a0efa2-2565-7f80-a0a2-753ce7d9a46b'::uuid::UUID AND
00:17:49.849|94|active||SELECT dag_run.id, dag_run.dag_id, dag_run.queued_at, dag_run.logical_date, dag_run.start_date, dag_run.end_date, dag_run.state, dag_run.run_id, dag_run.creating_job_id, dag_run.run_type, dag_run.trig
00:17:50.435|94|idle in transaction|Client|SELECT task_instance.dag_version_id FROM task_instance WHERE task_instance.dag_id = 'bench_partition_consumer' AND task_instance.dag_version_id = '01a0efa2-2565-7f80-a0a2-753ce7d9a46b'::uuid::UUID AND
00:17:51.012|94|idle in transaction|Client|UPDATE dag_run SET last_scheduling_decision='2026-09-30T00:17:50.432299+00:00'::timestamptz, updated_at='2026-09-30T00:17:50.879849+00:00'::timestamptz, scheduled_by_job_id=1 WHERE dag_run.id = 12927
00:17:51.615|5014|idle in transaction|Client|INSERT INTO log (dttm, dag_id, task_id, map_index, event, logical_date, run_id, owner, owner_display_name, extra, try_number) VALUES ('2026-09-30T00:17:51.515938+00:00'::timestamptz, 'bench_partition_
00:17:52.196|94|idle in transaction|Client|SELECT dag_run.dag_id, count('*') AS count_1 FROM dag_run WHERE dag_run.dag_id IN ('bench_partition_consumer') AND dag_run.state IN ('running', 'queued') AND dag_run.run_type != 'backfill' GROUP BY da
00:17:52.196|5113|active||SELECT asset_partition_dag_run.id, asset_partition_dag_run.target_dag_id, asset_partition_dag_run.created_dag_run_id, asset_partition_dag_run.partition_key, asset_partition_dag_run.partition_date, ass
00:17:52.760|95|idle in transaction|Client|SELECT callback.id, callback.type, callback.fetch_method, callback.data, callback.bundle_name, callback.state, callback.output, callback.priority_weight, callback.created_at, callback.trigger_id FROM 
00:17:52.760|94|idle in transaction|Client|SELECT task_instance.id, task_instance.task_id, task_instance.dag_id, task_instance.run_id, task_instance.map_index, task_instance.start_date, task_instance.end_date, task_instance.duration, task_inst
00:17:52.760|5113|idle in transaction|Client|SELECT asset.id, asset.name, asset.uri, asset."group", asset.extra, asset.created_at, asset.updated_at, asset_active_1.name AS name_1, asset_active_1.uri AS uri_1, dag_1.dag_id, dag_1.is_paused, dag_1
00:17:53.329|5113|idle in transaction|Client|SELECT asset.id FROM asset WHERE asset.id = 1 FOR NO KEY UPDATE
00:17:53.329|15693|active|Timeout|autovacuum: VACUUM ANALYZE public.dag_run
00:17:53.904|94|idle in transaction|Client|SELECT dag_version.id, dag_version.version_number, dag_version.dag_id, dag_version.bundle_name, dag_version.bundle_version, dag_version.version_data, dag_version.created_at, dag_version.last_updated F
00:17:53.904|5113|active||SELECT asset.id, asset.name, asset.uri, asset."group", asset.extra, asset.created_at, asset.updated_at, asset_active_1.name AS name_1, asset_active_1.uri AS uri_1, dag_1.dag_id, dag_1.is_paused, dag_1
00:17:53.904|15693|active|Timeout|autovacuum: VACUUM ANALYZE public.dag_run
00:17:54.472|94|active||SELECT dag_run.dag_id, count('*') AS count_1 FROM dag_run WHERE dag_run.dag_id IN ('bench_partition_consumer') AND dag_run.state IN ('running', 'queued') AND dag_run.run_type != 'backfill' GROUP BY da
00:17:54.472|5113|idle in transaction|Client|INSERT INTO partitioned_asset_key_log (asset_id, asset_event_id, asset_partition_dag_run_id, source_partition_key, target_dag_id, target_partition_key, created_at) VALUES (1, 13333, 13333, 'ACCT000024
00:17:54.472|15693|active|Timeout|autovacuum: VACUUM ANALYZE public.dag_run
00:17:55.041|5113|idle in transaction|Client|SELECT dag.dag_id, dag.is_paused, dag.is_stale, dag.exceeds_max_non_backfill, dag.last_parsed_time, dag.last_parse_duration, dag.last_expired, dag.fileloc, dag.relative_fileloc, dag.bundle_name, dag.b
00:17:55.041|15693|active|Timeout|autovacuum: VACUUM ANALYZE public.dag_run
00:17:55.603|94|idle in transaction|Client|SELECT task_instance.id, task_instance.task_id, task_instance.dag_id, task_instance.run_id, task_instance.map_index, task_instance.start_date, task_instance.end_date, task_instance.duration, task_inst
00:17:55.603|5113|active||SELECT serialized_dag.id, serialized_dag.dag_id, serialized_dag.data, serialized_dag.data_compressed, serialized_dag.created_at, serialized_dag.last_updated, serialized_dag.dag_hash, serialized_dag.da
00:17:55.603|15693|active|Timeout|autovacuum: VACUUM ANALYZE public.dag_run
00:17:56.181|95|active||SELECT anon_1.dag_id, anon_1.last_updated, anon_1.dag_hash FROM (SELECT serialized_dag.dag_id AS dag_id, serialized_dag.last_updated AS last_updated, serialized_dag.dag_hash AS dag_hash, row_number() 
00:17:56.181|94|idle in transaction|Client|SELECT task_instance.id, task_instance.task_id, task_instance.dag_id, task_instance.run_id, task_instance.map_index, task_instance.start_date, task_instance.end_date, task_instance.duration, task_inst
00:17:56.181|15693|active|Timeout|autovacuum: VACUUM ANALYZE public.dag_run
00:17:56.755|94|idle in transaction|Client|SELECT task_instance.id, task_instance.task_id, task_instance.dag_id, task_instance.run_id, task_instance.map_index, task_instance.start_date, task_instance.end_date, task_instance.duration, task_inst
00:17:56.755|15693|active||autovacuum: ANALYZE public.task_instance
00:17:57.319|94|idle in transaction|Client|INSERT INTO task_instance (id, task_id, dag_id, run_id, map_index, try_number, max_tries, hostname, unixname, pool, pool_slots, queue, priority_weight, operator, custom_operator_name, executor_config,
00:17:57.885|94|idle in transaction|Client|SELECT max(log_template.id) AS max_1 FROM log_template
00:17:57.885|5113|idle in transaction||SELECT asset_alias.id, asset_alias.name, asset_alias."group" FROM asset_alias WHERE asset_alias.name IN (NULL) AND (1 != 1)
00:17:58.452|94|idle in transaction|Client|SELECT task_instance.id, task_instance.task_id, task_instance.dag_id, task_instance.run_id, task_instance.map_index, task_instance.start_date, task_instance.end_date, task_instance.duration, task_inst
00:17:58.452|5113|idle in transaction|Client|SELECT serialized_dag.id, serialized_dag.dag_id, serialized_dag.data, serialized_dag.data_compressed, serialized_dag.created_at, serialized_dag.last_updated, serialized_dag.dag_hash, serialized_dag.da
00:17:59.024|94|idle in transaction|Client|SELECT asset_event.id, asset_event.asset_id, asset_event.extra, asset_event.source_task_id, asset_event.source_dag_id, asset_event.source_run_id, asset_event.source_map_index, asset_event.timestamp, a
00:17:59.024|5113|idle in transaction|Client|SELECT dag.dag_id, dag.is_paused, dag.is_stale, dag.exceeds_max_non_backfill, dag.last_parsed_time, dag.last_parse_duration, dag.last_expired, dag.fileloc, dag.relative_fileloc, dag.bundle_name, dag.b
00:17:59.603|94|idle in transaction|Client|SELECT dag_version.id, dag_version.version_number, dag_version.dag_id, dag_version.bundle_name, dag_version.bundle_version, dag_version.version_data, dag_version.created_at, dag_version.last_updated F
00:17:59.603|5113|idle in transaction|Client|SELECT asset.id FROM asset WHERE asset.id = 1 FOR NO KEY UPDATE
00:18:00.173|94|idle in transaction|Client|SELECT task_instance.dag_version_id FROM task_instance WHERE task_instance.dag_id = 'bench_partition_consumer' AND task_instance.dag_version_id = '01a0efa2-2565-7f80-a0a2-753ce7d9a46b'::uuid::UUID AND
00:18:00.173|5113|idle in transaction|Client|SELECT asset_alias.id, asset_alias.name, asset_alias."group" FROM asset_alias WHERE asset_alias.name IN (NULL) AND (1 != 1)
00:18:00.735|94|idle in transaction|Client|SELECT dag_version.id, dag_version.version_number, dag_version.dag_id, dag_version.bundle_name, dag_version.bundle_version, dag_version.version_data, dag_version.created_at, dag_version.last_updated F
00:18:00.735|5113|idle in transaction|Client|SELECT asset.id, asset.name, asset.uri, asset."group", asset.extra, asset.created_at, asset.updated_at, asset_active_1.name AS name_1, asset_active_1.uri AS uri_1, dag_1.dag_id, dag_1.is_paused, dag_1
00:18:01.308|94|idle in transaction|Client|SELECT dag_version.id, dag_version.version_number, dag_version.dag_id, dag_version.bundle_name, dag_version.bundle_version, dag_version.version_data, dag_version.created_at, dag_version.last_updated F
00:18:01.873|94|active|Client|SELECT dag_version.id, dag_version.version_number, dag_version.dag_id, dag_version.bundle_name, dag_version.bundle_version, dag_version.version_data, dag_version.created_at, dag_version.last_updated F
00:18:02.442|94|active|Client|UPDATE dag_run SET last_scheduling_decision='2026-09-30T00:18:01.987121+00:00'::timestamptz, updated_at='2026-09-30T00:18:02.310095+00:00'::timestamptz, scheduled_by_job_id=1 WHERE dag_run.id = 13340
00:18:03.066|94|idle in transaction||INSERT INTO task_instance (id, task_id, dag_id, run_id, map_index, try_number, max_tries, hostname, unixname, pool, pool_slots, queue, priority_weight, operator, custom_operator_name, executor_config,
00:18:03.640|94|idle in transaction|Client|SELECT dag.bundle_version FROM dag WHERE dag.dag_id = 'bench_partition_consumer'
00:18:04.258|94|idle in transaction||SELECT max(log_template.id) AS max_1 FROM log_template
00:18:04.258|8379|idle in transaction|Client|INSERT INTO partitioned_asset_key_log (asset_id, asset_event_id, asset_partition_dag_run_id, source_partition_key, target_dag_id, target_partition_key, created_at) VALUES (1, 14024, 14024, 'ACCT000030
00:18:04.932|94|idle in transaction|Client|SELECT dag_version.id, dag_version.version_number, dag_version.dag_id, dag_version.bundle_name, dag_version.bundle_version, dag_version.version_data, dag_version.created_at, dag_version.last_updated F
00:18:04.932|8379|idle in transaction|Client|INSERT INTO asset_partition_dag_run (target_dag_id, created_dag_run_id, partition_key, partition_date, rollup_fingerprint, created_at, updated_at) VALUES ('bench_partition_consumer', NULL, 'ACCT000033
00:18:05.509|94|idle in transaction|Client|UPDATE asset_partition_dag_run SET created_dag_run_id=13894, updated_at='2026-09-30T00:18:05.436516+00:00'::timestamptz WHERE asset_partition_dag_run.id = 13887
00:18:05.509|8379|idle in transaction|Client|SELECT asset.id, asset.name, asset.uri, asset."group", asset.extra, asset.created_at, asset.updated_at, asset_active_1.name AS name_1, asset_active_1.uri AS uri_1, dag_1.dag_id, dag_1.is_paused, dag_1
00:18:06.082|94|idle in transaction|Client|SELECT task_instance.id, task_instance.task_id, task_instance.dag_id, task_instance.run_id, task_instance.map_index, task_instance.start_date, task_instance.end_date, task_instance.duration, task_inst
00:18:06.082|8379|idle in transaction|Client|SELECT dag.dag_id, dag.is_paused, dag.is_stale, dag.exceeds_max_non_backfill, dag.last_parsed_time, dag.last_parse_duration, dag.last_expired, dag.fileloc, dag.relative_fileloc, dag.bundle_name, dag.b
00:18:06.661|94|idle in transaction|Client|SELECT task_instance.id, task_instance.task_id, task_instance.dag_id, task_instance.run_id, task_instance.map_index, task_instance.start_date, task_instance.end_date, task_instance.duration, task_inst
00:18:06.661|8379|idle in transaction|Client|SELECT serialized_dag.id, serialized_dag.dag_id, serialized_dag.data, serialized_dag.data_compressed, serialized_dag.created_at, serialized_dag.last_updated, serialized_dag.dag_hash, serialized_dag.da
00:18:07.226|94|idle in transaction|Client|SELECT dag_version.id, dag_version.version_number, dag_version.dag_id, dag_version.bundle_name, dag_version.bundle_version, dag_version.version_data, dag_version.created_at, dag_version.last_updated F
00:18:07.226|8379|idle in transaction|Client|INSERT INTO partitioned_asset_key_log (asset_id, asset_event_id, asset_partition_dag_run_id, source_partition_key, target_dag_id, target_partition_key, created_at) VALUES (1, 14395, 14395, 'ACCT000033
00:18:07.783|8379|idle in transaction|Client|SELECT asset.id FROM asset WHERE asset.id = 1 FOR NO KEY UPDATE
00:18:08.380|94|idle in transaction|Client|SELECT dag_version.id, dag_version.version_number, dag_version.dag_id, dag_version.bundle_name, dag_version.bundle_version, dag_version.version_data, dag_version.created_at, dag_version.last_updated F
00:18:08.962|94|idle in transaction|Client|SELECT dag.bundle_version FROM dag WHERE dag.dag_id = 'bench_partition_consumer'
00:18:09.529|94|idle in transaction|Client|INSERT INTO dagrun_asset_event (dag_run_id, event_id) VALUES (14169, 14162)
00:18:10.105|94|idle in transaction|Client|INSERT INTO dagrun_asset_event (dag_run_id, event_id) VALUES (14261, 14254)
00:18:10.676|94|idle in transaction|Client|UPDATE asset_partition_dag_run SET created_dag_run_id=14353, updated_at='2026-09-30T00:18:10.600509+00:00'::timestamptz WHERE asset_partition_dag_run.id = 14346
00:18:11.240|94|idle in transaction|Client|SELECT task_instance.id, task_instance.task_id, task_instance.dag_id, task_instance.run_id, task_instance.map_index, task_instance.start_date, task_instance.end_date, task_instance.duration, task_inst
00:18:11.810|94|idle in transaction|Client|SELECT dag_version.id, dag_version.version_number, dag_version.dag_id, dag_version.bundle_name, dag_version.bundle_version, dag_version.version_data, dag_version.created_at, dag_version.last_updated F
00:18:12.379|94|idle in transaction|Client|SELECT dag_version.id, dag_version.version_number, dag_version.dag_id, dag_version.bundle_name, dag_version.bundle_version, dag_version.version_data, dag_version.created_at, dag_version.last_updated F
00:18:12.955|94|idle in transaction|Client|UPDATE task_instance SET start_date='2026-09-30T00:18:12.878579+00:00'::timestamptz, end_date='2026-09-30T00:18:12.878580+00:00'::timestamptz, duration=0, state='success', try_number=(task_instance.tr
00:18:13.550|94|idle in transaction|Client|SELECT task_instance.id, task_instance.task_id, task_instance.dag_id, task_instance.run_id, task_instance.map_index, task_instance.start_date, task_instance.end_date, task_instance.duration, task_inst
00:18:14.128|94|idle in transaction|Client|SELECT dag.dag_id AS dag_dag_id, dag.is_paused AS dag_is_paused, dag.is_stale AS dag_is_stale, dag.exceeds_max_non_backfill AS dag_exceeds_max_non_backfill, dag.last_parsed_time AS dag_last_parsed_tim
00:18:14.715|8952|idle in transaction|Client|SELECT asset.id, asset.name, asset.uri, asset."group", asset.extra, asset.created_at, asset.updated_at, asset_active_1.name AS name_1, asset_active_1.uri AS uri_1, dag_1.dag_id, dag_1.is_paused, dag_1
00:18:15.304|94|active||UPDATE dag_run SET start_date='2026-09-30T00:18:15.082875+00:00'::timestamptz, state='running', updated_at='2026-09-30T00:18:15.227341+00:00'::timestamptz WHERE dag_run.id = 14008
00:18:15.304|8952|idle in transaction|Client|INSERT INTO partitioned_asset_key_log (asset_id, asset_event_id, asset_partition_dag_run_id, source_partition_key, target_dag_id, target_partition_key, created_at) VALUES (1, 14587, 14587, 'ACCT000036
00:18:15.872|94|idle in transaction|Client|SELECT dag.dag_id AS dag_dag_id, dag.is_paused AS dag_is_paused, dag.is_stale AS dag_is_stale, dag.exceeds_max_non_backfill AS dag_exceeds_max_non_backfill, dag.last_parsed_time AS dag_last_parsed_tim
00:18:15.872|8952|idle in transaction|Client|INSERT INTO asset_partition_dag_run (target_dag_id, created_dag_run_id, partition_key, partition_date, rollup_fingerprint, created_at, updated_at) VALUES ('bench_partition_consumer', NULL, 'ACCT000039
00:18:16.440|94|idle in transaction|Client|SELECT dag.dag_id AS dag_dag_id, dag.is_paused AS dag_is_paused, dag.is_stale AS dag_is_stale, dag.exceeds_max_non_backfill AS dag_exceeds_max_non_backfill, dag.last_parsed_time AS dag_last_parsed_tim
00:18:16.440|8952|active||SELECT asset.id, asset.name, asset.uri, asset."group", asset.extra, asset.created_at, asset.updated_at, asset_active_1.name AS name_1, asset_active_1.uri AS uri_1, dag_1.dag_id, dag_1.is_paused, dag_1
00:18:17.057|8952|active|Client|INSERT INTO asset_partition_dag_run (target_dag_id, created_dag_run_id, partition_key, partition_date, rollup_fingerprint, created_at, updated_at) VALUES ('bench_partition_consumer', NULL, 'ACCT000039
00:18:17.627|94|active||SELECT task_instance.dag_version_id FROM task_instance WHERE task_instance.dag_id = 'bench_partition_consumer' AND task_instance.dag_version_id = '01a0efa2-2565-7f80-a0a2-753ce7d9a46b'::uuid::UUID AND
00:18:17.627|8952|active|Client|SELECT asset.id, asset.name, asset.uri, asset."group", asset.extra, asset.created_at, asset.updated_at FROM asset WHERE asset.id = 1
00:18:18.193|94|idle in transaction|Client|SELECT task_instance.dag_version_id FROM task_instance WHERE task_instance.dag_id = 'bench_partition_consumer' AND task_instance.dag_version_id = '01a0efa2-2565-7f80-a0a2-753ce7d9a46b'::uuid::UUID AND
00:18:18.193|8952|idle in transaction|Client|SELECT asset.id FROM asset WHERE asset.id = 1 FOR NO KEY UPDATE
00:18:18.769|94|idle in transaction|Client|SELECT dag_version.id, dag_version.version_number, dag_version.dag_id, dag_version.bundle_name, dag_version.bundle_version, dag_version.version_data, dag_version.created_at, dag_version.last_updated F
00:18:19.357|94|idle in transaction|Client|SELECT dag_version.id, dag_version.version_number, dag_version.dag_id, dag_version.bundle_name, dag_version.bundle_version, dag_version.version_data, dag_version.created_at, dag_version.last_updated F
00:18:19.943|94|idle in transaction|Client|INSERT INTO dag_run (dag_id, queued_at, logical_date, start_date, end_date, state, run_id, creating_job_id, run_type, triggered_by, triggering_user_name, conf, data_interval_start, data_interval_end, 
00:18:20.514|94|active||INSERT INTO task_instance (id, task_id, dag_id, run_id, map_index, try_number, max_tries, hostname, unixname, pool, pool_slots, queue, priority_weight, operator, custom_operator_name, executor_config,
00:18:20.514|8632|idle in transaction|Client|SELECT asset.id, asset.name, asset.uri, asset."group", asset.extra, asset.created_at, asset.updated_at, asset_active_1.name AS name_1, asset_active_1.uri AS uri_1, dag_1.dag_id, dag_1.is_paused, dag_1
00:18:21.131|94|idle in transaction|Client|SELECT asset_event.id, asset_event.asset_id, asset_event.extra, asset_event.source_task_id, asset_event.source_dag_id, asset_event.source_run_id, asset_event.source_map_index, asset_event.timestamp, a
00:18:21.131|8632|idle in transaction|Client|SELECT asset_alias.id, asset_alias.name, asset_alias."group" FROM asset_alias WHERE asset_alias.name IN (NULL) AND (1 != 1)
00:18:21.700|94|idle in transaction|Client|SELECT dag_version.id, dag_version.version_number, dag_version.dag_id, dag_version.bundle_name, dag_version.bundle_version, dag_version.version_data, dag_version.created_at, dag_version.last_updated F
00:18:21.700|8632|active||SELECT asset.id, asset.name, asset.uri, asset."group", asset.extra, asset.created_at, asset.updated_at, asset_active_1.name AS name_1, asset_active_1.uri AS uri_1, dag_1.dag_id, dag_1.is_paused, dag_1
00:18:22.271|94|idle in transaction|Client|SELECT dag.dag_id AS dag_dag_id, dag.is_paused AS dag_is_paused, dag.is_stale AS dag_is_stale, dag.exceeds_max_non_backfill AS dag_exceeds_max_non_backfill, dag.last_parsed_time AS dag_last_parsed_tim
00:18:22.271|8632|active||SELECT serialized_dag.id, serialized_dag.dag_id, serialized_dag.data, serialized_dag.data_compressed, serialized_dag.created_at, serialized_dag.last_updated, serialized_dag.dag_hash, serialized_dag.da
00:18:22.828|94|idle in transaction|Client|SELECT task_instance.id, task_instance.task_id, task_instance.dag_id, task_instance.run_id, task_instance.map_index, task_instance.start_date, task_instance.end_date, task_instance.duration, task_inst
00:18:22.828|8632|idle in transaction|Client|INSERT INTO partitioned_asset_key_log (asset_id, asset_event_id, asset_partition_dag_run_id, source_partition_key, target_dag_id, target_partition_key, created_at) VALUES (1, 15334, 15334, 'ACCT000044
00:18:23.385|8632|idle in transaction|Client|INSERT INTO asset_partition_dag_run (target_dag_id, created_dag_run_id, partition_key, partition_date, rollup_fingerprint, created_at, updated_at) VALUES ('bench_partition_consumer', NULL, 'ACCT000043
00:18:24.007|94|idle in transaction|Client|SELECT dag_version.id, dag_version.version_number, dag_version.dag_id, dag_version.bundle_name, dag_version.bundle_version, dag_version.version_data, dag_version.created_at, dag_version.last_updated F
00:18:24.007|8632|idle in transaction|Client|INSERT INTO asset_partition_dag_run (target_dag_id, created_dag_run_id, partition_key, partition_date, rollup_fingerprint, created_at, updated_at) VALUES ('bench_partition_consumer', NULL, 'ACCT000042
00:18:24.567|94|idle in transaction|Client|SELECT task_instance.id, task_instance.task_id, task_instance.dag_id, task_instance.run_id, task_instance.map_index, task_instance.start_date, task_instance.end_date, task_instance.duration, task_inst
00:18:25.148|94|idle in transaction|Client|UPDATE dag_run SET last_scheduling_decision='2026-09-30T00:18:24.310671+00:00'::timestamptz, updated_at='2026-09-30T00:18:25.048466+00:00'::timestamptz, scheduled_by_job_id=1 WHERE dag_run.id = 14656
00:18:25.709|94|idle in transaction|Client|SELECT task_instance.id, task_instance.task_id, task_instance.dag_id, task_instance.run_id, task_instance.map_index, task_instance.start_date, task_instance.end_date, task_instance.duration, task_inst
00:18:26.329|94|idle in transaction|Client|INSERT INTO dag_run (dag_id, queued_at, logical_date, start_date, end_date, state, run_id, creating_job_id, run_type, triggered_by, triggering_user_name, conf, data_interval_start, data_interval_end, 
00:18:26.898|95|idle in transaction|Client|SELECT dag.dag_id, dag.is_paused, dag.is_stale, dag.exceeds_max_non_backfill, dag.last_parsed_time, dag.last_parse_duration, dag.last_expired, dag.fileloc, dag.relative_fileloc, dag.bundle_name, dag.b
00:18:26.898|94|idle in transaction|Client|UPDATE asset_partition_dag_run SET created_dag_run_id=15233, updated_at='2026-09-30T00:18:26.822592+00:00'::timestamptz WHERE asset_partition_dag_run.id = 15226
00:18:26.898|103|active|Client|INSERT INTO asset_event (asset_id, extra, source_task_id, source_dag_id, source_run_id, source_map_index, timestamp, partition_key) VALUES (1, '{}'::JSON, 'emit', 'bench_partition_producer', 'part_100
00:18:27.491|94|idle in transaction||SELECT max(log_template.id) AS max_1 FROM log_template
00:18:27.491|103|idle in transaction|Client|SELECT dag.dag_id, dag.is_paused, dag.is_stale, dag.exceeds_max_non_backfill, dag.last_parsed_time, dag.last_parse_duration, dag.last_expired, dag.fileloc, dag.relative_fileloc, dag.bundle_name, dag.b
00:18:28.066|94|idle in transaction|Client|SELECT task_instance.id, task_instance.task_id, task_instance.dag_id, task_instance.run_id, task_instance.map_index, task_instance.start_date, task_instance.end_date, task_instance.duration, task_inst
00:18:28.066|103|idle in transaction|Client|SELECT asset_alias.id, asset_alias.name, asset_alias."group" FROM asset_alias WHERE asset_alias.name IN (NULL) AND (1 != 1)
00:18:28.630|94|idle in transaction|Client|SELECT asset_event.id, asset_event.asset_id, asset_event.extra, asset_event.source_task_id, asset_event.source_dag_id, asset_event.source_run_id, asset_event.source_map_index, asset_event.timestamp, a
00:18:28.630|103|idle in transaction|Client|SELECT asset.id, asset.name, asset.uri, asset."group", asset.extra, asset.created_at, asset.updated_at, asset_active_1.name AS name_1, asset_active_1.uri AS uri_1, dag_1.dag_id, dag_1.is_paused, dag_1
00:18:29.198|94|idle in transaction|Client|SELECT task_instance.id, task_instance.task_id, task_instance.dag_id, task_instance.run_id, task_instance.map_index, task_instance.start_date, task_instance.end_date, task_instance.duration, task_inst
00:18:29.198|103|idle in transaction|Client|SELECT asset_partition_dag_run.id, asset_partition_dag_run.target_dag_id, asset_partition_dag_run.created_dag_run_id, asset_partition_dag_run.partition_key, asset_partition_dag_run.partition_date, ass
00:18:29.767|94|active|Client|SELECT task_instance.dag_version_id FROM task_instance WHERE task_instance.dag_id = 'bench_partition_consumer' AND task_instance.dag_version_id = '01a0efa2-2565-7f80-a0a2-753ce7d9a46b'::uuid::UUID AND
00:18:29.767|103|idle in transaction|Client|INSERT INTO asset_event (asset_id, extra, source_task_id, source_dag_id, source_run_id, source_map_index, timestamp, partition_key) VALUES (1, '{}'::JSON, 'emit', 'bench_partition_producer', 'part_100
00:18:30.341|103|idle in transaction|Client|SELECT asset.id, asset.name, asset.uri, asset."group", asset.extra, asset.created_at, asset.updated_at FROM asset WHERE asset.id = 1
00:18:30.948|94|idle in transaction|Client|SELECT asset_event.id, asset_event.asset_id, asset_event.extra, asset_event.source_task_id, asset_event.source_dag_id, asset_event.source_run_id, asset_event.source_map_index, asset_event.timestamp, a
00:18:31.587|94|idle in transaction|Client|INSERT INTO dagrun_asset_event (dag_run_id, event_id) VALUES (15582, 15575)
00:18:32.179|94|idle in transaction|Client|SELECT dag_version.id, dag_version.version_number, dag_version.dag_id, dag_version.bundle_name, dag_version.bundle_version, dag_version.version_data, dag_version.created_at, dag_version.last_updated F
00:18:32.763|94|idle in transaction|Client|SELECT max(log_template.id) AS max_1 FROM log_template
00:18:33.393|94|idle in transaction|Client|INSERT INTO dagrun_asset_event (dag_run_id, event_id) VALUES (15849, 15842)
00:18:34.021|94|idle in transaction|Client|SELECT task_instance.id, task_instance.task_id, task_instance.dag_id, task_instance.run_id, task_instance.map_index, task_instance.start_date, task_instance.end_date, task_instance.duration, task_inst
00:18:34.622|94|idle in transaction|Client|INSERT INTO dagrun_asset_event (dag_run_id, event_id) VALUES (15990, 15983)
00:18:35.402|94|idle in transaction|Client|SELECT dag_version.id, dag_version.version_number, dag_version.dag_id, dag_version.bundle_name, dag_version.bundle_version, dag_version.version_data, dag_version.created_at, dag_version.last_updated F
00:18:36.001|94|idle in transaction|Client|SELECT dag_version.id, dag_version.version_number, dag_version.dag_id, dag_version.bundle_name, dag_version.bundle_version, dag_version.version_data, dag_version.created_at, dag_version.last_updated F
00:18:36.603|94|idle in transaction|Client|SELECT dag_version.id, dag_version.version_number, dag_version.dag_id, dag_version.bundle_name, dag_version.bundle_version, dag_version.version_data, dag_version.created_at, dag_version.last_updated F
00:18:37.194|94|idle in transaction|Client|UPDATE task_instance SET start_date='2026-09-30T00:18:37.117888+00:00'::timestamptz, end_date='2026-09-30T00:18:37.117893+00:00'::timestamptz, duration=0, state='success', try_number=(task_instance.tr
00:18:37.797|94|idle in transaction|Client|SELECT dag.dag_id AS dag_dag_id, dag.is_paused AS dag_is_paused, dag.is_stale AS dag_is_stale, dag.exceeds_max_non_backfill AS dag_exceeds_max_non_backfill, dag.last_parsed_time AS dag_last_parsed_tim
00:18:38.383|8775|active||SELECT asset_partition_dag_run.id, asset_partition_dag_run.target_dag_id, asset_partition_dag_run.created_dag_run_id, asset_partition_dag_run.partition_key, asset_partition_dag_run.partition_date, ass
00:18:39.127|94|idle in transaction|Client|SELECT dag_version.id, dag_version.version_number, dag_version.dag_id, dag_version.bundle_name, dag_version.bundle_version, dag_version.version_data, dag_version.created_at, dag_version.last_updated F
00:18:39.127|8775|idle in transaction|Client|SELECT asset.id, asset.name, asset.uri, asset."group", asset.extra, asset.created_at, asset.updated_at, asset_active_1.name AS name_1, asset_active_1.uri AS uri_1, dag_1.dag_id, dag_1.is_paused, dag_1
00:18:39.705|94|idle in transaction|Client|SELECT task_instance.id, task_instance.task_id, task_instance.dag_id, task_instance.run_id, task_instance.map_index, task_instance.start_date, task_instance.end_date, task_instance.duration, task_inst
00:18:39.705|8775|idle in transaction|Client|SELECT asset_partition_dag_run.id, asset_partition_dag_run.target_dag_id, asset_partition_dag_run.created_dag_run_id, asset_partition_dag_run.partition_key, asset_partition_dag_run.partition_date, ass
00:18:40.284|94|idle in transaction|Client|UPDATE dag_run SET last_scheduling_decision='2026-09-30T00:18:39.300441+00:00'::timestamptz, updated_at='2026-09-30T00:18:40.200737+00:00'::timestamptz, scheduled_by_job_id=1 WHERE dag_run.id = 15425
00:18:40.284|8775|active|Client|SELECT asset.id, asset.name, asset.uri, asset."group", asset.extra, asset.created_at, asset.updated_at FROM asset WHERE asset.id = 1
00:18:40.869|8775|idle in transaction|Client|INSERT INTO asset_event (asset_id, extra, source_task_id, source_dag_id, source_run_id, source_map_index, timestamp, partition_key) VALUES (1, '{}'::JSON, 'emit', 'bench_partition_producer', 'part_100
00:18:41.592|94|idle in transaction|Client|SELECT dag.dag_id AS dag_dag_id, dag.is_paused AS dag_is_paused, dag.is_stale AS dag_is_stale, dag.exceeds_max_non_backfill AS dag_exceeds_max_non_backfill, dag.last_parsed_time AS dag_last_parsed_tim
00:18:41.592|8775|active||SELECT asset_partition_dag_run.id, asset_partition_dag_run.target_dag_id, asset_partition_dag_run.created_dag_run_id, asset_partition_dag_run.partition_key, asset_partition_dag_run.partition_date, ass
00:18:42.166|94|idle in transaction|Client|SELECT dag_version.id, dag_version.version_number, dag_version.dag_id, dag_version.bundle_name, dag_version.bundle_version, dag_version.version_data, dag_version.created_at, dag_version.last_updated F
00:18:42.166|8775|idle in transaction||SELECT dag.dag_id, dag.is_paused, dag.is_stale, dag.exceeds_max_non_backfill, dag.last_parsed_time, dag.last_parse_duration, dag.last_expired, dag.fileloc, dag.relative_fileloc, dag.bundle_name, dag.b
00:18:42.725|94|idle in transaction|Client|SELECT dag_version.id, dag_version.version_number, dag_version.dag_id, dag_version.bundle_name, dag_version.bundle_version, dag_version.version_data, dag_version.created_at, dag_version.last_updated F
00:18:43.288|94|idle in transaction||INSERT INTO dagrun_asset_event (dag_run_id, event_id) VALUES (16116, 16109)
00:18:43.859|94|active|Client|SELECT dag.bundle_version FROM dag WHERE dag.dag_id = 'bench_partition_consumer'
00:18:44.443|94|idle in transaction|Client|UPDATE asset_partition_dag_run SET created_dag_run_id=16298, updated_at='2026-09-30T00:18:44.367575+00:00'::timestamptz WHERE asset_partition_dag_run.id = 16291
00:18:44.443|8379|idle in transaction|Client|SELECT asset_partition_dag_run.id, asset_partition_dag_run.target_dag_id, asset_partition_dag_run.created_dag_run_id, asset_partition_dag_run.partition_key, asset_partition_dag_run.partition_date, ass
00:18:45.038|94|active||INSERT INTO dag_run (dag_id, queued_at, logical_date, start_date, end_date, state, run_id, creating_job_id, run_type, triggered_by, triggering_user_name, conf, data_interval_start, data_interval_end, 
00:18:45.038|8379|idle in transaction|Client|SELECT asset.id, asset.name, asset.uri, asset."group", asset.extra, asset.created_at, asset.updated_at FROM asset WHERE asset.id = 1
00:18:45.614|94|idle in transaction|Client|UPDATE asset_partition_dag_run SET created_dag_run_id=16472, updated_at='2026-09-30T00:18:45.539231+00:00'::timestamptz WHERE asset_partition_dag_run.id = 16465
00:18:45.614|8379|idle in transaction|Client|INSERT INTO asset_partition_dag_run (target_dag_id, created_dag_run_id, partition_key, partition_date, rollup_fingerprint, created_at, updated_at) VALUES ('bench_partition_consumer', NULL, 'ACCT000057
00:18:46.190|94|idle in transaction|Client|UPDATE dag_run SET start_date='2026-09-30T00:18:45.891431+00:00'::timestamptz, state='running', updated_at='2026-09-30T00:18:46.029373+00:00'::timestamptz WHERE dag_run.id = 15984
00:18:46.190|8379|idle in transaction|Client|SELECT asset.id FROM asset WHERE asset.id = 1 FOR NO KEY UPDATE
00:18:46.783|94|idle in transaction|Client|UPDATE task_instance SET start_date='2026-09-30T00:18:46.708580+00:00'::timestamptz, end_date='2026-09-30T00:18:46.708581+00:00'::timestamptz, duration=0, state='success', try_number=(task_instance.tr
00:18:46.783|8379|idle in transaction|Client|INSERT INTO asset_partition_dag_run (target_dag_id, created_dag_run_id, partition_key, partition_date, rollup_fingerprint, created_at, updated_at) VALUES ('bench_partition_consumer', NULL, 'ACCT000058
00:18:47.354|94|idle in transaction|Client|SELECT dag_version.id, dag_version.version_number, dag_version.dag_id, dag_version.bundle_name, dag_version.bundle_version, dag_version.version_data, dag_version.created_at, dag_version.last_updated F
00:18:47.354|8379|idle in transaction|Client|INSERT INTO asset_event (asset_id, extra, source_task_id, source_dag_id, source_run_id, source_map_index, timestamp, partition_key) VALUES (1, '{}'::JSON, 'emit', 'bench_partition_producer', 'part_100
00:18:47.974|94|idle in transaction|Client|SELECT serialized_dag.id, serialized_dag.dag_id, serialized_dag.data, serialized_dag.data_compressed, serialized_dag.created_at, serialized_dag.last_updated, serialized_dag.dag_hash, serialized_dag.da
00:18:48.542|94|idle in transaction|Client|INSERT INTO dagrun_asset_event (dag_run_id, event_id) VALUES (16596, 16589)
00:18:49.102|94|idle in transaction|Client|UPDATE asset_partition_dag_run SET created_dag_run_id=16684, updated_at='2026-09-30T00:18:49.027237+00:00'::timestamptz WHERE asset_partition_dag_run.id = 16677
00:18:49.677|94|idle in transaction|Client|INSERT INTO dag_run (dag_id, queued_at, logical_date, start_date, end_date, state, run_id, creating_job_id, run_type, triggered_by, triggering_user_name, conf, data_interval_start, data_interval_end, 
00:18:50.257|94|idle in transaction|Client|INSERT INTO task_instance (id, task_id, dag_id, run_id, map_index, try_number, max_tries, hostname, unixname, pool, pool_slots, queue, priority_weight, operator, custom_operator_name, executor_config,
00:18:50.833|94|idle in transaction|Client|UPDATE asset_partition_dag_run SET created_dag_run_id=16944, updated_at='2026-09-30T00:18:50.759205+00:00'::timestamptz WHERE asset_partition_dag_run.id = 16937
00:18:51.390|94|active|Client|UPDATE dag_run SET start_date='2026-09-30T00:18:51.207887+00:00'::timestamptz, state='running', updated_at='2026-09-30T00:18:51.285180+00:00'::timestamptz WHERE dag_run.id = 16075
00:18:51.950|94|idle in transaction|Client|SELECT dag_version.id, dag_version.version_number, dag_version.dag_id, dag_version.bundle_name, dag_version.bundle_version, dag_version.version_data, dag_version.created_at, dag_version.last_updated F
00:18:52.508|94|idle in transaction|Client|SELECT dag_version.id, dag_version.version_number, dag_version.dag_id, dag_version.bundle_name, dag_version.bundle_version, dag_version.version_data, dag_version.created_at, dag_version.last_updated F
00:18:53.070|94|active||SELECT task_instance.id, task_instance.task_id, task_instance.dag_id, task_instance.run_id, task_instance.map_index, task_instance.start_date, task_instance.end_date, task_instance.duration, task_inst
00:18:53.648|94|idle in transaction|Client|SELECT task_instance.dag_version_id FROM task_instance WHERE task_instance.dag_id = 'bench_partition_consumer' AND task_instance.dag_version_id = '01a0efa2-2565-7f80-a0a2-753ce7d9a46b'::uuid::UUID AND
00:18:54.210|8952|idle in transaction||SELECT asset_alias.id, asset_alias.name, asset_alias."group" FROM asset_alias WHERE asset_alias.name IN (NULL) AND (1 != 1)
00:18:54.784|94|idle in transaction|Client|SELECT task_instance.id, task_instance.task_id, task_instance.dag_id, task_instance.run_id, task_instance.map_index, task_instance.start_date, task_instance.end_date, task_instance.duration, task_inst
00:18:54.784|8952|idle in transaction|Client|SELECT asset_alias.id, asset_alias.name, asset_alias."group" FROM asset_alias WHERE asset_alias.name IN (NULL) AND (1 != 1)
00:18:55.357|94|idle in transaction|Client|SELECT task_instance.dag_version_id FROM task_instance WHERE task_instance.dag_id = 'bench_partition_consumer' AND task_instance.dag_version_id = '01a0efa2-2565-7f80-a0a2-753ce7d9a46b'::uuid::UUID AND
00:18:55.357|8952|active||SELECT dag.dag_id, dag.is_paused, dag.is_stale, dag.exceeds_max_non_backfill, dag.last_parsed_time, dag.last_parse_duration, dag.last_expired, dag.fileloc, dag.relative_fileloc, dag.bundle_name, dag.b
00:18:55.937|94|idle in transaction|Client|SELECT slot_pool.pool, slot_pool.slots, slot_pool.include_deferred FROM slot_pool FOR NO KEY UPDATE NOWAIT
00:18:55.937|8952|active||SELECT dag.dag_id, dag.is_paused, dag.is_stale, dag.exceeds_max_non_backfill, dag.last_parsed_time, dag.last_parse_duration, dag.last_expired, dag.fileloc, dag.relative_fileloc, dag.bundle_name, dag.b
00:18:56.503|94|idle in transaction|Client|SELECT dag_version.id, dag_version.version_number, dag_version.dag_id, dag_version.bundle_name, dag_version.bundle_version, dag_version.version_data, dag_version.created_at, dag_version.last_updated F
00:18:56.503|8952|active||SELECT asset_partition_dag_run.id, asset_partition_dag_run.target_dag_id, asset_partition_dag_run.created_dag_run_id, asset_partition_dag_run.partition_key, asset_partition_dag_run.partition_date, ass
00:18:57.061|94|active||SELECT task_instance.id, task_instance.task_id, task_instance.dag_id, task_instance.run_id, task_instance.map_index, task_instance.start_date, task_instance.end_date, task_instance.duration, task_inst
00:18:57.061|8952|idle in transaction|Client|INSERT INTO partitioned_asset_key_log (asset_id, asset_event_id, asset_partition_dag_run_id, source_partition_key, target_dag_id, target_partition_key, created_at) VALUES (1, 17421, 17421, 'ACCT000064
00:18:57.739|94|active||SELECT task_instance.id, task_instance.task_id, task_instance.dag_id, task_instance.run_id, task_instance.map_index, task_instance.start_date, task_instance.end_date, task_instance.duration, task_inst
00:18:57.739|8952|idle in transaction|Client|SELECT dag.dag_id, dag.is_paused, dag.is_stale, dag.exceeds_max_non_backfill, dag.last_parsed_time, dag.last_parse_duration, dag.last_expired, dag.fileloc, dag.relative_fileloc, dag.bundle_name, dag.b
00:18:58.334|94|idle in transaction|Client|INSERT INTO task_instance (id, task_id, dag_id, run_id, map_index, try_number, max_tries, hostname, unixname, pool, pool_slots, queue, priority_weight, operator, custom_operator_name, executor_config,
00:18:58.919|94|idle in transaction|Client|SELECT dag.bundle_version FROM dag WHERE dag.dag_id = 'bench_partition_consumer'
00:18:59.533|94|idle in transaction|Client|INSERT INTO dagrun_asset_event (dag_run_id, event_id) VALUES (17216, 17209)
00:19:00.110|94|idle in transaction|Client|UPDATE asset_partition_dag_run SET created_dag_run_id=17299, updated_at='2026-09-30T00:19:00.037848+00:00'::timestamptz WHERE asset_partition_dag_run.id = 17292
00:19:00.110|8632|idle in transaction|Client|INSERT INTO asset_event (asset_id, extra, source_task_id, source_dag_id, source_run_id, source_map_index, timestamp, partition_key) VALUES (1, '{}'::JSON, 'emit', 'bench_partition_producer', 'part_100
00:19:00.685|94|idle in transaction|Client|SELECT asset_event.id, asset_event.asset_id, asset_event.extra, asset_event.source_task_id, asset_event.source_dag_id, asset_event.source_run_id, asset_event.source_map_index, asset_event.timestamp, a
00:19:00.685|8632|active||SELECT asset.id, asset.name, asset.uri, asset."group", asset.extra, asset.created_at, asset.updated_at, asset_active_1.name AS name_1, asset_active_1.uri AS uri_1, dag_1.dag_id, dag_1.is_paused, dag_1
00:19:01.271|94|idle in transaction|Client|INSERT INTO dagrun_asset_event (dag_run_id, event_id) VALUES (17469, 17462)
00:19:01.271|8632|idle in transaction|Client|SELECT asset.id, asset.name, asset.uri, asset."group", asset.extra, asset.created_at, asset.updated_at, asset_active_1.name AS name_1, asset_active_1.uri AS uri_1, dag_1.dag_id, dag_1.is_paused, dag_1
00:19:01.838|94|active||SELECT dag_version.id, dag_version.version_number, dag_version.dag_id, dag_version.bundle_name, dag_version.bundle_version, dag_version.version_data, dag_version.created_at, dag_version.last_updated F
00:19:01.838|8632|idle in transaction|Client|SELECT dag.dag_id, dag.is_paused, dag.is_stale, dag.exceeds_max_non_backfill, dag.last_parsed_time, dag.last_parse_duration, dag.last_expired, dag.fileloc, dag.relative_fileloc, dag.bundle_name, dag.b
00:19:02.398|94|idle in transaction|Client|UPDATE task_instance SET start_date='2026-09-30T00:19:02.324036+00:00'::timestamptz, end_date='2026-09-30T00:19:02.324036+00:00'::timestamptz, duration=0, state='success', try_number=(task_instance.tr
00:19:02.398|8632|idle in transaction|Client|SELECT asset.id, asset.name, asset.uri, asset."group", asset.extra, asset.created_at, asset.updated_at FROM asset WHERE asset.id = 1
00:19:02.974|94|idle in transaction|Client|SELECT dag_version.id, dag_version.version_number, dag_version.dag_id, dag_version.bundle_name, dag_version.bundle_version, dag_version.version_data, dag_version.created_at, dag_version.last_updated F
00:19:02.974|8632|idle in transaction|Client|INSERT INTO partitioned_asset_key_log (asset_id, asset_event_id, asset_partition_dag_run_id, source_partition_key, target_dag_id, target_partition_key, created_at) VALUES (1, 17941, 17941, 'ACCT000066
00:19:04.153|95|idle in transaction|Client|BEGIN
00:19:04.153|94|idle in transaction||SELECT dag.bundle_version FROM dag WHERE dag.dag_id = 'bench_partition_consumer'
00:19:04.739|94|idle in transaction|Client|INSERT INTO dag_run (dag_id, queued_at, logical_date, start_date, end_date, state, run_id, creating_job_id, run_type, triggered_by, triggering_user_name, conf, data_interval_start, data_interval_end, 
00:19:05.311|94|idle in transaction|Client|INSERT INTO task_instance (id, task_id, dag_id, run_id, map_index, try_number, max_tries, hostname, unixname, pool, pool_slots, queue, priority_weight, operator, custom_operator_name, executor_config,
00:19:05.906|94|idle in transaction|Client|INSERT INTO task_instance (id, task_id, dag_id, run_id, map_index, try_number, max_tries, hostname, unixname, pool, pool_slots, queue, priority_weight, operator, custom_operator_name, executor_config,
00:19:06.522|94|idle in transaction|Client|SELECT dag_version.id, dag_version.version_number, dag_version.dag_id, dag_version.bundle_name, dag_version.bundle_version, dag_version.version_data, dag_version.created_at, dag_version.last_updated F
00:19:07.278|94|idle in transaction||SELECT dag.bundle_version FROM dag WHERE dag.dag_id = 'bench_partition_consumer'
00:19:08.123|94|idle in transaction|Client|INSERT INTO dagrun_asset_event (dag_run_id, event_id) VALUES (17985, 17978)
00:19:08.707|94|idle in transaction|Client|SELECT dag_version.id, dag_version.version_number, dag_version.dag_id, dag_version.bundle_name, dag_version.bundle_version, dag_version.version_data, dag_version.created_at, dag_version.last_updated F
00:19:09.272|94|idle in transaction|Client|SELECT dag_version.id, dag_version.version_number, dag_version.dag_id, dag_version.bundle_name, dag_version.bundle_version, dag_version.version_data, dag_version.created_at, dag_version.last_updated F
00:19:09.835|94|idle in transaction|Client|SELECT dag_version.id, dag_version.version_number, dag_version.dag_id, dag_version.bundle_name, dag_version.bundle_version, dag_version.version_data, dag_version.created_at, dag_version.last_updated F
00:19:10.400|94|idle in transaction|Client|SELECT task_instance.id, task_instance.task_id, task_instance.dag_id, task_instance.run_id, task_instance.map_index, task_instance.start_date, task_instance.end_date, task_instance.duration, task_inst
00:19:10.969|94|active||SELECT dag_version.id, dag_version.version_number, dag_version.dag_id, dag_version.bundle_name, dag_version.bundle_version, dag_version.version_data, dag_version.created_at, dag_version.last_updated F
00:19:11.541|5113|active||SELECT dag.dag_id, dag.is_paused, dag.is_stale, dag.exceeds_max_non_backfill, dag.last_parsed_time, dag.last_parse_duration, dag.last_expired, dag.fileloc, dag.relative_fileloc, dag.bundle_name, dag.b
00:19:12.107|94|active||UPDATE task_instance SET start_date='2026-09-30T00:19:12.033744+00:00'::timestamptz, end_date='2026-09-30T00:19:12.033745+00:00'::timestamptz, duration=0, state='success', try_number=(task_instance.tr
00:19:12.107|5113|idle in transaction|Client|SELECT asset_alias.id, asset_alias.name, asset_alias."group" FROM asset_alias WHERE asset_alias.name IN (NULL) AND (1 != 1)
00:19:12.669|94|idle in transaction|Client|UPDATE task_instance SET start_date='2026-09-30T00:19:12.594700+00:00'::timestamptz, end_date='2026-09-30T00:19:12.594701+00:00'::timestamptz, duration=0, state='success', try_number=(task_instance.tr
00:19:12.669|5113|idle in transaction|Client|SELECT serialized_dag.id, serialized_dag.dag_id, serialized_dag.data, serialized_dag.data_compressed, serialized_dag.created_at, serialized_dag.last_updated, serialized_dag.dag_hash, serialized_dag.da
00:19:13.281|94|idle in transaction||SELECT dag_version.id, dag_version.version_number, dag_version.dag_id, dag_version.bundle_name, dag_version.bundle_version, dag_version.version_data, dag_version.created_at, dag_version.last_updated F
00:19:13.281|5113|idle in transaction|Client|SELECT serialized_dag.id, serialized_dag.dag_id, serialized_dag.data, serialized_dag.data_compressed, serialized_dag.created_at, serialized_dag.last_updated, serialized_dag.dag_hash, serialized_dag.da
00:19:13.854|94|idle in transaction|Client|SELECT task_instance.dag_version_id FROM task_instance WHERE task_instance.dag_id = 'bench_partition_consumer' AND task_instance.dag_version_id = '01a0efa2-2565-7f80-a0a2-753ce7d9a46b'::uuid::UUID AND
00:19:13.854|5113|idle in transaction|Client|SELECT asset_alias.id, asset_alias.name, asset_alias."group" FROM asset_alias WHERE asset_alias.name IN (NULL) AND (1 != 1)
00:19:14.426|94|idle in transaction|Client|SELECT task_instance.id, task_instance.task_id, task_instance.dag_id, task_instance.run_id, task_instance.map_index, task_instance.start_date, task_instance.end_date, task_instance.duration, task_inst
00:19:14.426|5113|idle in transaction|Client|SELECT asset.id, asset.name, asset.uri, asset."group", asset.extra, asset.created_at, asset.updated_at, asset_active_1.name AS name_1, asset_active_1.uri AS uri_1, dag_1.dag_id, dag_1.is_paused, dag_1
00:19:15.590|94|idle in transaction|Client|SELECT dag_version.id, dag_version.version_number, dag_version.dag_id, dag_version.bundle_name, dag_version.bundle_version, dag_version.version_data, dag_version.created_at, dag_version.last_updated F
00:19:16.182|94|idle in transaction|Client|SELECT dag_version.id, dag_version.version_number, dag_version.dag_id, dag_version.bundle_name, dag_version.bundle_version, dag_version.version_data, dag_version.created_at, dag_version.last_updated F
00:19:16.819|94|idle in transaction|Client|UPDATE asset_partition_dag_run SET created_dag_run_id=18173, updated_at='2026-09-30T00:19:16.745945+00:00'::timestamptz WHERE asset_partition_dag_run.id = 18166
00:19:17.386|94|idle in transaction|Client|INSERT INTO dagrun_asset_event (dag_run_id, event_id) VALUES (18263, 18256)
00:19:17.963|94|active||INSERT INTO task_instance (id, task_id, dag_id, run_id, map_index, try_number, max_tries, hostname, unixname, pool, pool_slots, queue, priority_weight, operator, custom_operator_name, executor_config,
00:19:18.552|94|idle in transaction|Client|INSERT INTO dag_run (dag_id, queued_at, logical_date, start_date, end_date, state, run_id, creating_job_id, run_type, triggered_by, triggering_user_name, conf, data_interval_start, data_interval_end, 
00:19:19.131|94|idle in transaction|Client|SELECT max(log_template.id) AS max_1 FROM log_template
00:19:19.699|94|idle in transaction|Client|SELECT task_instance.dag_version_id FROM task_instance WHERE task_instance.dag_id = 'bench_partition_consumer' AND task_instance.dag_version_id = '01a0efa2-2565-7f80-a0a2-753ce7d9a46b'::uuid::UUID AND
00:19:20.283|94|idle in transaction|Client|SELECT task_instance.id, task_instance.task_id, task_instance.dag_id, task_instance.run_id, task_instance.map_index, task_instance.start_date, task_instance.end_date, task_instance.duration, task_inst
00:19:20.855|94|idle in transaction|Client|UPDATE dag_run SET last_scheduling_decision='2026-09-30T00:19:20.220879+00:00'::timestamptz, updated_at='2026-09-30T00:19:20.713056+00:00'::timestamptz, scheduled_by_job_id=1 WHERE dag_run.id = 17935
00:19:21.413|94|idle in transaction|Client|SELECT task_instance.dag_version_id FROM task_instance WHERE task_instance.dag_id = 'bench_partition_consumer' AND task_instance.dag_version_id = '01a0efa2-2565-7f80-a0a2-753ce7d9a46b'::uuid::UUID AND
00:19:22.012|94|idle in transaction|Client|UPDATE task_instance SET start_date='2026-09-30T00:19:21.939523+00:00'::timestamptz, end_date='2026-09-30T00:19:21.939524+00:00'::timestamptz, duration=0, state='success', try_number=(task_instance.tr
00:19:22.594|103|idle in transaction|Client|SELECT serialized_dag.id, serialized_dag.dag_id, serialized_dag.data, serialized_dag.data_compressed, serialized_dag.created_at, serialized_dag.last_updated, serialized_dag.dag_hash, serialized_dag.da
00:19:23.158|94|idle in transaction|Client|SELECT task_instance.id, task_instance.task_id, task_instance.dag_id, task_instance.run_id, task_instance.map_index, task_instance.start_date, task_instance.end_date, task_instance.duration, task_inst
00:19:23.158|103|idle in transaction|Client|SELECT asset_alias.id, asset_alias.name, asset_alias."group" FROM asset_alias WHERE asset_alias.name IN (NULL) AND (1 != 1)
00:19:23.746|94|idle in transaction|Client|UPDATE task_instance SET start_date='2026-09-30T00:19:23.674173+00:00'::timestamptz, end_date='2026-09-30T00:19:23.674174+00:00'::timestamptz, duration=0, state='success', try_number=(task_instance.tr
00:19:23.746|103|idle in transaction|Client|SELECT dag.dag_id, dag.is_paused, dag.is_stale, dag.exceeds_max_non_backfill, dag.last_parsed_time, dag.last_parse_duration, dag.last_expired, dag.fileloc, dag.relative_fileloc, dag.bundle_name, dag.b
00:19:24.314|94|idle in transaction||UPDATE dag_run SET last_scheduling_decision='2026-09-30T00:19:23.854988+00:00'::timestamptz, updated_at='2026-09-30T00:19:24.174485+00:00'::timestamptz, scheduled_by_job_id=1 WHERE dag_run.id = 18347
00:19:24.314|103|idle in transaction||INSERT INTO asset_event (asset_id, extra, source_task_id, source_dag_id, source_run_id, source_map_index, timestamp, partition_key) VALUES (1, '{}'::JSON, 'emit', 'bench_partition_producer', 'part_100
00:19:24.885|94|idle in transaction|Client|SELECT task_instance.id, task_instance.task_id, task_instance.dag_id, task_instance.run_id, task_instance.map_index, task_instance.start_date, task_instance.end_date, task_instance.duration, task_inst
00:19:24.885|103|idle in transaction|Client|INSERT INTO asset_event (asset_id, extra, source_task_id, source_dag_id, source_run_id, source_map_index, timestamp, partition_key) VALUES (1, '{}'::JSON, 'emit', 'bench_partition_producer', 'part_100
00:19:25.450|94|active||SELECT dag_run.dag_id, count('*') AS count_1 FROM dag_run WHERE dag_run.dag_id IN ('bench_partition_consumer') AND dag_run.state IN ('running', 'queued') AND dag_run.run_type != 'backfill' GROUP BY da
00:19:25.450|103|idle in transaction|Client|SELECT asset.id, asset.name, asset.uri, asset."group", asset.extra, asset.created_at, asset.updated_at, asset_active_1.name AS name_1, asset_active_1.uri AS uri_1, dag_1.dag_id, dag_1.is_paused, dag_1
00:19:26.004|94|idle in transaction|Client|SELECT dag_version.id, dag_version.version_number, dag_version.dag_id, dag_version.bundle_name, dag_version.bundle_version, dag_version.version_data, dag_version.created_at, dag_version.last_updated F
00:19:26.004|103|active||SELECT asset_partition_dag_run.id, asset_partition_dag_run.target_dag_id, asset_partition_dag_run.created_dag_run_id, asset_partition_dag_run.partition_key, asset_partition_dag_run.partition_date, ass
00:19:27.204|94|active||SELECT task_instance.id, task_instance.task_id, task_instance.dag_id, task_instance.run_id, task_instance.map_index, task_instance.start_date, task_instance.end_date, task_instance.duration, task_inst
00:19:27.788|94|idle in transaction|Client|SELECT asset_event.id, asset_event.asset_id, asset_event.extra, asset_event.source_task_id, asset_event.source_dag_id, asset_event.source_run_id, asset_event.source_map_index, asset_event.timestamp, a
00:19:28.387|94|idle in transaction|Client|SELECT asset_event.id, asset_event.asset_id, asset_event.extra, asset_event.source_task_id, asset_event.source_dag_id, asset_event.source_run_id, asset_event.source_map_index, asset_event.timestamp, a
00:19:28.997|94|idle in transaction|Client|SELECT asset_event.id, asset_event.asset_id, asset_event.extra, asset_event.source_task_id, asset_event.source_dag_id, asset_event.source_run_id, asset_event.source_map_index, asset_event.timestamp, a
00:19:29.559|94|idle in transaction|Client|INSERT INTO dag_run (dag_id, queued_at, logical_date, start_date, end_date, state, run_id, creating_job_id, run_type, triggered_by, triggering_user_name, conf, data_interval_start, data_interval_end, 
00:19:30.125|94|idle in transaction|Client|UPDATE asset_partition_dag_run SET created_dag_run_id=18948, updated_at='2026-09-30T00:19:30.052298+00:00'::timestamptz WHERE asset_partition_dag_run.id = 18941
00:19:30.716|94|idle in transaction|Client|SELECT dag_version.id, dag_version.version_number, dag_version.dag_id, dag_version.bundle_name, dag_version.bundle_version, dag_version.version_data, dag_version.created_at, dag_version.last_updated F
00:19:31.280|94|idle in transaction|Client|SELECT dag.dag_id AS dag_dag_id, dag.is_paused AS dag_is_paused, dag.is_stale AS dag_is_stale, dag.exceeds_max_non_backfill AS dag_exceeds_max_non_backfill, dag.last_parsed_time AS dag_last_parsed_tim
00:19:31.849|94|idle in transaction|Client|UPDATE dag_run SET last_scheduling_decision='2026-09-30T00:19:31.383869+00:00'::timestamptz, updated_at='2026-09-30T00:19:31.709502+00:00'::timestamptz, scheduled_by_job_id=1 WHERE dag_run.id = 18645
00:19:32.452|94|idle in transaction|Client|SELECT task_instance.id, task_instance.task_id, task_instance.dag_id, task_instance.run_id, task_instance.map_index, task_instance.start_date, task_instance.end_date, task_instance.duration, task_inst
00:19:33.024|94|active||UPDATE task_instance SET start_date='2026-09-30T00:19:32.951450+00:00'::timestamptz, end_date='2026-09-30T00:19:32.951451+00:00'::timestamptz, duration=0, state='success', try_number=(task_instance.tr
00:19:33.600|8775|active||SELECT serialized_dag.id, serialized_dag.dag_id, serialized_dag.data, serialized_dag.data_compressed, serialized_dag.created_at, serialized_dag.last_updated, serialized_dag.dag_hash, serialized_dag.da
00:19:34.165|94|active||SELECT dag_run.id, dag_run.dag_id, dag_run.queued_at, dag_run.logical_date, dag_run.start_date, dag_run.end_date, dag_run.state, dag_run.run_id, dag_run.creating_job_id, dag_run.run_type, dag_run.trig
00:19:34.165|8775|idle in transaction|Client|SELECT asset_partition_dag_run.id, asset_partition_dag_run.target_dag_id, asset_partition_dag_run.created_dag_run_id, asset_partition_dag_run.partition_key, asset_partition_dag_run.partition_date, ass
00:19:34.724|94|idle in transaction|Client|UPDATE dag_run SET last_scheduling_decision='2026-09-30T00:19:34.271272+00:00'::timestamptz, updated_at='2026-09-30T00:19:34.631976+00:00'::timestamptz, scheduled_by_job_id=1 WHERE dag_run.id = 18941
00:19:34.724|8775|active||SELECT asset_partition_dag_run.id, asset_partition_dag_run.target_dag_id, asset_partition_dag_run.created_dag_run_id, asset_partition_dag_run.partition_key, asset_partition_dag_run.partition_date, ass
00:19:35.308|94|active||SELECT task_instance.dag_version_id FROM task_instance WHERE task_instance.dag_id = 'bench_partition_consumer' AND task_instance.dag_version_id = '01a0efa2-2565-7f80-a0a2-753ce7d9a46b'::uuid::UUID AND
00:19:35.308|8775|active||SELECT asset_partition_dag_run.id, asset_partition_dag_run.target_dag_id, asset_partition_dag_run.created_dag_run_id, asset_partition_dag_run.partition_key, asset_partition_dag_run.partition_date, ass
00:19:35.882|8775|idle in transaction|Client|SELECT dag.dag_id, dag.is_paused, dag.is_stale, dag.exceeds_max_non_backfill, dag.last_parsed_time, dag.last_parse_duration, dag.last_expired, dag.fileloc, dag.relative_fileloc, dag.bundle_name, dag.b
00:19:36.446|94|active||SELECT dag_run.dag_id, count('*') AS count_1 FROM dag_run WHERE dag_run.dag_id IN ('bench_partition_consumer') AND dag_run.state IN ('running', 'queued') AND dag_run.run_type != 'backfill' GROUP BY da
00:19:36.446|8775|idle in transaction|Client|SELECT dag.dag_id, dag.is_paused, dag.is_stale, dag.exceeds_max_non_backfill, dag.last_parsed_time, dag.last_parse_duration, dag.last_expired, dag.fileloc, dag.relative_fileloc, dag.bundle_name, dag.b
00:19:37.007|94|idle in transaction|Client|SELECT dag_version.id, dag_version.version_number, dag_version.dag_id, dag_version.bundle_name, dag_version.bundle_version, dag_version.version_data, dag_version.created_at, dag_version.last_updated F
00:19:37.007|8775|idle in transaction|Client|SELECT serialized_dag.id, serialized_dag.dag_id, serialized_dag.data, serialized_dag.data_compressed, serialized_dag.created_at, serialized_dag.last_updated, serialized_dag.dag_hash, serialized_dag.da
00:19:37.581|94|idle in transaction|Client|UPDATE asset_partition_dag_run SET created_dag_run_id=19009, updated_at='2026-09-30T00:19:37.507898+00:00'::timestamptz WHERE asset_partition_dag_run.id = 19002
00:19:38.158|94|idle in transaction|Client|INSERT INTO dagrun_asset_event (dag_run_id, event_id) VALUES (19098, 19091)
00:19:38.734|94|idle in transaction|Client|SELECT asset_event.id, asset_event.asset_id, asset_event.extra, asset_event.source_task_id, asset_event.source_dag_id, asset_event.source_run_id, asset_event.source_map_index, asset_event.timestamp, a
00:19:38.734|9080|idle in transaction|Client|SELECT xcom.dag_run_id, xcom.task_id, xcom.map_index, xcom.key, xcom.dag_result, xcom.dag_id, xcom.run_id, xcom.value, xcom.timestamp, dag_run_1.id, dag_run_1.dag_id AS dag_id_1, dag_run_1.queued_at, 
00:19:39.302|94|idle in transaction|Client|SELECT task_instance.id, task_instance.task_id, task_instance.dag_id, task_instance.run_id, task_instance.map_index, task_instance.start_date, task_instance.end_date, task_instance.duration, task_inst
00:19:39.302|8379|idle in transaction|Client|INSERT INTO partitioned_asset_key_log (asset_id, asset_event_id, asset_partition_dag_run_id, source_partition_key, target_dag_id, target_partition_key, created_at) VALUES (1, 19555, 19555, 'ACCT000089
00:19:39.859|94|idle in transaction|Client|SELECT max(log_template.id) AS max_1 FROM log_template
00:19:39.859|8379|active||SELECT dag.dag_id, dag.is_paused, dag.is_stale, dag.exceeds_max_non_backfill, dag.last_parsed_time, dag.last_parse_duration, dag.last_expired, dag.fileloc, dag.relative_fileloc, dag.bundle_name, dag.b
00:19:40.414|94|active||INSERT INTO dag_run (dag_id, queued_at, logical_date, start_date, end_date, state, run_id, creating_job_id, run_type, triggered_by, triggering_user_name, conf, data_interval_start, data_interval_end, 
00:19:40.414|8379|idle in transaction||SELECT serialized_dag.id, serialized_dag.dag_id, serialized_dag.data, serialized_dag.data_compressed, serialized_dag.created_at, serialized_dag.last_updated, serialized_dag.dag_hash, serialized_dag.da
00:19:40.989|94|active||UPDATE dag_run SET start_date='2026-09-30T00:19:40.826841+00:00'::timestamptz, state='running', updated_at='2026-09-30T00:19:40.832350+00:00'::timestamptz WHERE dag_run.id = 19204
00:19:40.989|8379|idle in transaction|Client|INSERT INTO asset_partition_dag_run (target_dag_id, created_dag_run_id, partition_key, partition_date, rollup_fingerprint, created_at, updated_at) VALUES ('bench_partition_consumer', NULL, 'ACCT000086
00:19:41.557|94|idle in transaction|Client|SELECT dag_version.id, dag_version.version_number, dag_version.dag_id, dag_version.bundle_name, dag_version.bundle_version, dag_version.version_data, dag_version.created_at, dag_version.last_updated F
00:19:41.557|8379|idle in transaction|Client|SELECT asset.id, asset.name, asset.uri, asset."group", asset.extra, asset.created_at, asset.updated_at, asset_active_1.name AS name_1, asset_active_1.uri AS uri_1, dag_1.dag_id, dag_1.is_paused, dag_1
00:19:42.144|94|idle in transaction|Client|SELECT dag_version.id, dag_version.version_number, dag_version.dag_id, dag_version.bundle_name, dag_version.bundle_version, dag_version.version_data, dag_version.created_at, dag_version.last_updated F
00:19:42.144|8379|idle in transaction|Client|SELECT asset_alias.id, asset_alias.name, asset_alias."group" FROM asset_alias WHERE asset_alias.name IN (NULL) AND (1 != 1)
00:19:42.755|94|idle in transaction|Client|SELECT dag_version.id, dag_version.version_number, dag_version.dag_id, dag_version.bundle_name, dag_version.bundle_version, dag_version.version_data, dag_version.created_at, dag_version.last_updated F
00:19:43.336|94|idle in transaction|Client|INSERT INTO dag_run (dag_id, queued_at, logical_date, start_date, end_date, state, run_id, creating_job_id, run_type, triggered_by, triggering_user_name, conf, data_interval_start, data_interval_end, 
00:19:43.926|94|idle in transaction|Client|UPDATE asset_partition_dag_run SET created_dag_run_id=19652, updated_at='2026-09-30T00:19:43.853430+00:00'::timestamptz WHERE asset_partition_dag_run.id = 19645
00:19:44.508|94|idle in transaction|Client|UPDATE asset_partition_dag_run SET created_dag_run_id=19723, updated_at='2026-09-30T00:19:44.435712+00:00'::timestamptz WHERE asset_partition_dag_run.id = 19716
00:19:45.065|94|active||INSERT INTO task_instance (id, task_id, dag_id, run_id, map_index, try_number, max_tries, hostname, unixname, pool, pool_slots, queue, priority_weight, operator, custom_operator_name, executor_config,
00:19:45.662|94|idle in transaction|Client|SELECT dag.bundle_version FROM dag WHERE dag.dag_id = 'bench_partition_consumer'
00:19:46.264|94|active||SELECT task_instance.id, task_instance.task_id, task_instance.dag_id, task_instance.run_id, task_instance.map_index, task_instance.start_date, task_instance.end_date, task_instance.duration, task_inst
00:19:46.849|94|idle in transaction||SELECT max(log_template.id) AS max_1 FROM log_template
00:19:47.411|94|idle in transaction|Client|SELECT dag.dag_id AS dag_dag_id, dag.is_paused AS dag_is_paused, dag.is_stale AS dag_is_stale, dag.exceeds_max_non_backfill AS dag_exceeds_max_non_backfill, dag.last_parsed_time AS dag_last_parsed_tim
00:19:47.997|94|idle in transaction|Client|SELECT dag_version.id, dag_version.version_number, dag_version.dag_id, dag_version.bundle_name, dag_version.bundle_version, dag_version.version_data, dag_version.created_at, dag_version.last_updated F
00:19:48.563|94|idle in transaction|Client|SELECT dag_version.id, dag_version.version_number, dag_version.dag_id, dag_version.bundle_name, dag_version.bundle_version, dag_version.version_data, dag_version.created_at, dag_version.last_updated F
00:19:48.563|5014|idle in transaction|Client|SELECT dag_run.id, dag_run.dag_id, dag_run.queued_at, dag_run.logical_date, dag_run.start_date, dag_run.end_date, dag_run.state, dag_run.run_id, dag_run.creating_job_id, dag_run.run_type, dag_run.trig
00:19:49.141|94|idle in transaction|Client|UPDATE task_instance SET start_date='2026-09-30T00:19:49.068336+00:00'::timestamptz, end_date='2026-09-30T00:19:49.068337+00:00'::timestamptz, duration=0, state='success', try_number=(task_instance.tr
00:19:49.703|94|idle in transaction|Client|SELECT dag_version.id, dag_version.version_number, dag_version.dag_id, dag_version.bundle_name, dag_version.bundle_version, dag_version.version_data, dag_version.created_at, dag_version.last_updated F
00:19:49.703|5014|idle in transaction|Client|SELECT xcom.dag_run_id, xcom.task_id, xcom.map_index, xcom.key, xcom.dag_result, xcom.dag_id, xcom.run_id, xcom.value, xcom.timestamp, dag_run_1.id, dag_run_1.dag_id AS dag_id_1, dag_run_1.queued_at, 
00:19:50.302|5113|idle in transaction|Client|SELECT asset.id FROM asset WHERE asset.id = 1 FOR NO KEY UPDATE
00:19:50.864|94|idle in transaction|Client|SELECT task_instance.id, task_instance.task_id, task_instance.dag_id, task_instance.run_id, task_instance.map_index, task_instance.start_date, task_instance.end_date, task_instance.duration, task_inst
00:19:50.864|5113|idle in transaction|Client|INSERT INTO asset_event (asset_id, extra, source_task_id, source_dag_id, source_run_id, source_map_index, timestamp, partition_key) VALUES (1, '{}'::JSON, 'emit', 'bench_partition_producer', 'part_100
00:19:51.425|94|idle in transaction|Client|SELECT task_instance.id, task_instance.task_id, task_instance.dag_id, task_instance.run_id, task_instance.map_index, task_instance.start_date, task_instance.end_date, task_instance.duration, task_inst
00:19:51.425|5113|idle in transaction|Client|SELECT asset.id, asset.name, asset.uri, asset."group", asset.extra, asset.created_at, asset.updated_at, asset_active_1.name AS name_1, asset_active_1.uri AS uri_1, dag_1.dag_id, dag_1.is_paused, dag_1
00:19:52.010|5113|active||SELECT asset.id, asset.name, asset.uri, asset."group", asset.extra, asset.created_at, asset.updated_at, asset_active_1.name AS name_1, asset_active_1.uri AS uri_1, dag_1.dag_id, dag_1.is_paused, dag_1
00:19:52.585|94|idle in transaction|Client|SELECT task_instance.id, task_instance.task_id, task_instance.dag_id, task_instance.run_id, task_instance.map_index, task_instance.start_date, task_instance.end_date, task_instance.duration, task_inst
00:19:52.585|5113|active||SELECT asset_partition_dag_run.id, asset_partition_dag_run.target_dag_id, asset_partition_dag_run.created_dag_run_id, asset_partition_dag_run.partition_key, asset_partition_dag_run.partition_date, ass
00:19:53.146|94|idle in transaction|Client|SELECT dag.dag_id AS dag_dag_id, dag.is_paused AS dag_is_paused, dag.is_stale AS dag_is_stale, dag.exceeds_max_non_backfill AS dag_exceeds_max_non_backfill, dag.last_parsed_time AS dag_last_parsed_tim
00:19:53.146|5113|active|Client|SELECT asset.id, asset.name, asset.uri, asset."group", asset.extra, asset.created_at, asset.updated_at FROM asset WHERE asset.id = 1
00:19:53.729|94|idle in transaction|Client|SELECT dag_version.id, dag_version.version_number, dag_version.dag_id, dag_version.bundle_name, dag_version.bundle_version, dag_version.version_data, dag_version.created_at, dag_version.last_updated F
00:19:53.729|17144|active||autovacuum: VACUUM public.task_instance
00:19:54.310|95|active||SELECT 1
00:19:54.310|94|idle in transaction|Client|SELECT asset_event.id, asset_event.asset_id, asset_event.extra, asset_event.source_task_id, asset_event.source_dag_id, asset_event.source_run_id, asset_event.source_map_index, asset_event.timestamp, a
00:19:54.310|17144|active|Timeout|autovacuum: VACUUM public.task_instance
00:19:54.883|94|idle in transaction|Client|INSERT INTO task_instance (id, task_id, dag_id, run_id, map_index, try_number, max_tries, hostname, unixname, pool, pool_slots, queue, priority_weight, operator, custom_operator_name, executor_config,
00:19:55.453|94|idle in transaction|Client|SELECT task_instance.id, task_instance.task_id, task_instance.dag_id, task_instance.run_id, task_instance.map_index, task_instance.start_date, task_instance.end_date, task_instance.duration, task_inst
00:19:55.453|8952|idle in transaction||SELECT serialized_dag.id, serialized_dag.dag_id, serialized_dag.data, serialized_dag.data_compressed, serialized_dag.created_at, serialized_dag.last_updated, serialized_dag.dag_hash, serialized_dag.da
00:19:56.020|94|idle in transaction|Client|SELECT max(log_template.id) AS max_1 FROM log_template
00:19:56.020|8952|idle in transaction|Client|SELECT serialized_dag.id, serialized_dag.dag_id, serialized_dag.data, serialized_dag.data_compressed, serialized_dag.created_at, serialized_dag.last_updated, serialized_dag.dag_hash, serialized_dag.da
00:19:56.585|94|idle in transaction|Client|SELECT dag.bundle_version FROM dag WHERE dag.dag_id = 'bench_partition_consumer'
00:19:56.585|8952|idle in transaction|Client|SELECT serialized_dag.id, serialized_dag.dag_id, serialized_dag.data, serialized_dag.data_compressed, serialized_dag.created_at, serialized_dag.last_updated, serialized_dag.dag_hash, serialized_dag.da
00:19:57.151|94|active|Client|SELECT dag_version.id, dag_version.version_number, dag_version.dag_id, dag_version.bundle_name, dag_version.bundle_version, dag_version.version_data, dag_version.created_at, dag_version.last_updated F
00:19:57.151|8952|idle in transaction|Client|SELECT asset_alias.id, asset_alias.name, asset_alias."group" FROM asset_alias WHERE asset_alias.name IN (NULL) AND (1 != 1)
00:19:57.736|94|active||SELECT task_instance.id, task_instance.task_id, task_instance.dag_id, task_instance.run_id, task_instance.map_index, task_instance.start_date, task_instance.end_date, task_instance.duration, task_inst
00:19:57.736|8952|idle in transaction|Client|SELECT asset_partition_dag_run.id, asset_partition_dag_run.target_dag_id, asset_partition_dag_run.created_dag_run_id, asset_partition_dag_run.partition_key, asset_partition_dag_run.partition_date, ass
00:19:58.307|94|idle in transaction|Client|UPDATE dag_run SET last_scheduling_decision='2026-09-30T00:19:57.680238+00:00'::timestamptz, updated_at='2026-09-30T00:19:58.187702+00:00'::timestamptz, scheduled_by_job_id=1 WHERE dag_run.id = 20104
00:19:58.307|8952|idle in transaction|Client|SELECT serialized_dag.id, serialized_dag.dag_id, serialized_dag.data, serialized_dag.data_compressed, serialized_dag.created_at, serialized_dag.last_updated, serialized_dag.dag_hash, serialized_dag.da
00:19:58.876|8952|idle in transaction|Client|SELECT dag.dag_id, dag.is_paused, dag.is_stale, dag.exceeds_max_non_backfill, dag.last_parsed_time, dag.last_parse_duration, dag.last_expired, dag.fileloc, dag.relative_fileloc, dag.bundle_name, dag.b
00:19:59.466|95|idle in transaction|Client|BEGIN
00:19:59.466|94|active|Client|SELECT task_instance.id, task_instance.task_id, task_instance.dag_id, task_instance.run_id, task_instance.map_index, task_instance.start_date, task_instance.end_date, task_instance.duration, task_inst
00:20:00.021|94|active||SELECT task_instance.id, task_instance.task_id, task_instance.dag_id, task_instance.run_id, task_instance.map_index, task_instance.start_date, task_instance.end_date, task_instance.duration, task_inst
00:20:00.585|94|idle in transaction|Client|SELECT asset_event.id, asset_event.asset_id, asset_event.extra, asset_event.source_task_id, asset_event.source_dag_id, asset_event.source_run_id, asset_event.source_map_index, asset_event.timestamp, a
00:20:01.144|94|idle in transaction|Client|INSERT INTO task_instance (id, task_id, dag_id, run_id, map_index, try_number, max_tries, hostname, unixname, pool, pool_slots, queue, priority_weight, operator, custom_operator_name, executor_config,
00:20:01.707|94|active||INSERT INTO dag_run (dag_id, queued_at, logical_date, start_date, end_date, state, run_id, creating_job_id, run_type, triggered_by, triggering_user_name, conf, data_interval_start, data_interval_end, 
00:20:02.266|94|idle in transaction|Client|SELECT dag_version.id, dag_version.version_number, dag_version.dag_id, dag_version.bundle_name, dag_version.bundle_version, dag_version.version_data, dag_version.created_at, dag_version.last_updated F
00:20:02.863|94|idle in transaction|Client|UPDATE task_instance SET start_date='2026-09-30T00:20:02.791637+00:00'::timestamptz, end_date='2026-09-30T00:20:02.791637+00:00'::timestamptz, duration=0, state='success', try_number=(task_instance.tr
00:20:03.432|94|idle in transaction||SELECT dag_version.id, dag_version.version_number, dag_version.dag_id, dag_version.bundle_name, dag_version.bundle_version, dag_version.version_data, dag_version.created_at, dag_version.last_updated F
00:20:04.007|94|idle in transaction|Client|SELECT task_instance.id, task_instance.task_id, task_instance.dag_id, task_instance.run_id, task_instance.map_index, task_instance.start_date, task_instance.end_date, task_instance.duration, task_inst
00:20:04.573|94|idle in transaction|Client|UPDATE task_instance SET start_date='2026-09-30T00:20:04.500840+00:00'::timestamptz, end_date='2026-09-30T00:20:04.500841+00:00'::timestamptz, duration=0, state='success', try_number=(task_instance.tr
00:20:05.147|8632|idle in transaction|Client|SELECT asset.id, asset.name, asset.uri, asset."group", asset.extra, asset.created_at, asset.updated_at, asset_active_1.name AS name_1, asset_active_1.uri AS uri_1, dag_1.dag_id, dag_1.is_paused, dag_1
00:20:05.720|94|idle in transaction|Client|SELECT task_instance.id, task_instance.task_id, task_instance.dag_id, task_instance.run_id, task_instance.map_index, task_instance.start_date, task_instance.end_date, task_instance.duration, task_inst
00:20:05.720|8632|idle in transaction|Client|INSERT INTO partitioned_asset_key_log (asset_id, asset_event_id, asset_partition_dag_run_id, source_partition_key, target_dag_id, target_partition_key, created_at) VALUES (1, 21119, 21119, 'ACCT000101
00:20:06.276|94|idle in transaction|Client|SELECT dag.dag_id AS dag_dag_id, dag.is_paused AS dag_is_paused, dag.is_stale AS dag_is_stale, dag.exceeds_max_non_backfill AS dag_exceeds_max_non_backfill, dag.last_parsed_time AS dag_last_parsed_tim
00:20:06.276|8632|idle in transaction|Client|SELECT serialized_dag.id, serialized_dag.dag_id, serialized_dag.data, serialized_dag.data_compressed, serialized_dag.created_at, serialized_dag.last_updated, serialized_dag.dag_hash, serialized_dag.da
00:20:06.845|8632|idle in transaction|Client|SELECT asset.id, asset.name, asset.uri, asset."group", asset.extra, asset.created_at, asset.updated_at FROM asset WHERE asset.id = 1
00:20:07.417|94|idle in transaction|Client|SELECT dag_version.id, dag_version.version_number, dag_version.dag_id, dag_version.bundle_name, dag_version.bundle_version, dag_version.version_data, dag_version.created_at, dag_version.last_updated F
00:20:07.417|8632|idle in transaction||INSERT INTO asset_partition_dag_run (target_dag_id, created_dag_run_id, partition_key, partition_date, rollup_fingerprint, created_at, updated_at) VALUES ('bench_partition_consumer', NULL, 'ACCT000100
00:20:07.979|94|idle in transaction|Client|SELECT task_instance.dag_version_id FROM task_instance WHERE task_instance.dag_id = 'bench_partition_consumer' AND task_instance.dag_version_id = '01a0efa2-2565-7f80-a0a2-753ce7d9a46b'::uuid::UUID AND
00:20:07.979|8632|idle in transaction|Client|SELECT serialized_dag.id, serialized_dag.dag_id, serialized_dag.data, serialized_dag.data_compressed, serialized_dag.created_at, serialized_dag.last_updated, serialized_dag.dag_hash, serialized_dag.da
00:20:08.552|94|idle in transaction|Client|SELECT task_instance.id, task_instance.task_id, task_instance.dag_id, task_instance.run_id, task_instance.map_index, task_instance.start_date, task_instance.end_date, task_instance.duration, task_inst
00:20:08.552|8632|idle in transaction|Client|SELECT asset.id, asset.name, asset.uri, asset."group", asset.extra, asset.created_at, asset.updated_at, asset_active_1.name AS name_1, asset_active_1.uri AS uri_1, dag_1.dag_id, dag_1.is_paused, dag_1
00:20:09.126|94|idle in transaction|Client|INSERT INTO task_instance (id, task_id, dag_id, run_id, map_index, try_number, max_tries, hostname, unixname, pool, pool_slots, queue, priority_weight, operator, custom_operator_name, executor_config,
00:20:09.702|94|idle in transaction|Client|SELECT asset_event.id, asset_event.asset_id, asset_event.extra, asset_event.source_task_id, asset_event.source_dag_id, asset_event.source_run_id, asset_event.source_map_index, asset_event.timestamp, a
00:20:10.271|94|idle in transaction|Client|INSERT INTO dagrun_asset_event (dag_run_id, event_id) VALUES (21241, 21234)
00:20:10.271|5113|idle in transaction|Client|INSERT INTO asset_event (asset_id, extra, source_task_id, source_dag_id, source_run_id, source_map_index, timestamp, partition_key) VALUES (1, '{}'::JSON, 'emit', 'bench_partition_producer', 'part_100
00:20:10.850|94|idle in transaction|Client|SELECT max(log_template.id) AS max_1 FROM log_template
00:20:10.850|5113|idle in transaction|Client|INSERT INTO partitioned_asset_key_log (asset_id, asset_event_id, asset_partition_dag_run_id, source_partition_key, target_dag_id, target_partition_key, created_at) VALUES (1, 21587, 21587, 'ACCT000106
00:20:11.458|94|idle in transaction|Client|INSERT INTO task_instance (id, task_id, dag_id, run_id, map_index, try_number, max_tries, hostname, unixname, pool, pool_slots, queue, priority_weight, operator, custom_operator_name, executor_config,
00:20:11.458|5113|idle in transaction|Client|SELECT asset_partition_dag_run.id, asset_partition_dag_run.target_dag_id, asset_partition_dag_run.created_dag_run_id, asset_partition_dag_run.partition_key, asset_partition_dag_run.partition_date, ass
00:20:12.023|94|active|Client|INSERT INTO task_instance (id, task_id, dag_id, run_id, map_index, try_number, max_tries, hostname, unixname, pool, pool_slots, queue, priority_weight, operator, custom_operator_name, executor_config,
00:20:12.023|5113|idle in transaction|Client|SELECT asset.id, asset.name, asset.uri, asset."group", asset.extra, asset.created_at, asset.updated_at FROM asset WHERE asset.id = 1
00:20:12.598|94|idle in transaction|Client|SELECT task_instance.id, task_instance.task_id, task_instance.dag_id, task_instance.run_id, task_instance.map_index, task_instance.start_date, task_instance.end_date, task_instance.duration, task_inst
00:20:12.598|5113|idle in transaction||SELECT asset.id, asset.name, asset.uri, asset."group", asset.extra, asset.created_at, asset.updated_at FROM asset WHERE asset.id = 1
00:20:13.163|94|idle in transaction|Client|SELECT dag.dag_id AS dag_dag_id, dag.is_paused AS dag_is_paused, dag.is_stale AS dag_is_stale, dag.exceeds_max_non_backfill AS dag_exceeds_max_non_backfill, dag.last_parsed_time AS dag_last_parsed_tim
00:20:13.163|5113|idle in transaction|Client|INSERT INTO partitioned_asset_key_log (asset_id, asset_event_id, asset_partition_dag_run_id, source_partition_key, target_dag_id, target_partition_key, created_at) VALUES (1, 21882, 21882, 'ACCT000107
00:20:13.742|5113|idle in transaction|Client|SELECT asset.id, asset.name, asset.uri, asset."group", asset.extra, asset.created_at, asset.updated_at, asset_active_1.name AS name_1, asset_active_1.uri AS uri_1, dag_1.dag_id, dag_1.is_paused, dag_1
00:20:14.306|94|idle in transaction|Client|SELECT dag.dag_id AS dag_dag_id, dag.is_paused AS dag_is_paused, dag.is_stale AS dag_is_stale, dag.exceeds_max_non_backfill AS dag_exceeds_max_non_backfill, dag.last_parsed_time AS dag_last_parsed_tim
00:20:14.874|94|idle in transaction|Client|SELECT task_instance.dag_version_id FROM task_instance WHERE task_instance.dag_id = 'bench_partition_consumer' AND task_instance.dag_version_id = '01a0efa2-2565-7f80-a0a2-753ce7d9a46b'::uuid::UUID AND
00:20:15.436|94|idle in transaction||SELECT job.id AS job_id, job.dag_id AS job_dag_id, job.state AS job_state, job.job_type AS job_job_type, job.start_date AS job_start_date, job.end_date AS job_end_date, job.latest_heartbeat AS job_lat
00:20:16.000|94|idle in transaction||UPDATE asset_partition_dag_run SET created_dag_run_id=21597, updated_at='2026-09-30T00:20:15.926967+00:00'::timestamptz WHERE asset_partition_dag_run.id = 21590
00:20:16.583|94|idle in transaction|Client|INSERT INTO dag_run (dag_id, queued_at, logical_date, start_date, end_date, state, run_id, creating_job_id, run_type, triggered_by, triggering_user_name, conf, data_interval_start, data_interval_end, 
00:20:16.583|5014|idle in transaction|Client|SELECT xcom.dag_run_id, xcom.task_id, xcom.map_index, xcom.key, xcom.dag_result, xcom.dag_id, xcom.run_id, xcom.value, xcom.timestamp, dag_run_1.id, dag_run_1.dag_id AS dag_id_1, dag_run_1.queued_at, 
00:20:17.165|94|idle in transaction|Client|SELECT asset_event.id, asset_event.asset_id, asset_event.extra, asset_event.source_task_id, asset_event.source_dag_id, asset_event.source_run_id, asset_event.source_map_index, asset_event.timestamp, a
00:20:17.165|5113|idle in transaction|Client|SELECT asset.id, asset.name, asset.uri, asset."group", asset.extra, asset.created_at, asset.updated_at, asset_active_1.name AS name_1, asset_active_1.uri AS uri_1, dag_1.dag_id, dag_1.is_paused, dag_1
00:20:17.729|94|idle in transaction|Client|SELECT asset_event.id, asset_event.asset_id, asset_event.extra, asset_event.source_task_id, asset_event.source_dag_id, asset_event.source_run_id, asset_event.source_map_index, asset_event.timestamp, a
00:20:17.729|5113|idle in transaction|Client|INSERT INTO asset_partition_dag_run (target_dag_id, created_dag_run_id, partition_key, partition_date, rollup_fingerprint, created_at, updated_at) VALUES ('bench_partition_consumer', NULL, 'ACCT000112
00:20:18.290|94|idle in transaction|Client|SELECT asset_event.id, asset_event.asset_id, asset_event.extra, asset_event.source_task_id, asset_event.source_dag_id, asset_event.source_run_id, asset_event.source_map_index, asset_event.timestamp, a
00:20:18.290|5113|idle in transaction|Client|SELECT asset.id FROM asset WHERE asset.id = 1 FOR NO KEY UPDATE
00:20:18.855|94|active||SELECT dag_run.id, dag_run.dag_id, dag_run.queued_at, dag_run.logical_date, dag_run.start_date, dag_run.end_date, dag_run.state, dag_run.run_id, dag_run.creating_job_id, dag_run.run_type, dag_run.trig
00:20:18.855|5113|active||SELECT asset.id, asset.name, asset.uri, asset."group", asset.extra, asset.created_at, asset.updated_at, asset_active_1.name AS name_1, asset_active_1.uri AS uri_1, dag_1.dag_id, dag_1.is_paused, dag_1
00:20:19.437|94|idle in transaction|Client|SELECT dag_version.id, dag_version.version_number, dag_version.dag_id, dag_version.bundle_name, dag_version.bundle_version, dag_version.version_data, dag_version.created_at, dag_version.last_updated F
00:20:19.437|5113|idle in transaction|Client|INSERT INTO asset_event (asset_id, extra, source_task_id, source_dag_id, source_run_id, source_map_index, timestamp, partition_key) VALUES (1, '{}'::JSON, 'emit', 'bench_partition_producer', 'part_100
00:20:19.996|94|idle in transaction|Client|SELECT dag_version.id, dag_version.version_number, dag_version.dag_id, dag_version.bundle_name, dag_version.bundle_version, dag_version.version_data, dag_version.created_at, dag_version.last_updated F
00:20:19.996|5113|idle in transaction||INSERT INTO asset_partition_dag_run (target_dag_id, created_dag_run_id, partition_key, partition_date, rollup_fingerprint, created_at, updated_at) VALUES ('bench_partition_consumer', NULL, 'ACCT000113
00:20:20.570|94|idle in transaction|Client|SELECT dag_version.id, dag_version.version_number, dag_version.dag_id, dag_version.bundle_name, dag_version.bundle_version, dag_version.version_data, dag_version.created_at, dag_version.last_updated F
00:20:21.161|94|idle in transaction|Client|SELECT asset_event.id, asset_event.asset_id, asset_event.extra, asset_event.source_task_id, asset_event.source_dag_id, asset_event.source_run_id, asset_event.source_map_index, asset_event.timestamp, a
00:20:21.746|94|idle in transaction|Client|UPDATE asset_partition_dag_run SET created_dag_run_id=22155, updated_at='2026-09-30T00:20:21.674723+00:00'::timestamptz WHERE asset_partition_dag_run.id = 22148
00:20:22.355|94|idle in transaction||INSERT INTO dag_run (dag_id, queued_at, logical_date, start_date, end_date, state, run_id, creating_job_id, run_type, triggered_by, triggering_user_name, conf, data_interval_start, data_interval_end, 
00:20:22.936|94|active||UPDATE asset_partition_dag_run SET created_dag_run_id=22281, updated_at='2026-09-30T00:20:22.864494+00:00'::timestamptz WHERE asset_partition_dag_run.id = 22274
00:20:23.534|94|idle in transaction|Client|SELECT asset_event.id, asset_event.asset_id, asset_event.extra, asset_event.source_task_id, asset_event.source_dag_id, asset_event.source_run_id, asset_event.source_map_index, asset_event.timestamp, a
00:20:24.148|94|idle in transaction|Client|SELECT asset_event.id, asset_event.asset_id, asset_event.extra, asset_event.source_task_id, asset_event.source_dag_id, asset_event.source_run_id, asset_event.source_map_index, asset_event.timestamp, a
00:20:24.755|94|idle in transaction|Client|UPDATE asset_partition_dag_run SET created_dag_run_id=22467, updated_at='2026-09-30T00:20:24.683744+00:00'::timestamptz WHERE asset_partition_dag_run.id = 22460
00:20:25.328|94|idle in transaction|Client|UPDATE dag_run SET start_date='2026-09-30T00:20:25.164217+00:00'::timestamptz, state='running', updated_at='2026-09-30T00:20:25.205239+00:00'::timestamptz WHERE dag_run.id = 21733
00:20:25.910|94|active||UPDATE task_instance SET start_date='2026-09-30T00:20:25.838854+00:00'::timestamptz, end_date='2026-09-30T00:20:25.838855+00:00'::timestamptz, duration=0, state='success', try_number=(task_instance.tr
00:20:26.482|94|idle in transaction|Client|SELECT dag_version.id, dag_version.version_number, dag_version.dag_id, dag_version.bundle_name, dag_version.bundle_version, dag_version.version_data, dag_version.created_at, dag_version.last_updated F
00:20:27.044|94|active||SELECT task_instance.id, task_instance.task_id, task_instance.dag_id, task_instance.run_id, task_instance.map_index, task_instance.start_date, task_instance.end_date, task_instance.duration, task_inst
00:20:27.633|94|idle in transaction|Client|SELECT task_instance.dag_version_id FROM task_instance WHERE task_instance.dag_id = 'bench_partition_consumer' AND task_instance.dag_version_id = '01a0efa2-2565-7f80-a0a2-753ce7d9a46b'::uuid::UUID AND
00:20:27.633|15180|active||select count(*) from dagrun_asset_event x join dag_run r on r.id=x.dag_run_id where r.dag_id='bench_partition_consumer'
00:20:28.218|94|active|Client|SELECT dag_version.id, dag_version.version_number, dag_version.dag_id, dag_version.bundle_name, dag_version.bundle_version, dag_version.version_data, dag_version.created_at, dag_version.last_updated F
00:20:28.218|103|idle in transaction|Client|SELECT dag.dag_id, dag.is_paused, dag.is_stale, dag.exceeds_max_non_backfill, dag.last_parsed_time, dag.last_parse_duration, dag.last_expired, dag.fileloc, dag.relative_fileloc, dag.bundle_name, dag.b
00:20:28.792|94|idle in transaction|Client|SELECT task_instance.id, task_instance.task_id, task_instance.dag_id, task_instance.run_id, task_instance.map_index, task_instance.start_date, task_instance.end_date, task_instance.duration, task_inst
00:20:28.792|103|active||SELECT asset.id, asset.name, asset.uri, asset."group", asset.extra, asset.created_at, asset.updated_at, asset_active_1.name AS name_1, asset_active_1.uri AS uri_1, dag_1.dag_id, dag_1.is_paused, dag_1
00:20:29.378|94|idle in transaction|Client|UPDATE task_instance SET start_date='2026-09-30T00:20:29.305706+00:00'::timestamptz, end_date='2026-09-30T00:20:29.305707+00:00'::timestamptz, duration=0, state='success', try_number=(task_instance.tr
00:20:29.378|103|idle in transaction|Client|SELECT dag.dag_id, dag.is_paused, dag.is_stale, dag.exceeds_max_non_backfill, dag.last_parsed_time, dag.last_parse_duration, dag.last_expired, dag.fileloc, dag.relative_fileloc, dag.bundle_name, dag.b
00:20:29.950|94|idle in transaction|Client|SELECT dag_version.id, dag_version.version_number, dag_version.dag_id, dag_version.bundle_name, dag_version.bundle_version, dag_version.version_data, dag_version.created_at, dag_version.last_updated F
00:20:29.950|103|idle in transaction|Client|SELECT dag.dag_id, dag.is_paused, dag.is_stale, dag.exceeds_max_non_backfill, dag.last_parsed_time, dag.last_parse_duration, dag.last_expired, dag.fileloc, dag.relative_fileloc, dag.bundle_name, dag.b
00:20:30.524|94|idle in transaction|Client|SELECT dag_version.id, dag_version.version_number, dag_version.dag_id, dag_version.bundle_name, dag_version.bundle_version, dag_version.version_data, dag_version.created_at, dag_version.last_updated F
00:20:30.524|103|idle in transaction|Client|SELECT asset_alias.id, asset_alias.name, asset_alias."group" FROM asset_alias WHERE asset_alias.name IN (NULL) AND (1 != 1)
00:20:31.095|94|active||UPDATE task_instance SET start_date='2026-09-30T00:20:31.023118+00:00'::timestamptz, end_date='2026-09-30T00:20:31.023119+00:00'::timestamptz, duration=0, state='success', try_number=(task_instance.tr
00:20:31.095|103|active||SELECT asset_partition_dag_run.id, asset_partition_dag_run.target_dag_id, asset_partition_dag_run.created_dag_run_id, asset_partition_dag_run.partition_key, asset_partition_dag_run.partition_date, ass
00:20:31.670|94|idle in transaction|Client|SELECT dag_version.id, dag_version.version_number, dag_version.dag_id, dag_version.bundle_name, dag_version.bundle_version, dag_version.version_data, dag_version.created_at, dag_version.last_updated F
00:20:31.670|103|idle in transaction|Client|SELECT asset.id, asset.name, asset.uri, asset."group", asset.extra, asset.created_at, asset.updated_at FROM asset WHERE asset.id = 1
00:20:32.873|94|idle in transaction||UPDATE asset_partition_dag_run SET created_dag_run_id=22535, updated_at='2026-09-30T00:20:32.800578+00:00'::timestamptz WHERE asset_partition_dag_run.id = 22528
00:20:33.473|94|idle in transaction|Client|SELECT max(log_template.id) AS max_1 FROM log_template
00:20:34.085|94|idle in transaction|Client|SELECT dag.bundle_version FROM dag WHERE dag.dag_id = 'bench_partition_consumer'
00:20:34.685|94|idle in transaction|Client|SELECT max(log_template.id) AS max_1 FROM log_template
00:20:35.285|94|idle in transaction|Client|INSERT INTO dag_run (dag_id, queued_at, logical_date, start_date, end_date, state, run_id, creating_job_id, run_type, triggered_by, triggering_user_name, conf, data_interval_start, data_interval_end, 
00:20:35.849|94|idle in transaction|Client|SELECT dag_version.id, dag_version.version_number, dag_version.dag_id, dag_version.bundle_name, dag_version.bundle_version, dag_version.version_data, dag_version.created_at, dag_version.last_updated F
00:20:36.441|94|idle in transaction|Client|SELECT task_instance.id, task_instance.task_id, task_instance.dag_id, task_instance.run_id, task_instance.map_index, task_instance.start_date, task_instance.end_date, task_instance.duration, task_inst
00:20:37.005|94|idle in transaction|Client|INSERT INTO dagrun_asset_event (dag_run_id, event_id) VALUES (22993, 22986)
00:20:37.579|94|idle in transaction|Client|SELECT dag_version.id, dag_version.version_number, dag_version.dag_id, dag_version.bundle_name, dag_version.bundle_version, dag_version.version_data, dag_version.created_at, dag_version.last_updated F
00:20:38.147|94|idle in transaction|Client|UPDATE task_instance SET start_date='2026-09-30T00:20:38.075009+00:00'::timestamptz, end_date='2026-09-30T00:20:38.075010+00:00'::timestamptz, duration=0, state='success', try_number=(task_instance.tr
00:20:38.719|94|idle in transaction|Client|UPDATE dag_run SET start_date='2026-09-30T00:20:38.553929+00:00'::timestamptz, state='running', updated_at='2026-09-30T00:20:38.603030+00:00'::timestamptz WHERE dag_run.id = 22716
00:20:39.292|94|idle in transaction|Client|SELECT task_instance.id, task_instance.task_id, task_instance.dag_id, task_instance.run_id, task_instance.map_index, task_instance.start_date, task_instance.end_date, task_instance.duration, task_inst
00:20:40.448|94|idle in transaction|Client|SELECT dag_version.id, dag_version.version_number, dag_version.dag_id, dag_version.bundle_name, dag_version.bundle_version, dag_version.version_data, dag_version.created_at, dag_version.last_updated F
00:20:40.448|8775|idle in transaction|Client|SELECT dag.dag_id, dag.is_paused, dag.is_stale, dag.exceeds_max_non_backfill, dag.last_parsed_time, dag.last_parse_duration, dag.last_expired, dag.fileloc, dag.relative_fileloc, dag.bundle_name, dag.b
00:20:41.023|94|idle in transaction|Client|SELECT task_instance.id, task_instance.task_id, task_instance.dag_id, task_instance.run_id, task_instance.map_index, task_instance.start_date, task_instance.end_date, task_instance.duration, task_inst
00:20:41.023|8775|idle in transaction|Client|SELECT asset.id, asset.name, asset.uri, asset."group", asset.extra, asset.created_at, asset.updated_at FROM asset WHERE asset.id = 1
00:20:41.587|94|idle in transaction|Client|SELECT task_instance.id, task_instance.task_id, task_instance.dag_id, task_instance.run_id, task_instance.map_index, task_instance.start_date, task_instance.end_date, task_instance.duration, task_inst
00:20:41.587|8775|idle in transaction|Client|SELECT dag.dag_id, dag.is_paused, dag.is_stale, dag.exceeds_max_non_backfill, dag.last_parsed_time, dag.last_parse_duration, dag.last_expired, dag.fileloc, dag.relative_fileloc, dag.bundle_name, dag.b
00:20:42.144|8775|active||SELECT asset_partition_dag_run.id, asset_partition_dag_run.target_dag_id, asset_partition_dag_run.created_dag_run_id, asset_partition_dag_run.partition_key, asset_partition_dag_run.partition_date, ass
00:20:42.722|94|idle in transaction|Client|SELECT dag_version.id, dag_version.version_number, dag_version.dag_id, dag_version.bundle_name, dag_version.bundle_version, dag_version.version_data, dag_version.created_at, dag_version.last_updated F
00:20:42.722|8775|idle in transaction|Client|SELECT asset_partition_dag_run.id, asset_partition_dag_run.target_dag_id, asset_partition_dag_run.created_dag_run_id, asset_partition_dag_run.partition_key, asset_partition_dag_run.partition_date, ass
00:20:43.292|94|active||SELECT dag_run.dag_id, count('*') AS count_1 FROM dag_run WHERE dag_run.dag_id IN ('bench_partition_consumer') AND dag_run.state IN ('running', 'queued') AND dag_run.run_type != 'backfill' GROUP BY da
00:20:43.292|8775|idle in transaction|Client|SELECT asset.id FROM asset WHERE asset.id = 1 FOR NO KEY UPDATE
00:20:43.850|94|idle in transaction|Client|SELECT dag_version.id, dag_version.version_number, dag_version.dag_id, dag_version.bundle_name, dag_version.bundle_version, dag_version.version_data, dag_version.created_at, dag_version.last_updated F
00:20:44.417|94|idle in transaction||SELECT dag.bundle_version FROM dag WHERE dag.dag_id = 'bench_partition_consumer'
00:20:44.980|94|idle in transaction|Client|SELECT dag_version.id, dag_version.version_number, dag_version.dag_id, dag_version.bundle_name, dag_version.bundle_version, dag_version.version_data, dag_version.created_at, dag_version.last_updated F
00:20:45.565|94|idle in transaction|Client|SELECT task_instance.id, task_instance.task_id, task_instance.dag_id, task_instance.run_id, task_instance.map_index, task_instance.start_date, task_instance.end_date, task_instance.duration, task_inst
00:20:45.565|8379|idle in transaction|Client|SELECT asset_alias.id, asset_alias.name, asset_alias."group" FROM asset_alias WHERE asset_alias.name IN (NULL) AND (1 != 1)
00:20:46.139|94|idle in transaction|Client|UPDATE asset_partition_dag_run SET created_dag_run_id=23351, updated_at='2026-09-30T00:20:46.068952+00:00'::timestamptz WHERE asset_partition_dag_run.id = 23344
00:20:46.139|8379|idle in transaction||INSERT INTO partitioned_asset_key_log (asset_id, asset_event_id, asset_partition_dag_run_id, source_partition_key, target_dag_id, target_partition_key, created_at) VALUES (1, 23608, 23608, 'ACCT000125
00:20:46.710|95|idle in transaction|Client|DELETE FROM dag_warning USING dag WHERE dag_warning.dag_id = dag.dag_id AND dag.is_stale = true
00:20:46.710|94|idle in transaction|Client|SELECT dag_version.id, dag_version.version_number, dag_version.dag_id, dag_version.bundle_name, dag_version.bundle_version, dag_version.version_data, dag_version.created_at, dag_version.last_updated F
00:20:46.710|8379|idle in transaction|Client|SELECT asset_partition_dag_run.id, asset_partition_dag_run.target_dag_id, asset_partition_dag_run.created_dag_run_id, asset_partition_dag_run.partition_key, asset_partition_dag_run.partition_date, ass
00:20:47.290|94|idle in transaction|Client|SELECT dag_version.id, dag_version.version_number, dag_version.dag_id, dag_version.bundle_name, dag_version.bundle_version, dag_version.version_data, dag_version.created_at, dag_version.last_updated F
00:20:47.290|8379|active||SELECT asset_partition_dag_run.id, asset_partition_dag_run.target_dag_id, asset_partition_dag_run.created_dag_run_id, asset_partition_dag_run.partition_key, asset_partition_dag_run.partition_date, ass
00:20:47.853|94|idle in transaction|Client|SELECT dag.dag_id AS dag_dag_id, dag.is_paused AS dag_is_paused, dag.is_stale AS dag_is_stale, dag.exceeds_max_non_backfill AS dag_exceeds_max_non_backfill, dag.last_parsed_time AS dag_last_parsed_tim
00:20:47.853|15180|active||select coalesce(state,'none'), count(*) from dag_run where dag_id='bench_partition_consumer' group by 1
00:20:47.853|8379|idle in transaction|Client|INSERT INTO asset_partition_dag_run (target_dag_id, created_dag_run_id, partition_key, partition_date, rollup_fingerprint, created_at, updated_at) VALUES ('bench_partition_consumer', NULL, 'ACCT000129
00:20:48.438|94|idle in transaction|Client|SELECT dag.dag_id AS dag_dag_id, dag.is_paused AS dag_is_paused, dag.is_stale AS dag_is_stale, dag.exceeds_max_non_backfill AS dag_exceeds_max_non_backfill, dag.last_parsed_time AS dag_last_parsed_tim
00:20:48.438|8379|active|Client|SELECT asset.id, asset.name, asset.uri, asset."group", asset.extra, asset.created_at, asset.updated_at FROM asset WHERE asset.id = 1
00:20:49.007|8379|idle in transaction|Client|SELECT serialized_dag.id, serialized_dag.dag_id, serialized_dag.data, serialized_dag.data_compressed, serialized_dag.created_at, serialized_dag.last_updated, serialized_dag.dag_hash, serialized_dag.da
00:20:49.594|94|idle in transaction|Client|INSERT INTO task_instance (id, task_id, dag_id, run_id, map_index, try_number, max_tries, hostname, unixname, pool, pool_slots, queue, priority_weight, operator, custom_operator_name, executor_config,
00:20:50.209|94|idle in transaction|Client|SELECT asset_event.id, asset_event.asset_id, asset_event.extra, asset_event.source_task_id, asset_event.source_dag_id, asset_event.source_run_id, asset_event.source_map_index, asset_event.timestamp, a
00:20:50.824|94|idle in transaction|Client|SELECT task_instance.id, task_instance.task_id, task_instance.dag_id, task_instance.run_id, task_instance.map_index, task_instance.start_date, task_instance.end_date, task_instance.duration, task_inst
00:20:51.443|94|idle in transaction|Client|SELECT dag_version.id, dag_version.version_number, dag_version.dag_id, dag_version.bundle_name, dag_version.bundle_version, dag_version.version_data, dag_version.created_at, dag_version.last_updated F
00:20:52.025|94|idle in transaction|Client|INSERT INTO dag_run (dag_id, queued_at, logical_date, start_date, end_date, state, run_id, creating_job_id, run_type, triggered_by, triggering_user_name, conf, data_interval_start, data_interval_end, 
00:20:52.581|94|idle in transaction|Client|SELECT asset_event.id, asset_event.asset_id, asset_event.extra, asset_event.source_task_id, asset_event.source_dag_id, asset_event.source_run_id, asset_event.source_map_index, asset_event.timestamp, a
00:20:53.135|94|idle in transaction|Client|INSERT INTO task_instance (id, task_id, dag_id, run_id, map_index, try_number, max_tries, hostname, unixname, pool, pool_slots, queue, priority_weight, operator, custom_operator_name, executor_config,
00:20:53.695|94|idle in transaction|Client|SELECT asset_event.id, asset_event.asset_id, asset_event.extra, asset_event.source_task_id, asset_event.source_dag_id, asset_event.source_run_id, asset_event.source_map_index, asset_event.timestamp, a
00:20:53.695|17872|active||autovacuum: ANALYZE public.task_instance
00:20:54.268|94|active||SELECT task_instance.dag_version_id FROM task_instance WHERE task_instance.dag_id = 'bench_partition_consumer' AND task_instance.dag_version_id = '01a0efa2-2565-7f80-a0a2-753ce7d9a46b'::uuid::UUID AND
00:20:54.859|94|idle in transaction|Client|UPDATE task_instance SET start_date='2026-09-30T00:20:54.787555+00:00'::timestamptz, end_date='2026-09-30T00:20:54.787556+00:00'::timestamptz, duration=0, state='success', try_number=(task_instance.tr
00:20:55.437|94|idle in transaction|Client|UPDATE dag_run SET last_scheduling_decision='2026-09-30T00:20:54.545093+00:00'::timestamptz, updated_at='2026-09-30T00:20:55.317701+00:00'::timestamptz, scheduled_by_job_id=1 WHERE dag_run.id = 23294
00:20:55.996|94|idle in transaction|Client|SELECT dag_version.id, dag_version.version_number, dag_version.dag_id, dag_version.bundle_name, dag_version.bundle_version, dag_version.version_data, dag_version.created_at, dag_version.last_updated F
00:20:56.569|94|idle in transaction|Client|SELECT task_instance.id, task_instance.task_id, task_instance.dag_id, task_instance.run_id, task_instance.map_index, task_instance.start_date, task_instance.end_date, task_instance.duration, task_inst
00:20:57.168|8952|idle in transaction||INSERT INTO partitioned_asset_key_log (asset_id, asset_event_id, asset_partition_dag_run_id, source_partition_key, target_dag_id, target_partition_key, created_at) VALUES (1, 24021, 24021, 'ACCT000133
00:20:57.744|94|active||UPDATE dag_run SET start_date='2026-09-30T00:20:57.533513+00:00'::timestamptz, state='running', updated_at='2026-09-30T00:20:57.654897+00:00'::timestamptz WHERE dag_run.id = 23643
00:20:57.744|8952|idle in transaction|Client|SELECT serialized_dag.id, serialized_dag.dag_id, serialized_dag.data, serialized_dag.data_compressed, serialized_dag.created_at, serialized_dag.last_updated, serialized_dag.dag_hash, serialized_dag.da
00:20:58.305|94|idle in transaction|Client|SELECT task_instance.dag_version_id FROM task_instance WHERE task_instance.dag_id = 'bench_partition_consumer' AND task_instance.dag_version_id = '01a0efa2-2565-7f80-a0a2-753ce7d9a46b'::uuid::UUID AND
00:20:58.305|8952|idle in transaction|Client|INSERT INTO asset_partition_dag_run (target_dag_id, created_dag_run_id, partition_key, partition_date, rollup_fingerprint, created_at, updated_at) VALUES ('bench_partition_consumer', NULL, 'ACCT000134
00:20:58.872|94|idle in transaction|Client|UPDATE dag_run SET last_scheduling_decision='2026-09-30T00:20:58.513156+00:00'::timestamptz, updated_at='2026-09-30T00:20:58.735234+00:00'::timestamptz, scheduled_by_job_id=1 WHERE dag_run.id = 23760
00:20:58.872|8952|idle in transaction|Client|INSERT INTO asset_partition_dag_run (target_dag_id, created_dag_run_id, partition_key, partition_date, rollup_fingerprint, created_at, updated_at) VALUES ('bench_partition_consumer', NULL, 'ACCT000130
00:20:59.455|8952|idle in transaction|Client|SELECT asset.id, asset.name, asset.uri, asset."group", asset.extra, asset.created_at, asset.updated_at, asset_active_1.name AS name_1, asset_active_1.uri AS uri_1, dag_1.dag_id, dag_1.is_paused, dag_1
00:21:00.018|94|active||SELECT dag_version.id, dag_version.version_number, dag_version.dag_id, dag_version.bundle_name, dag_version.bundle_version, dag_version.version_data, dag_version.created_at, dag_version.last_updated F
00:21:00.018|8952|idle in transaction|Client|INSERT INTO asset_partition_dag_run (target_dag_id, created_dag_run_id, partition_key, partition_date, rollup_fingerprint, created_at, updated_at) VALUES ('bench_partition_consumer', NULL, 'ACCT000131
00:21:00.581|94|idle in transaction|Client|SELECT task_instance.id, task_instance.task_id, task_instance.dag_id, task_instance.run_id, task_instance.map_index, task_instance.start_date, task_instance.end_date, task_instance.duration, task_inst
00:21:00.581|8952|idle in transaction|Client|SELECT dag.dag_id, dag.is_paused, dag.is_stale, dag.exceeds_max_non_backfill, dag.last_parsed_time, dag.last_parse_duration, dag.last_expired, dag.fileloc, dag.relative_fileloc, dag.bundle_name, dag.b
00:21:01.145|95|idle in transaction|Client|DELETE FROM dag_warning USING dag WHERE dag_warning.dag_id = dag.dag_id AND dag.is_stale = true
00:21:01.145|94|idle in transaction|Client|INSERT INTO dagrun_asset_event (dag_run_id, event_id) VALUES (24028, 24021)
00:21:01.712|94|active||SELECT task_instance.id, task_instance.task_id, task_instance.dag_id, task_instance.run_id, task_instance.map_index, task_instance.start_date, task_instance.end_date, task_instance.duration, task_inst
00:21:02.284|94|idle in transaction|Client|SELECT dag.bundle_version FROM dag WHERE dag.dag_id = 'bench_partition_consumer'
00:21:02.284|8632|idle in transaction|Client|SELECT asset_alias.id, asset_alias.name, asset_alias."group" FROM asset_alias WHERE asset_alias.name IN (NULL) AND (1 != 1)
00:21:02.874|94|idle in transaction|Client|INSERT INTO task_instance (id, task_id, dag_id, run_id, map_index, try_number, max_tries, hostname, unixname, pool, pool_slots, queue, priority_weight, operator, custom_operator_name, executor_config,
00:21:02.874|8632|idle in transaction||SELECT serialized_dag.id, serialized_dag.dag_id, serialized_dag.data, serialized_dag.data_compressed, serialized_dag.created_at, serialized_dag.last_updated, serialized_dag.dag_hash, serialized_dag.da
00:21:03.447|94|idle in transaction|Client|SELECT task_instance.id, task_instance.task_id, task_instance.dag_id, task_instance.run_id, task_instance.map_index, task_instance.start_date, task_instance.end_date, task_instance.duration, task_inst
00:21:03.447|8632|idle in transaction|Client|SELECT asset.id FROM asset WHERE asset.id = 1 FOR NO KEY UPDATE
00:21:04.007|94|idle in transaction|Client|SELECT dag_version.id, dag_version.version_number, dag_version.dag_id, dag_version.bundle_name, dag_version.bundle_version, dag_version.version_data, dag_version.created_at, dag_version.last_updated F
00:21:04.007|8632|active|Client|INSERT INTO asset_partition_dag_run (target_dag_id, created_dag_run_id, partition_key, partition_date, rollup_fingerprint, created_at, updated_at) VALUES ('bench_partition_consumer', NULL, 'ACCT000136
00:21:04.594|94|idle in transaction|Client|SELECT task_instance.dag_version_id FROM task_instance WHERE task_instance.dag_id = 'bench_partition_consumer' AND task_instance.dag_version_id = '01a0efa2-2565-7f80-a0a2-753ce7d9a46b'::uuid::UUID AND
00:21:04.594|8632|idle in transaction|Client|SELECT serialized_dag.id, serialized_dag.dag_id, serialized_dag.data, serialized_dag.data_compressed, serialized_dag.created_at, serialized_dag.last_updated, serialized_dag.dag_hash, serialized_dag.da
00:21:05.178|94|active|Client|SELECT dag_version.id, dag_version.version_number, dag_version.dag_id, dag_version.bundle_name, dag_version.bundle_version, dag_version.version_data, dag_version.created_at, dag_version.last_updated F
00:21:05.178|8632|idle in transaction|Client|SELECT serialized_dag.id, serialized_dag.dag_id, serialized_dag.data, serialized_dag.data_compressed, serialized_dag.created_at, serialized_dag.last_updated, serialized_dag.dag_hash, serialized_dag.da
00:21:05.743|8632|idle in transaction|Client|SELECT asset.id FROM asset WHERE asset.id = 1 FOR NO KEY UPDATE
00:21:06.339|94|idle in transaction|Client|SELECT dag_version.id, dag_version.version_number, dag_version.dag_id, dag_version.bundle_name, dag_version.bundle_version, dag_version.version_data, dag_version.created_at, dag_version.last_updated F
00:21:06.925|94|idle in transaction|Client|SELECT task_instance.id, task_instance.task_id, task_instance.dag_id, task_instance.run_id, task_instance.map_index, task_instance.start_date, task_instance.end_date, task_instance.duration, task_inst
00:21:07.532|94|active||UPDATE task_instance SET start_date='2026-09-30T00:21:07.461260+00:00'::timestamptz, end_date='2026-09-30T00:21:07.461261+00:00'::timestamptz, duration=0, state='success', try_number=(task_instance.tr
00:21:08.114|94|idle in transaction|Client|SELECT dag_version.id, dag_version.version_number, dag_version.dag_id, dag_version.bundle_name, dag_version.bundle_version, dag_version.version_data, dag_version.created_at, dag_version.last_updated F
00:21:08.114|15180|active||select count(*) from partitioned_asset_key_log where target_dag_id='bench_partition_consumer'
00:21:08.697|94|idle in transaction|Client|SELECT dag_version.id, dag_version.version_number, dag_version.dag_id, dag_version.bundle_name, dag_version.bundle_version, dag_version.version_data, dag_version.created_at, dag_version.last_updated F
00:21:09.273|94|idle in transaction|Client|SELECT dag_version.id, dag_version.version_number, dag_version.dag_id, dag_version.bundle_name, dag_version.bundle_version, dag_version.version_data, dag_version.created_at, dag_version.last_updated F
00:21:09.841|94|idle in transaction|Client|INSERT INTO dagrun_asset_event (dag_run_id, event_id) VALUES (24740, 24733)
00:21:09.841|103|idle in transaction|Client|SELECT asset.id, asset.name, asset.uri, asset."group", asset.extra, asset.created_at, asset.updated_at, asset_active_1.name AS name_1, asset_active_1.uri AS uri_1, dag_1.dag_id, dag_1.is_paused, dag_1
00:21:10.420|94|idle in transaction|Client|SELECT dag_version.id, dag_version.version_number, dag_version.dag_id, dag_version.bundle_name, dag_version.bundle_version, dag_version.version_data, dag_version.created_at, dag_version.last_updated F
00:21:10.420|103|idle in transaction|Client|SELECT asset.id, asset.name, asset.uri, asset."group", asset.extra, asset.created_at, asset.updated_at, asset_active_1.name AS name_1, asset_active_1.uri AS uri_1, dag_1.dag_id, dag_1.is_paused, dag_1
00:21:10.981|94|idle in transaction|Client|INSERT INTO dagrun_asset_event (dag_run_id, event_id) VALUES (24922, 24915)
00:21:10.981|103|idle in transaction|Client|SELECT asset.id, asset.name, asset.uri, asset."group", asset.extra, asset.created_at, asset.updated_at FROM asset WHERE asset.id = 1
00:21:11.559|94|active||SELECT dag_run.id, dag_run.dag_id, dag_run.queued_at, dag_run.logical_date, dag_run.start_date, dag_run.end_date, dag_run.state, dag_run.run_id, dag_run.creating_job_id, dag_run.run_type, dag_run.trig
00:21:11.559|103|active||SELECT asset_partition_dag_run.id, asset_partition_dag_run.target_dag_id, asset_partition_dag_run.created_dag_run_id, asset_partition_dag_run.partition_key, asset_partition_dag_run.partition_date, ass
00:21:12.144|94|idle in transaction|Client|SELECT task_instance.id, task_instance.task_id, task_instance.dag_id, task_instance.run_id, task_instance.map_index, task_instance.start_date, task_instance.end_date, task_instance.duration, task_inst
00:21:12.144|103|active||SELECT serialized_dag.id, serialized_dag.dag_id, serialized_dag.data, serialized_dag.data_compressed, serialized_dag.created_at, serialized_dag.last_updated, serialized_dag.dag_hash, serialized_dag.da
00:21:12.715|94|idle in transaction|Client|SELECT dag.dag_id AS dag_dag_id, dag.is_paused AS dag_is_paused, dag.is_stale AS dag_is_stale, dag.exceeds_max_non_backfill AS dag_exceeds_max_non_backfill, dag.last_parsed_time AS dag_last_parsed_tim
00:21:12.715|103|idle in transaction|Client|INSERT INTO asset_partition_dag_run (target_dag_id, created_dag_run_id, partition_key, partition_date, rollup_fingerprint, created_at, updated_at) VALUES ('bench_partition_consumer', NULL, 'ACCT000141
00:21:13.287|103|idle in transaction|Client|SELECT asset_partition_dag_run.id, asset_partition_dag_run.target_dag_id, asset_partition_dag_run.created_dag_run_id, asset_partition_dag_run.partition_key, asset_partition_dag_run.partition_date, ass
00:21:13.853|94|active||SELECT dag_run.id, dag_run.dag_id, dag_run.queued_at, dag_run.logical_date, dag_run.start_date, dag_run.end_date, dag_run.state, dag_run.run_id, dag_run.creating_job_id, dag_run.run_type, dag_run.trig
00:21:14.420|94|idle in transaction|Client|SELECT task_instance.id, task_instance.task_id, task_instance.dag_id, task_instance.run_id, task_instance.map_index, task_instance.start_date, task_instance.end_date, task_instance.duration, task_inst
00:21:14.987|94|idle in transaction|Client|SELECT task_instance.id, task_instance.task_id, task_instance.dag_id, task_instance.run_id, task_instance.map_index, task_instance.start_date, task_instance.end_date, task_instance.duration, task_inst
00:21:15.589|94|idle in transaction|Client|INSERT INTO task_instance (id, task_id, dag_id, run_id, map_index, try_number, max_tries, hostname, unixname, pool, pool_slots, queue, priority_weight, operator, custom_operator_name, executor_config,
00:21:16.160|94|idle in transaction|Client|UPDATE asset_partition_dag_run SET created_dag_run_id=25195, updated_at='2026-09-30T00:21:16.089258+00:00'::timestamptz WHERE asset_partition_dag_run.id = 25188
00:21:16.160|8478|idle in transaction|Client|SELECT xcom.dag_run_id, xcom.task_id, xcom.map_index, xcom.key, xcom.dag_result, xcom.dag_id, xcom.run_id, xcom.value, xcom.timestamp, dag_run_1.id, dag_run_1.dag_id AS dag_id_1, dag_run_1.queued_at, 
00:21:16.726|94|idle in transaction|Client|INSERT INTO dag_run (dag_id, queued_at, logical_date, start_date, end_date, state, run_id, creating_job_id, run_type, triggered_by, triggering_user_name, conf, data_interval_start, data_interval_end, 
00:21:16.726|8775|active||SELECT asset_partition_dag_run.id, asset_partition_dag_run.target_dag_id, asset_partition_dag_run.created_dag_run_id, asset_partition_dag_run.partition_key, asset_partition_dag_run.partition_date, ass
00:21:17.293|94|idle in transaction|Client|SELECT asset_event.id, asset_event.asset_id, asset_event.extra, asset_event.source_task_id, asset_event.source_dag_id, asset_event.source_run_id, asset_event.source_map_index, asset_event.timestamp, a
00:21:17.293|8775|idle in transaction|Client|SELECT asset.id, asset.name, asset.uri, asset."group", asset.extra, asset.created_at, asset.updated_at FROM asset WHERE asset.id = 1
00:21:17.858|94|idle in transaction|Client|SELECT max(log_template.id) AS max_1 FROM log_template
00:21:17.858|8775|active||SELECT asset_partition_dag_run.id, asset_partition_dag_run.target_dag_id, asset_partition_dag_run.created_dag_run_id, asset_partition_dag_run.partition_key, asset_partition_dag_run.partition_date, ass
00:21:18.423|94|idle in transaction|Client|SELECT task_instance.dag_version_id FROM task_instance WHERE task_instance.dag_id = 'bench_partition_consumer' AND task_instance.dag_version_id = '01a0efa2-2565-7f80-a0a2-753ce7d9a46b'::uuid::UUID AND
00:21:18.423|8775|idle in transaction|Client|SELECT dag.dag_id, dag.is_paused, dag.is_stale, dag.exceeds_max_non_backfill, dag.last_parsed_time, dag.last_parse_duration, dag.last_expired, dag.fileloc, dag.relative_fileloc, dag.bundle_name, dag.b
00:21:18.982|94|idle in transaction|Client|SELECT dag.dag_id AS dag_dag_id, dag.is_paused AS dag_is_paused, dag.is_stale AS dag_is_stale, dag.exceeds_max_non_backfill AS dag_exceeds_max_non_backfill, dag.last_parsed_time AS dag_last_parsed_tim
00:21:18.982|8775|idle in transaction|Client|INSERT INTO partitioned_asset_key_log (asset_id, asset_event_id, asset_partition_dag_run_id, source_partition_key, target_dag_id, target_partition_key, created_at) VALUES (1, 25838, 25838, 'ACCT000147
00:21:19.546|94|active||SELECT dag_version.id, dag_version.version_number, dag_version.dag_id, dag_version.bundle_name, dag_version.bundle_version, dag_version.version_data, dag_version.created_at, dag_version.last_updated F
00:21:19.546|8775|idle in transaction|Client|SELECT serialized_dag.id, serialized_dag.dag_id, serialized_dag.data, serialized_dag.data_compressed, serialized_dag.created_at, serialized_dag.last_updated, serialized_dag.dag_hash, serialized_dag.da
00:21:20.120|8775|active||SELECT asset_partition_dag_run.id, asset_partition_dag_run.target_dag_id, asset_partition_dag_run.created_dag_run_id, asset_partition_dag_run.partition_key, asset_partition_dag_run.partition_date, ass
00:21:20.783|94|idle in transaction|Client|SELECT dag.dag_id AS dag_dag_id, dag.is_paused AS dag_is_paused, dag.is_stale AS dag_is_stale, dag.exceeds_max_non_backfill AS dag_exceeds_max_non_backfill, dag.last_parsed_time AS dag_last_parsed_tim
00:21:21.367|94|active|Client|SELECT task_instance.id, task_instance.task_id, task_instance.dag_id, task_instance.run_id, task_instance.map_index, task_instance.start_date, task_instance.end_date, task_instance.duration, task_inst
00:21:21.968|94|active|Client|COMMIT
00:21:22.528|94|idle in transaction|Client|INSERT INTO task_instance (id, task_id, dag_id, run_id, map_index, try_number, max_tries, hostname, unixname, pool, pool_slots, queue, priority_weight, operator, custom_operator_name, executor_config,
00:21:23.117|94|idle in transaction|Client|SELECT dag_version.id, dag_version.version_number, dag_version.dag_id, dag_version.bundle_name, dag_version.bundle_version, dag_version.version_data, dag_version.created_at, dag_version.last_updated F
00:21:23.117|9080|idle in transaction|Client|SELECT xcom.dag_run_id, xcom.task_id, xcom.map_index, xcom.key, xcom.dag_result, xcom.dag_id, xcom.run_id, xcom.value, xcom.timestamp, dag_run_1.id, dag_run_1.dag_id AS dag_id_1, dag_run_1.queued_at, 
00:21:23.687|94|idle in transaction|Client|INSERT INTO dagrun_asset_event (dag_run_id, event_id) VALUES (25768, 25761)
00:21:23.687|8379|idle in transaction|Client|INSERT INTO asset_partition_dag_run (target_dag_id, created_dag_run_id, partition_key, partition_date, rollup_fingerprint, created_at, updated_at) VALUES ('bench_partition_consumer', NULL, 'ACCT000150
00:21:24.256|94|active||INSERT INTO task_instance (id, task_id, dag_id, run_id, map_index, try_number, max_tries, hostname, unixname, pool, pool_slots, queue, priority_weight, operator, custom_operator_name, executor_config,
00:21:24.256|8379|active||SELECT dag.dag_id, dag.is_paused, dag.is_stale, dag.exceeds_max_non_backfill, dag.last_parsed_time, dag.last_parse_duration, dag.last_expired, dag.fileloc, dag.relative_fileloc, dag.bundle_name, dag.b
00:21:24.821|94|idle in transaction|Client|SELECT dag.bundle_version FROM dag WHERE dag.dag_id = 'bench_partition_consumer'
00:21:24.821|8379|active||INSERT INTO asset_event (asset_id, extra, source_task_id, source_dag_id, source_run_id, source_map_index, timestamp, partition_key) VALUES (1, '{}'::JSON, 'emit', 'bench_partition_producer', 'part_100
00:21:25.379|94|idle in transaction|Client|SELECT dag_version.id, dag_version.version_number, dag_version.dag_id, dag_version.bundle_name, dag_version.bundle_version, dag_version.version_data, dag_version.created_at, dag_version.last_updated F
00:21:25.379|8379|active||SELECT asset_partition_dag_run.id, asset_partition_dag_run.target_dag_id, asset_partition_dag_run.created_dag_run_id, asset_partition_dag_run.partition_key, asset_partition_dag_run.partition_date, ass
00:21:25.936|94|idle in transaction|Client|SELECT task_instance.id, task_instance.task_id, task_instance.dag_id, task_instance.run_id, task_instance.map_index, task_instance.start_date, task_instance.end_date, task_instance.duration, task_inst
00:21:25.936|8379|idle in transaction|Client|SELECT asset.id, asset.name, asset.uri, asset."group", asset.extra, asset.created_at, asset.updated_at, asset_active_1.name AS name_1, asset_active_1.uri AS uri_1, dag_1.dag_id, dag_1.is_paused, dag_1
00:21:26.518|94|idle in transaction|Client|UPDATE dag_run SET last_scheduling_decision='2026-09-30T00:21:26.238282+00:00'::timestamptz, updated_at='2026-09-30T00:21:26.359383+00:00'::timestamptz, scheduled_by_job_id=1 WHERE dag_run.id = 25382
00:21:26.518|8379|active||SELECT asset_partition_dag_run.id, asset_partition_dag_run.target_dag_id, asset_partition_dag_run.created_dag_run_id, asset_partition_dag_run.partition_key, asset_partition_dag_run.partition_date, ass
00:21:27.077|8379|idle in transaction|Client|INSERT INTO partitioned_asset_key_log (asset_id, asset_event_id, asset_partition_dag_run_id, source_partition_key, target_dag_id, target_partition_key, created_at) VALUES (1, 26489, 26489, 'ACCT000150
00:21:27.635|94|idle in transaction|Client|INSERT INTO task_instance (id, task_id, dag_id, run_id, map_index, try_number, max_tries, hostname, unixname, pool, pool_slots, queue, priority_weight, operator, custom_operator_name, executor_config,
00:21:28.188|94|idle in transaction|Client|SELECT dag_version.id, dag_version.version_number, dag_version.dag_id, dag_version.bundle_name, dag_version.bundle_version, dag_version.version_data, dag_version.created_at, dag_version.last_updated F
00:21:28.807|94|active|Client|SELECT dag.bundle_version FROM dag WHERE dag.dag_id = 'bench_partition_consumer'
00:21:29.379|94|idle in transaction|Client|INSERT INTO task_instance (id, task_id, dag_id, run_id, map_index, try_number, max_tries, hostname, unixname, pool, pool_slots, queue, priority_weight, operator, custom_operator_name, executor_config,
00:21:29.964|94|idle in transaction|Client|UPDATE asset_partition_dag_run SET created_dag_run_id=26440, updated_at='2026-09-30T00:21:29.893116+00:00'::timestamptz WHERE asset_partition_dag_run.id = 26433
00:21:30.579|94|idle in transaction|Client|UPDATE asset_partition_dag_run SET created_dag_run_id=26504, updated_at='2026-09-30T00:21:30.508692+00:00'::timestamptz WHERE asset_partition_dag_run.id = 26497
00:21:31.170|94|idle in transaction|Client|SELECT dag_version.id, dag_version.version_number, dag_version.dag_id, dag_version.bundle_name, dag_version.bundle_version, dag_version.version_data, dag_version.created_at, dag_version.last_updated F
00:21:31.778|95|idle in transaction|Client|SELECT dag_priority_parsing_request.id, dag_priority_parsing_request.bundle_name, dag_priority_parsing_request.relative_fileloc FROM dag_priority_parsing_request WHERE dag_priority_parsing_request.bun
00:21:31.778|94|idle in transaction|Client|SELECT dag_version.id, dag_version.version_number, dag_version.dag_id, dag_version.bundle_name, dag_version.bundle_version, dag_version.version_data, dag_version.created_at, dag_version.last_updated F
00:21:32.351|94|active||SELECT asset_dag_run_queue.asset_id, asset_dag_run_queue.target_dag_id, asset_dag_run_queue.created_at, asset_1.id, asset_1.name, asset_1.uri, asset_1."group", asset_1.extra, asset_1.created_at AS cre
00:21:32.933|94|idle in transaction|Client|SELECT dag_version.id, dag_version.version_number, dag_version.dag_id, dag_version.bundle_name, dag_version.bundle_version, dag_version.version_data, dag_version.created_at, dag_version.last_updated F
00:21:33.511|94|idle in transaction|Client|UPDATE task_instance SET start_date='2026-09-30T00:21:33.430538+00:00'::timestamptz, end_date='2026-09-30T00:21:33.430539+00:00'::timestamptz, duration=0, state='success', try_number=(task_instance.tr
00:21:33.511|8696|idle in transaction|Client|SELECT xcom.dag_run_id, xcom.task_id, xcom.map_index, xcom.key, xcom.dag_result, xcom.dag_id, xcom.run_id, xcom.value, xcom.timestamp, dag_run_1.id, dag_run_1.dag_id AS dag_id_1, dag_run_1.queued_at, 
00:21:34.123|8952|idle in transaction|Client|SELECT asset.id, asset.name, asset.uri, asset."group", asset.extra, asset.created_at, asset.updated_at FROM asset WHERE asset.id = 1
00:21:34.687|94|idle in transaction|Client|SELECT task_instance.id, task_instance.task_id, task_instance.dag_id, task_instance.run_id, task_instance.map_index, task_instance.start_date, task_instance.end_date, task_instance.duration, task_inst
00:21:34.687|8952|idle in transaction|Client|SELECT asset.id, asset.name, asset.uri, asset."group", asset.extra, asset.created_at, asset.updated_at FROM asset WHERE asset.id = 1
00:21:35.253|94|idle in transaction|Client|SELECT task_instance.id, task_instance.task_id, task_instance.dag_id, task_instance.run_id, task_instance.map_index, task_instance.start_date, task_instance.end_date, task_instance.duration, task_inst
00:21:35.253|8952|idle in transaction|Client|SELECT dag.dag_id, dag.is_paused, dag.is_stale, dag.exceeds_max_non_backfill, dag.last_parsed_time, dag.last_parse_duration, dag.last_expired, dag.fileloc, dag.relative_fileloc, dag.bundle_name, dag.b
00:21:35.813|8952|idle in transaction|Client|SELECT asset.id FROM asset WHERE asset.id = 1 FOR NO KEY UPDATE
00:21:36.382|94|idle in transaction|Client|UPDATE dag_run SET start_date='2026-09-30T00:21:36.171279+00:00'::timestamptz, state='running', updated_at='2026-09-30T00:21:36.292562+00:00'::timestamptz WHERE dag_run.id = 26030
00:21:36.382|8952|idle in transaction|Client|INSERT INTO partitioned_asset_key_log (asset_id, asset_event_id, asset_partition_dag_run_id, source_partition_key, target_dag_id, target_partition_key, created_at) VALUES (1, 26826, 26826, 'ACCT000159
00:21:36.954|94|idle in transaction|Client|SELECT task_instance.id, task_instance.task_id, task_instance.dag_id, task_instance.run_id, task_instance.map_index, task_instance.start_date, task_instance.end_date, task_instance.duration, task_inst
00:21:36.954|8952|idle in transaction|Client|SELECT serialized_dag.id, serialized_dag.dag_id, serialized_dag.data, serialized_dag.data_compressed, serialized_dag.created_at, serialized_dag.last_updated, serialized_dag.dag_hash, serialized_dag.da
00:21:37.537|94|idle in transaction|Client|UPDATE dag_run SET last_scheduling_decision='2026-09-30T00:21:37.055180+00:00'::timestamptz, updated_at='2026-09-30T00:21:37.402755+00:00'::timestamptz, scheduled_by_job_id=1 WHERE dag_run.id = 26136
00:21:37.537|8952|active||SELECT asset_partition_dag_run.id, asset_partition_dag_run.target_dag_id, asset_partition_dag_run.created_dag_run_id, asset_partition_dag_run.partition_key, asset_partition_dag_run.partition_date, ass
00:21:38.754|94|idle in transaction|Client|INSERT INTO dag_run (dag_id, queued_at, logical_date, start_date, end_date, state, run_id, creating_job_id, run_type, triggered_by, triggering_user_name, conf, data_interval_start, data_interval_end, 
00:21:39.356|94|idle in transaction|Client|UPDATE asset_partition_dag_run SET created_dag_run_id=26625, updated_at='2026-09-30T00:21:39.285128+00:00'::timestamptz WHERE asset_partition_dag_run.id = 26618
00:21:39.927|94|idle in transaction|Client|INSERT INTO task_instance (id, task_id, dag_id, run_id, map_index, try_number, max_tries, hostname, unixname, pool, pool_slots, queue, priority_weight, operator, custom_operator_name, executor_config,
00:21:40.541|94|idle in transaction||SELECT dag_version.id, dag_version.version_number, dag_version.dag_id, dag_version.bundle_name, dag_version.bundle_version, dag_version.version_data, dag_version.created_at, dag_version.last_updated F
00:21:41.158|94|idle in transaction|Client|SELECT max(log_template.id) AS max_1 FROM log_template
00:21:41.727|94|idle in transaction|Client|INSERT INTO dag_run (dag_id, queued_at, logical_date, start_date, end_date, state, run_id, creating_job_id, run_type, triggered_by, triggering_user_name, conf, data_interval_start, data_interval_end, 
00:21:42.325|94|idle in transaction|Client|SELECT dag_version.id, dag_version.version_number, dag_version.dag_id, dag_version.bundle_name, dag_version.bundle_version, dag_version.version_data, dag_version.created_at, dag_version.last_updated F
00:21:42.888|94|idle in transaction|Client|SELECT dag_version.id, dag_version.version_number, dag_version.dag_id, dag_version.bundle_name, dag_version.bundle_version, dag_version.version_data, dag_version.created_at, dag_version.last_updated F
00:21:43.465|94|idle in transaction|Client|SELECT task_instance.dag_version_id FROM task_instance WHERE task_instance.dag_id = 'bench_partition_consumer' AND task_instance.dag_version_id = '01a0efa2-2565-7f80-a0a2-753ce7d9a46b'::uuid::UUID AND
00:21:44.033|94|idle in transaction|Client|UPDATE dag_run SET last_scheduling_decision='2026-09-30T00:21:43.430282+00:00'::timestamptz, updated_at='2026-09-30T00:21:43.915683+00:00'::timestamptz, scheduled_by_job_id=1 WHERE dag_run.id = 26305
00:21:44.653|94|idle in transaction|Client|SELECT task_instance.dag_version_id FROM task_instance WHERE task_instance.dag_id = 'bench_partition_consumer' AND task_instance.dag_version_id = '01a0efa2-2565-7f80-a0a2-753ce7d9a46b'::uuid::UUID AND
00:21:45.231|94|active||SELECT task_instance.id, task_instance.task_id, task_instance.dag_id, task_instance.run_id, task_instance.map_index, task_instance.start_date, task_instance.end_date, task_instance.duration, task_inst
00:21:45.794|8632|idle in transaction|Client|SELECT asset_alias.id, asset_alias.name, asset_alias."group" FROM asset_alias WHERE asset_alias.name IN (NULL) AND (1 != 1)
00:21:46.380|94|idle in transaction|Client|UPDATE dag_run SET start_date='2026-09-30T00:21:46.182429+00:00'::timestamptz, state='running', updated_at='2026-09-30T00:21:46.273110+00:00'::timestamptz WHERE dag_run.id = 26664
00:21:46.380|8632|idle in transaction|Client|SELECT asset_alias.id, asset_alias.name, asset_alias."group" FROM asset_alias WHERE asset_alias.name IN (NULL) AND (1 != 1)
00:21:46.945|94|idle in transaction|Client|UPDATE task_instance SET start_date='2026-09-30T00:21:46.872745+00:00'::timestamptz, end_date='2026-09-30T00:21:46.872746+00:00'::timestamptz, duration=0, state='success', try_number=(task_instance.tr
00:21:46.945|8632|active||SELECT asset_partition_dag_run.id, asset_partition_dag_run.target_dag_id, asset_partition_dag_run.created_dag_run_id, asset_partition_dag_run.partition_key, asset_partition_dag_run.partition_date, ass
00:21:47.509|8632|idle in transaction|Client|INSERT INTO asset_partition_dag_run (target_dag_id, created_dag_run_id, partition_key, partition_date, rollup_fingerprint, created_at, updated_at) VALUES ('bench_partition_consumer', NULL, 'ACCT000164
00:21:48.069|94|idle in transaction|Client|SELECT dag.dag_id AS dag_dag_id, dag.is_paused AS dag_is_paused, dag.is_stale AS dag_is_stale, dag.exceeds_max_non_backfill AS dag_exceeds_max_non_backfill, dag.last_parsed_time AS dag_last_parsed_tim
00:21:48.069|8632|active||SELECT asset_partition_dag_run.id, asset_partition_dag_run.target_dag_id, asset_partition_dag_run.created_dag_run_id, asset_partition_dag_run.partition_key, asset_partition_dag_run.partition_date, ass
00:21:48.647|94|idle in transaction|Client|UPDATE task_instance SET start_date='2026-09-30T00:21:48.575407+00:00'::timestamptz, end_date='2026-09-30T00:21:48.575408+00:00'::timestamptz, duration=0, state='success', try_number=(task_instance.tr
00:21:48.647|15180|active||select count(*) from asset_event e join asset a on a.id=e.asset_id where a.name='bench_accounts'
00:21:48.647|8632|active||SELECT asset_partition_dag_run.id, asset_partition_dag_run.target_dag_id, asset_partition_dag_run.created_dag_run_id, asset_partition_dag_run.partition_key, asset_partition_dag_run.partition_date, ass
00:21:49.212|94|idle in transaction|Client|SELECT deadline.id, deadline.created_at, deadline.last_updated_at, deadline.dagrun_id, deadline.deadline_time, deadline.missed, deadline.callback_id, deadline.deadline_alert_id FROM deadline WHERE dea
00:21:49.212|8632|idle in transaction|Client|SELECT asset_alias.id, asset_alias.name, asset_alias."group" FROM asset_alias WHERE asset_alias.name IN (NULL) AND (1 != 1)
00:21:49.801|94|idle in transaction|Client|SELECT dag.bundle_version FROM dag WHERE dag.dag_id = 'bench_partition_consumer'
00:21:50.399|94|idle in transaction|Client|SELECT asset_event.id, asset_event.asset_id, asset_event.extra, asset_event.source_task_id, asset_event.source_dag_id, asset_event.source_run_id, asset_event.source_map_index, asset_event.timestamp, a
00:21:50.962|94|active|Client|INSERT INTO task_instance (id, task_id, dag_id, run_id, map_index, try_number, max_tries, hostname, unixname, pool, pool_slots, queue, priority_weight, operator, custom_operator_name, executor_config,
00:21:51.521|94|idle in transaction|Client|INSERT INTO dag_run (dag_id, queued_at, logical_date, start_date, end_date, state, run_id, creating_job_id, run_type, triggered_by, triggering_user_name, conf, data_interval_start, data_interval_end, 
00:21:52.115|94|idle in transaction|Client|INSERT INTO dagrun_asset_event (dag_run_id, event_id) VALUES (27325, 27318)
00:21:52.735|94|idle in transaction|Client|INSERT INTO dag_run (dag_id, queued_at, logical_date, start_date, end_date, state, run_id, creating_job_id, run_type, triggered_by, triggering_user_name, conf, data_interval_start, data_interval_end, 
00:21:53.346|94|idle in transaction|Client|SELECT asset_event.id, asset_event.asset_id, asset_event.extra, asset_event.source_task_id, asset_event.source_dag_id, asset_event.source_run_id, asset_event.source_map_index, asset_event.timestamp, a
00:21:53.346|18593|active||autovacuum: ANALYZE public.partitioned_asset_key_log
00:21:53.933|94|idle in transaction|Client|SELECT dag_version.id, dag_version.version_number, dag_version.dag_id, dag_version.bundle_name, dag_version.bundle_version, dag_version.version_data, dag_version.created_at, dag_version.last_updated F
00:21:54.526|94|idle in transaction|Client|SELECT task_instance.id, task_instance.task_id, task_instance.dag_id, task_instance.run_id, task_instance.map_index, task_instance.start_date, task_instance.end_date, task_instance.duration, task_inst
00:21:55.095|94|active|Client|SELECT dag_version.id, dag_version.version_number, dag_version.dag_id, dag_version.bundle_name, dag_version.bundle_version, dag_version.version_data, dag_version.created_at, dag_version.last_updated F
00:21:55.675|94|idle in transaction|Client|SELECT dag_version.id, dag_version.version_number, dag_version.dag_id, dag_version.bundle_name, dag_version.bundle_version, dag_version.version_data, dag_version.created_at, dag_version.last_updated F
00:21:56.235|94|idle in transaction|Client|UPDATE task_instance SET start_date='2026-09-30T00:21:56.163911+00:00'::timestamptz, end_date='2026-09-30T00:21:56.163912+00:00'::timestamptz, duration=0, state='success', try_number=(task_instance.tr
00:21:56.827|94|idle in transaction|Client|UPDATE dag_run SET last_scheduling_decision='2026-09-30T00:21:56.350107+00:00'::timestamptz, updated_at='2026-09-30T00:21:56.697489+00:00'::timestamptz, scheduled_by_job_id=1 WHERE dag_run.id = 27331
00:21:57.398|5113|idle in transaction|Client|INSERT INTO asset_partition_dag_run (target_dag_id, created_dag_run_id, partition_key, partition_date, rollup_fingerprint, created_at, updated_at) VALUES ('bench_partition_consumer', NULL, 'ACCT000166
00:21:57.970|94|idle in transaction|Client|SELECT dag_version.id, dag_version.version_number, dag_version.dag_id, dag_version.bundle_name, dag_version.bundle_version, dag_version.version_data, dag_version.created_at, dag_version.last_updated F
00:21:57.970|5113|idle in transaction||INSERT INTO partitioned_asset_key_log (asset_id, asset_event_id, asset_partition_dag_run_id, source_partition_key, target_dag_id, target_partition_key, created_at) VALUES (1, 27635, 27635, 'ACCT000166
00:21:58.533|95|idle in transaction|Client|SELECT dag_priority_parsing_request.id, dag_priority_parsing_request.bundle_name, dag_priority_parsing_request.relative_fileloc FROM dag_priority_parsing_request WHERE dag_priority_parsing_request.bun
00:21:58.533|94|active||SELECT dag_run.dag_id, count('*') AS count_1 FROM dag_run WHERE dag_run.dag_id IN ('bench_partition_consumer') AND dag_run.state IN ('running', 'queued') AND dag_run.run_type != 'backfill' GROUP BY da
00:21:58.533|5113|idle in transaction|Client|SELECT asset.id FROM asset WHERE asset.id = 1 FOR NO KEY UPDATE
00:21:59.094|94|active||SELECT dag_run.dag_id, count('*') AS count_1 FROM dag_run WHERE dag_run.dag_id IN ('bench_partition_consumer') AND dag_run.state IN ('running', 'queued') AND dag_run.run_type != 'backfill' GROUP BY da
00:21:59.094|5113|idle in transaction|Client|SELECT asset_partition_dag_run.id, asset_partition_dag_run.target_dag_id, asset_partition_dag_run.created_dag_run_id, asset_partition_dag_run.partition_key, asset_partition_dag_run.partition_date, ass
00:21:59.685|5113|idle in transaction|Client|SELECT asset.id, asset.name, asset.uri, asset."group", asset.extra, asset.created_at, asset.updated_at, asset_active_1.name AS name_1, asset_active_1.uri AS uri_1, dag_1.dag_id, dag_1.is_paused, dag_1
00:22:00.267|94|idle in transaction|Client|SELECT task_instance.id, task_instance.task_id, task_instance.dag_id, task_instance.run_id, task_instance.map_index, task_instance.start_date, task_instance.end_date, task_instance.duration, task_inst
00:22:00.267|5113|active||SELECT dag.dag_id, dag.is_paused, dag.is_stale, dag.exceeds_max_non_backfill, dag.last_parsed_time, dag.last_parse_duration, dag.last_expired, dag.fileloc, dag.relative_fileloc, dag.bundle_name, dag.b
00:22:00.825|94|idle in transaction|Client|SELECT dag_run.dag_id, count('*') AS count_1 FROM dag_run WHERE dag_run.dag_id IN ('bench_partition_consumer') AND dag_run.state IN ('running', 'queued') AND dag_run.run_type != 'backfill' GROUP BY da
00:22:00.825|5113|idle in transaction|Client|SELECT asset_partition_dag_run.id, asset_partition_dag_run.target_dag_id, asset_partition_dag_run.created_dag_run_id, asset_partition_dag_run.partition_key, asset_partition_dag_run.partition_date, ass
00:22:01.403|94|idle in transaction|Client|SELECT task_instance.id, task_instance.task_id, task_instance.dag_id, task_instance.run_id, task_instance.map_index, task_instance.start_date, task_instance.end_date, task_instance.duration, task_inst
00:22:02.008|94|active||SELECT task_instance.id, task_instance.task_id, task_instance.dag_id, task_instance.run_id, task_instance.map_index, task_instance.start_date, task_instance.end_date, task_instance.duration, task_inst
00:22:02.592|95|idle in transaction|Client|SELECT callback.id, callback.type, callback.fetch_method, callback.data, callback.bundle_name, callback.state, callback.output, callback.priority_weight, callback.created_at, callback.trigger_id FROM 
00:22:02.592|94|idle in transaction|Client|SELECT dag_version.id, dag_version.version_number, dag_version.dag_id, dag_version.bundle_name, dag_version.bundle_version, dag_version.version_data, dag_version.created_at, dag_version.last_updated F
00:22:03.157|94|idle in transaction|Client|INSERT INTO dag_run (dag_id, queued_at, logical_date, start_date, end_date, state, run_id, creating_job_id, run_type, triggered_by, triggering_user_name, conf, data_interval_start, data_interval_end, 
00:22:03.740|94|idle in transaction|Client|INSERT INTO task_instance (id, task_id, dag_id, run_id, map_index, try_number, max_tries, hostname, unixname, pool, pool_slots, queue, priority_weight, operator, custom_operator_name, executor_config,
00:22:03.740|5113|active||SELECT asset_partition_dag_run.id, asset_partition_dag_run.target_dag_id, asset_partition_dag_run.created_dag_run_id, asset_partition_dag_run.partition_key, asset_partition_dag_run.partition_date, ass
00:22:04.305|94|idle in transaction|Client|UPDATE asset_partition_dag_run SET created_dag_run_id=27865, updated_at='2026-09-30T00:22:04.234282+00:00'::timestamptz WHERE asset_partition_dag_run.id = 27858
00:22:04.305|5113|idle in transaction|Client|SELECT serialized_dag.id, serialized_dag.dag_id, serialized_dag.data, serialized_dag.data_compressed, serialized_dag.created_at, serialized_dag.last_updated, serialized_dag.dag_hash, serialized_dag.da
00:22:04.883|94|idle in transaction|Client|SELECT dag.bundle_version FROM dag WHERE dag.dag_id = 'bench_partition_consumer'
00:22:04.883|5113|active||SELECT asset_partition_dag_run.id, asset_partition_dag_run.target_dag_id, asset_partition_dag_run.created_dag_run_id, asset_partition_dag_run.partition_key, asset_partition_dag_run.partition_date, ass
00:22:05.474|94|active||SELECT dag_run.id, dag_run.dag_id, dag_run.queued_at, dag_run.logical_date, dag_run.start_date, dag_run.end_date, dag_run.state, dag_run.run_id, dag_run.creating_job_id, dag_run.run_type, dag_run.trig
00:22:05.474|5113|idle in transaction|Client|INSERT INTO partitioned_asset_key_log (asset_id, asset_event_id, asset_partition_dag_run_id, source_partition_key, target_dag_id, target_partition_key, created_at) VALUES (1, 28256, 28256, 'ACCT000173
00:22:06.032|94|idle in transaction|Client|SELECT task_instance.id, task_instance.task_id, task_instance.dag_id, task_instance.run_id, task_instance.map_index, task_instance.start_date, task_instance.end_date, task_instance.duration, task_inst
00:22:06.032|5113|idle in transaction|Client|SELECT asset.id, asset.name, asset.uri, asset."group", asset.extra, asset.created_at, asset.updated_at FROM asset WHERE asset.id = 1
00:22:06.594|94|idle in transaction|Client|SELECT dag_version.id, dag_version.version_number, dag_version.dag_id, dag_version.bundle_name, dag_version.bundle_version, dag_version.version_data, dag_version.created_at, dag_version.last_updated F
00:22:06.594|5113|idle in transaction||SELECT asset_partition_dag_run.id, asset_partition_dag_run.target_dag_id, asset_partition_dag_run.created_dag_run_id, asset_partition_dag_run.partition_key, asset_partition_dag_run.partition_date, ass
00:22:07.154|5113|idle in transaction|Client|SELECT asset.id FROM asset WHERE asset.id = 1 FOR NO KEY UPDATE
00:22:07.721|94|idle in transaction|Client|SELECT task_instance.id, task_instance.task_id, task_instance.dag_id, task_instance.run_id, task_instance.map_index, task_instance.start_date, task_instance.end_date, task_instance.duration, task_inst
00:22:08.300|94|idle in transaction|Client|SELECT task_instance.id, task_instance.task_id, task_instance.dag_id, task_instance.run_id, task_instance.map_index, task_instance.start_date, task_instance.end_date, task_instance.duration, task_inst
00:22:08.900|94|idle in transaction|Client|INSERT INTO task_instance (id, task_id, dag_id, run_id, map_index, try_number, max_tries, hostname, unixname, pool, pool_slots, queue, priority_weight, operator, custom_operator_name, executor_config,
00:22:08.900|15180|active||select count(*) from dagrun_asset_event x join dag_run r on r.id=x.dag_run_id where r.dag_id='bench_partition_consumer'
00:22:09.478|94|idle in transaction|Client|SELECT dag_version.id, dag_version.version_number, dag_version.dag_id, dag_version.bundle_name, dag_version.bundle_version, dag_version.version_data, dag_version.created_at, dag_version.last_updated F
00:22:10.059|94|idle in transaction|Client|SELECT asset_event.id, asset_event.asset_id, asset_event.extra, asset_event.source_task_id, asset_event.source_dag_id, asset_event.source_run_id, asset_event.source_map_index, asset_event.timestamp, a
00:22:10.640|94|active||INSERT INTO dag_run (dag_id, queued_at, logical_date, start_date, end_date, state, run_id, creating_job_id, run_type, triggered_by, triggering_user_name, conf, data_interval_start, data_interval_end, 
00:22:10.640|5113|idle in transaction|Client|SELECT asset.id, asset.name, asset.uri, asset."group", asset.extra, asset.created_at, asset.updated_at FROM asset WHERE asset.id = 1
00:22:11.197|94|idle in transaction|Client|UPDATE asset_partition_dag_run SET created_dag_run_id=28381, updated_at='2026-09-30T00:22:11.125169+00:00'::timestamptz WHERE asset_partition_dag_run.id = 28374
00:22:11.197|5113|active||SELECT asset_partition_dag_run.id, asset_partition_dag_run.target_dag_id, asset_partition_dag_run.created_dag_run_id, asset_partition_dag_run.partition_key, asset_partition_dag_run.partition_date, ass
00:22:11.823|94|idle in transaction|Client|INSERT INTO task_instance (id, task_id, dag_id, run_id, map_index, try_number, max_tries, hostname, unixname, pool, pool_slots, queue, priority_weight, operator, custom_operator_name, executor_config,
00:22:11.823|5113|idle in transaction|Client|INSERT INTO asset_partition_dag_run (target_dag_id, created_dag_run_id, partition_key, partition_date, rollup_fingerprint, created_at, updated_at) VALUES ('bench_partition_consumer', NULL, 'ACCT000176
00:22:12.391|94|idle in transaction|Client|SELECT dag_version.id, dag_version.version_number, dag_version.dag_id, dag_version.bundle_name, dag_version.bundle_version, dag_version.version_data, dag_version.created_at, dag_version.last_updated F
00:22:12.391|5113|idle in transaction|Client|SELECT asset.id, asset.name, asset.uri, asset."group", asset.extra, asset.created_at, asset.updated_at FROM asset WHERE asset.id = 1
00:22:12.961|94|idle in transaction|Client|SELECT task_instance.dag_version_id FROM task_instance WHERE task_instance.dag_id = 'bench_partition_consumer' AND task_instance.dag_version_id = '01a0efa2-2565-7f80-a0a2-753ce7d9a46b'::uuid::UUID AND
00:22:12.961|5113|idle in transaction|Client|SELECT dag.dag_id, dag.is_paused, dag.is_stale, dag.exceeds_max_non_backfill, dag.last_parsed_time, dag.last_parse_duration, dag.last_expired, dag.fileloc, dag.relative_fileloc, dag.bundle_name, dag.b
00:22:13.530|5113|idle in transaction|Client|SELECT serialized_dag.id, serialized_dag.dag_id, serialized_dag.data, serialized_dag.data_compressed, serialized_dag.created_at, serialized_dag.last_updated, serialized_dag.dag_hash, serialized_dag.da
00:22:14.093|94|idle in transaction|Client|SELECT dag_version.id, dag_version.version_number, dag_version.dag_id, dag_version.bundle_name, dag_version.bundle_version, dag_version.version_data, dag_version.created_at, dag_version.last_updated F
00:22:14.093|5113|idle in transaction|Client|INSERT INTO partitioned_asset_key_log (asset_id, asset_event_id, asset_partition_dag_run_id, source_partition_key, target_dag_id, target_partition_key, created_at) VALUES (1, 28977, 28977, 'ACCT000179
00:22:14.655|94|idle in transaction|Client|SELECT dag.dag_id AS dag_dag_id, dag.is_paused AS dag_is_paused, dag.is_stale AS dag_is_stale, dag.exceeds_max_non_backfill AS dag_exceeds_max_non_backfill, dag.last_parsed_time AS dag_last_parsed_tim
00:22:15.234|94|idle in transaction|Client|SELECT dag_version.id, dag_version.version_number, dag_version.dag_id, dag_version.bundle_name, dag_version.bundle_version, dag_version.version_data, dag_version.created_at, dag_version.last_updated F
00:22:15.873|94|idle in transaction|Client|SELECT dag.bundle_version FROM dag WHERE dag.dag_id = 'bench_partition_consumer'
00:22:16.437|94|idle in transaction|Client|SELECT task_instance.id, task_instance.task_id, task_instance.dag_id, task_instance.run_id, task_instance.map_index, task_instance.start_date, task_instance.end_date, task_instance.duration, task_inst
00:22:17.042|94|active||INSERT INTO task_instance (id, task_id, dag_id, run_id, map_index, try_number, max_tries, hostname, unixname, pool, pool_slots, queue, priority_weight, operator, custom_operator_name, executor_config,
00:22:17.042|103|idle in transaction|Client|SELECT dag.dag_id, dag.is_paused, dag.is_stale, dag.exceeds_max_non_backfill, dag.last_parsed_time, dag.last_parse_duration, dag.last_expired, dag.fileloc, dag.relative_fileloc, dag.bundle_name, dag.b
00:22:17.629|94|active||INSERT INTO dag_run (dag_id, queued_at, logical_date, start_date, end_date, state, run_id, creating_job_id, run_type, triggered_by, triggering_user_name, conf, data_interval_start, data_interval_end, 
00:22:17.629|103|idle in transaction|Client|SELECT serialized_dag.id, serialized_dag.dag_id, serialized_dag.data, serialized_dag.data_compressed, serialized_dag.created_at, serialized_dag.last_updated, serialized_dag.dag_hash, serialized_dag.da
00:22:18.211|94|active||SELECT task_instance.id, task_instance.task_id, task_instance.dag_id, task_instance.run_id, task_instance.map_index, task_instance.start_date, task_instance.end_date, task_instance.duration, task_inst
00:22:18.211|103|idle in transaction|Client|SELECT serialized_dag.id, serialized_dag.dag_id, serialized_dag.data, serialized_dag.data_compressed, serialized_dag.created_at, serialized_dag.last_updated, serialized_dag.dag_hash, serialized_dag.da
00:22:18.772|94|idle in transaction|Client|UPDATE asset_partition_dag_run SET created_dag_run_id=28975, updated_at='2026-09-30T00:22:18.700989+00:00'::timestamptz WHERE asset_partition_dag_run.id = 28968
00:22:18.772|103|idle in transaction|Client|SELECT asset.id FROM asset WHERE asset.id = 1 FOR NO KEY UPDATE
00:22:19.339|94|idle in transaction|Client|SELECT task_instance.dag_version_id FROM task_instance WHERE task_instance.dag_id = 'bench_partition_consumer' AND task_instance.dag_version_id = '01a0efa2-2565-7f80-a0a2-753ce7d9a46b'::uuid::UUID AND
00:22:19.339|103|idle in transaction|Client|SELECT dag.dag_id, dag.is_paused, dag.is_stale, dag.exceeds_max_non_backfill, dag.last_parsed_time, dag.last_parse_duration, dag.last_expired, dag.fileloc, dag.relative_fileloc, dag.bundle_name, dag.b
00:22:19.902|94|idle in transaction|Client|SELECT task_instance.dag_version_id FROM task_instance WHERE task_instance.dag_id = 'bench_partition_consumer' AND task_instance.dag_version_id = '01a0efa2-2565-7f80-a0a2-753ce7d9a46b'::uuid::UUID AND
00:22:19.902|103|active||SELECT serialized_dag.id, serialized_dag.dag_id, serialized_dag.data, serialized_dag.data_compressed, serialized_dag.created_at, serialized_dag.last_updated, serialized_dag.dag_hash, serialized_dag.da
00:22:20.478|94|idle in transaction|Client|WITH anon_1 AS (SELECT asset.id AS id, asset.name AS name, asset.uri AS uri, asset."group" AS "group", asset.extra AS extra, asset.created_at AS created_at, asset.updated_at AS updated_at FROM asset L
00:22:20.478|103|active||SELECT asset_partition_dag_run.id, asset_partition_dag_run.target_dag_id, asset_partition_dag_run.created_dag_run_id, asset_partition_dag_run.partition_key, asset_partition_dag_run.partition_date, ass
00:22:21.055|94|idle in transaction|Client|SELECT dag_version.id, dag_version.version_number, dag_version.dag_id, dag_version.bundle_name, dag_version.bundle_version, dag_version.version_data, dag_version.created_at, dag_version.last_updated F
00:22:21.055|103|idle in transaction|Client|SELECT asset.id FROM asset WHERE asset.id = 1 FOR NO KEY UPDATE
00:22:21.616|94|idle in transaction|Client|SELECT task_instance.id, task_instance.task_id, task_instance.dag_id, task_instance.run_id, task_instance.map_index, task_instance.start_date, task_instance.end_date, task_instance.duration, task_inst
00:22:22.186|94|idle in transaction|Client|SELECT dag_version.id, dag_version.version_number, dag_version.dag_id, dag_version.bundle_name, dag_version.bundle_version, dag_version.version_data, dag_version.created_at, dag_version.last_updated F
00:22:22.771|94|idle in transaction|Client|SELECT dag.bundle_version FROM dag WHERE dag.dag_id = 'bench_partition_consumer'
00:22:23.337|94|idle in transaction|Client|SELECT asset_event.id, asset_event.asset_id, asset_event.extra, asset_event.source_task_id, asset_event.source_dag_id, asset_event.source_run_id, asset_event.source_map_index, asset_event.timestamp, a
00:22:23.919|94|idle in transaction|Client|SELECT dag_version.id, dag_version.version_number, dag_version.dag_id, dag_version.bundle_name, dag_version.bundle_version, dag_version.version_data, dag_version.created_at, dag_version.last_updated F
00:22:24.494|94|idle in transaction||UPDATE asset_partition_dag_run SET created_dag_run_id=29298, updated_at='2026-09-30T00:22:24.421099+00:00'::timestamptz WHERE asset_partition_dag_run.id = 29291
00:22:24.494|8775|active|Client|SELECT asset_partition_dag_run.id, asset_partition_dag_run.target_dag_id, asset_partition_dag_run.created_dag_run_id, asset_partition_dag_run.partition_key, asset_partition_dag_run.partition_date, ass
00:22:25.056|94|idle in transaction||INSERT INTO dag_run (dag_id, queued_at, logical_date, start_date, end_date, state, run_id, creating_job_id, run_type, triggered_by, triggering_user_name, conf, data_interval_start, data_interval_end, 
00:22:25.056|8775|active||SELECT asset_partition_dag_run.id, asset_partition_dag_run.target_dag_id, asset_partition_dag_run.created_dag_run_id, asset_partition_dag_run.partition_key, asset_partition_dag_run.partition_date, ass
00:22:25.619|94|active||UPDATE asset_partition_dag_run SET created_dag_run_id=29475, updated_at='2026-09-30T00:22:25.548079+00:00'::timestamptz WHERE asset_partition_dag_run.id = 29468
00:22:25.619|8775|idle in transaction|Client|INSERT INTO asset_event (asset_id, extra, source_task_id, source_dag_id, source_run_id, source_map_index, timestamp, partition_key) VALUES (1, '{}'::JSON, 'emit', 'bench_partition_producer', 'part_100
00:22:26.184|94|idle in transaction|Client|SELECT task_instance.id, task_instance.task_id, task_instance.dag_id, task_instance.run_id, task_instance.map_index, task_instance.start_date, task_instance.end_date, task_instance.duration, task_inst
00:22:26.184|8775|idle in transaction|Client|SELECT asset.id, asset.name, asset.uri, asset."group", asset.extra, asset.created_at, asset.updated_at FROM asset WHERE asset.id = 1
00:22:26.757|94|idle in transaction|Client|SELECT dag_version.id, dag_version.version_number, dag_version.dag_id, dag_version.bundle_name, dag_version.bundle_version, dag_version.version_data, dag_version.created_at, dag_version.last_updated F
00:22:26.757|8775|idle in transaction|Client|SELECT serialized_dag.id, serialized_dag.dag_id, serialized_dag.data, serialized_dag.data_compressed, serialized_dag.created_at, serialized_dag.last_updated, serialized_dag.dag_hash, serialized_dag.da
00:22:27.325|8775|active||SELECT asset_partition_dag_run.id, asset_partition_dag_run.target_dag_id, asset_partition_dag_run.created_dag_run_id, asset_partition_dag_run.partition_key, asset_partition_dag_run.partition_date, ass
00:22:27.903|94|idle in transaction|Client|SELECT dag_version.id, dag_version.version_number, dag_version.dag_id, dag_version.bundle_name, dag_version.bundle_version, dag_version.version_data, dag_version.created_at, dag_version.last_updated F
00:22:27.903|8775|idle in transaction|Client|SELECT dag.dag_id, dag.is_paused, dag.is_stale, dag.exceeds_max_non_backfill, dag.last_parsed_time, dag.last_parse_duration, dag.last_expired, dag.fileloc, dag.relative_fileloc, dag.bundle_name, dag.b
00:22:28.469|94|idle in transaction|Client|SELECT task_instance.id, task_instance.task_id, task_instance.dag_id, task_instance.run_id, task_instance.map_index, task_instance.start_date, task_instance.end_date, task_instance.duration, task_inst
00:22:29.039|94|idle in transaction|Client|UPDATE dag_run SET last_scheduling_decision='2026-09-30T00:22:28.470827+00:00'::timestamptz, updated_at='2026-09-30T00:22:28.930285+00:00'::timestamptz, scheduled_by_job_id=1 WHERE dag_run.id = 29005
00:22:29.611|94|idle in transaction|Client|SELECT task_instance.id, task_instance.task_id, task_instance.dag_id, task_instance.run_id, task_instance.map_index, task_instance.start_date, task_instance.end_date, task_instance.duration, task_inst
00:22:30.185|94|active||SELECT task_instance.id, task_instance.task_id, task_instance.dag_id, task_instance.run_id, task_instance.map_index, task_instance.start_date, task_instance.end_date, task_instance.duration, task_inst
00:22:30.749|94|idle in transaction|Client|UPDATE asset_partition_dag_run SET created_dag_run_id=29759, updated_at='2026-09-30T00:22:30.677252+00:00'::timestamptz WHERE asset_partition_dag_run.id = 29752
00:22:30.749|8379|active|Client|SELECT asset_alias.id, asset_alias.name, asset_alias."group" FROM asset_alias WHERE asset_alias.name IN (NULL) AND (1 != 1)
00:22:31.322|94|idle in transaction|Client|SELECT asset_event.id, asset_event.asset_id, asset_event.extra, asset_event.source_task_id, asset_event.source_dag_id, asset_event.source_run_id, asset_event.source_map_index, asset_event.timestamp, a
00:22:31.322|8379|idle in transaction|Client|SELECT serialized_dag.id, serialized_dag.dag_id, serialized_dag.data, serialized_dag.data_compressed, serialized_dag.created_at, serialized_dag.last_updated, serialized_dag.dag_hash, serialized_dag.da
00:22:31.898|94|idle in transaction|Client|SELECT asset_event.id, asset_event.asset_id, asset_event.extra, asset_event.source_task_id, asset_event.source_dag_id, asset_event.source_run_id, asset_event.source_map_index, asset_event.timestamp, a
00:22:31.898|8379|active||SELECT asset_partition_dag_run.id, asset_partition_dag_run.target_dag_id, asset_partition_dag_run.created_dag_run_id, asset_partition_dag_run.partition_key, asset_partition_dag_run.partition_date, ass
00:22:32.470|94|idle in transaction|Client|SELECT dag_version.id, dag_version.version_number, dag_version.dag_id, dag_version.bundle_name, dag_version.bundle_version, dag_version.version_data, dag_version.created_at, dag_version.last_updated F
00:22:32.470|8379|idle in transaction|Client|SELECT asset.id, asset.name, asset.uri, asset."group", asset.extra, asset.created_at, asset.updated_at, asset_active_1.name AS name_1, asset_active_1.uri AS uri_1, dag_1.dag_id, dag_1.is_paused, dag_1
00:22:33.037|94|idle in transaction|Client|SELECT dag.dag_id AS dag_dag_id, dag.is_paused AS dag_is_paused, dag.is_stale AS dag_is_stale, dag.exceeds_max_non_backfill AS dag_exceeds_max_non_backfill, dag.last_parsed_time AS dag_last_parsed_tim
00:22:33.037|8379|idle in transaction|Client|INSERT INTO asset_partition_dag_run (target_dag_id, created_dag_run_id, partition_key, partition_date, rollup_fingerprint, created_at, updated_at) VALUES ('bench_partition_consumer', NULL, 'ACCT000192
00:22:33.604|94|idle in transaction|Client|SELECT task_instance.dag_version_id FROM task_instance WHERE task_instance.dag_id = 'bench_partition_consumer' AND task_instance.dag_version_id = '01a0efa2-2565-7f80-a0a2-753ce7d9a46b'::uuid::UUID AND
00:22:33.604|8379|idle in transaction|Client|INSERT INTO partitioned_asset_key_log (asset_id, asset_event_id, asset_partition_dag_run_id, source_partition_key, target_dag_id, target_partition_key, created_at) VALUES (1, 30363, 30363, 'ACCT000190
00:22:34.181|8379|idle in transaction|Client|INSERT INTO partitioned_asset_key_log (asset_id, asset_event_id, asset_partition_dag_run_id, source_partition_key, target_dag_id, target_partition_key, created_at) VALUES (1, 30434, 30434, 'ACCT000192
00:22:34.742|94|idle in transaction|Client|SELECT dag_version.id, dag_version.version_number, dag_version.dag_id, dag_version.bundle_name, dag_version.bundle_version, dag_version.version_data, dag_version.created_at, dag_version.last_updated F
00:22:35.340|94|idle in transaction|Client|SELECT task_instance.dag_version_id FROM task_instance WHERE task_instance.dag_id = 'bench_partition_consumer' AND task_instance.dag_version_id = '01a0efa2-2565-7f80-a0a2-753ce7d9a46b'::uuid::UUID AND
00:22:35.927|94|idle in transaction|Client|UPDATE dag_run SET last_scheduling_decision='2026-09-30T00:22:34.685365+00:00'::timestamptz, updated_at='2026-09-30T00:22:35.851473+00:00'::timestamptz, scheduled_by_job_id=1 WHERE dag_run.id = 29318
00:22:36.495|94|idle in transaction|Client|SELECT dag_version.id, dag_version.version_number, dag_version.dag_id, dag_version.bundle_name, dag_version.bundle_version, dag_version.version_data, dag_version.created_at, dag_version.last_updated F
00:22:37.061|94|idle in transaction|Client|INSERT INTO dag_run (dag_id, queued_at, logical_date, start_date, end_date, state, run_id, creating_job_id, run_type, triggered_by, triggering_user_name, conf, data_interval_start, data_interval_end, 
00:22:37.628|94|idle in transaction|Client|INSERT INTO task_instance (id, task_id, dag_id, run_id, map_index, try_number, max_tries, hostname, unixname, pool, pool_slots, queue, priority_weight, operator, custom_operator_name, executor_config,
00:22:37.628|8952|idle in transaction|Client|INSERT INTO asset_event (asset_id, extra, source_task_id, source_dag_id, source_run_id, source_map_index, timestamp, partition_key) VALUES (1, '{}'::JSON, 'emit', 'bench_partition_producer', 'part_100
00:22:38.221|94|idle in transaction|Client|INSERT INTO dagrun_asset_event (dag_run_id, event_id) VALUES (30328, 30321)
00:22:38.221|8952|idle in transaction|Client|SELECT asset_partition_dag_run.id, asset_partition_dag_run.target_dag_id, asset_partition_dag_run.created_dag_run_id, asset_partition_dag_run.partition_key, asset_partition_dag_run.partition_date, ass
00:22:38.803|94|idle in transaction|Client|SELECT asset_event.id, asset_event.asset_id, asset_event.extra, asset_event.source_task_id, asset_event.source_dag_id, asset_event.source_run_id, asset_event.source_map_index, asset_event.timestamp, a
00:22:38.803|8952|active|Client|SELECT asset_partition_dag_run.id, asset_partition_dag_run.target_dag_id, asset_partition_dag_run.created_dag_run_id, asset_partition_dag_run.partition_key, asset_partition_dag_run.partition_date, ass
00:22:39.376|94|active||UPDATE asset_partition_dag_run SET created_dag_run_id=30507, updated_at='2026-09-30T00:22:39.304355+00:00'::timestamptz WHERE asset_partition_dag_run.id = 30500
00:22:39.376|8952|active|Client|INSERT INTO asset_event (asset_id, extra, source_task_id, source_dag_id, source_run_id, source_map_index, timestamp, partition_key) VALUES (1, '{}'::JSON, 'emit', 'bench_partition_producer', 'part_100
00:22:39.940|94|idle in transaction|Client|SELECT task_instance.id, task_instance.task_id, task_instance.dag_id, task_instance.run_id, task_instance.map_index, task_instance.start_date, task_instance.end_date, task_instance.duration, task_inst
00:22:39.940|8952|idle in transaction||INSERT INTO asset_partition_dag_run (target_dag_id, created_dag_run_id, partition_key, partition_date, rollup_fingerprint, created_at, updated_at) VALUES ('bench_partition_consumer', NULL, 'ACCT000198
00:22:40.508|94|idle in transaction||UPDATE task_instance SET start_date='2026-09-30T00:22:40.435395+00:00'::timestamptz, end_date='2026-09-30T00:22:40.435396+00:00'::timestamptz, duration=0, state='success', try_number=(task_instance.tr
00:22:40.508|8952|idle in transaction|Client|SELECT asset.id, asset.name, asset.uri, asset."group", asset.extra, asset.created_at, asset.updated_at, asset_active_1.name AS name_1, asset_active_1.uri AS uri_1, dag_1.dag_id, dag_1.is_paused, dag_1
00:22:41.077|8952|idle in transaction|Client|SELECT asset_alias.id, asset_alias.name, asset_alias."group" FROM asset_alias WHERE asset_alias.name IN (NULL) AND (1 != 1)
00:22:41.647|94|idle in transaction|Client|UPDATE task_instance SET start_date='2026-09-30T00:22:41.575585+00:00'::timestamptz, end_date='2026-09-30T00:22:41.575586+00:00'::timestamptz, duration=0, state='success', try_number=(task_instance.tr
00:22:41.647|8952|idle in transaction|Client|SELECT asset_partition_dag_run.id, asset_partition_dag_run.target_dag_id, asset_partition_dag_run.created_dag_run_id, asset_partition_dag_run.partition_key, asset_partition_dag_run.partition_date, ass
00:22:42.206|94|active||SELECT task_instance.id, task_instance.task_id, task_instance.dag_id, task_instance.run_id, task_instance.map_index, task_instance.start_date, task_instance.end_date, task_instance.duration, task_inst
00:22:42.775|94|idle in transaction|Client|SELECT dag_version.id, dag_version.version_number, dag_version.dag_id, dag_version.bundle_name, dag_version.bundle_version, dag_version.version_data, dag_version.created_at, dag_version.last_updated F
00:22:43.423|94|idle in transaction|Client|INSERT INTO dag_run (dag_id, queued_at, logical_date, start_date, end_date, state, run_id, creating_job_id, run_type, triggered_by, triggering_user_name, conf, data_interval_start, data_interval_end, 
00:22:43.987|94|idle in transaction|Client|INSERT INTO dagrun_asset_event (dag_run_id, event_id) VALUES (30664, 30657)
00:22:44.569|94|idle in transaction|Client|SELECT dag_version.id, dag_version.version_number, dag_version.dag_id, dag_version.bundle_name, dag_version.bundle_version, dag_version.version_data, dag_version.created_at, dag_version.last_updated F
00:22:44.569|5113|idle in transaction|Client|INSERT INTO partitioned_asset_key_log (asset_id, asset_event_id, asset_partition_dag_run_id, source_partition_key, target_dag_id, target_partition_key, created_at) VALUES (1, 31034, 31034, 'ACCT000202
00:22:45.146|94|idle in transaction|Client|SELECT task_instance.id, task_instance.task_id, task_instance.dag_id, task_instance.run_id, task_instance.map_index, task_instance.start_date, task_instance.end_date, task_instance.duration, task_inst
00:22:45.146|5113|idle in transaction|Client|SELECT asset.id, asset.name, asset.uri, asset."group", asset.extra, asset.created_at, asset.updated_at, asset_active_1.name AS name_1, asset_active_1.uri AS uri_1, dag_1.dag_id, dag_1.is_paused, dag_1
00:22:45.774|94|idle in transaction|Client|SELECT dag.bundle_version FROM dag WHERE dag.dag_id = 'bench_partition_consumer'
00:22:45.774|5113|active||SELECT asset_partition_dag_run.id, asset_partition_dag_run.target_dag_id, asset_partition_dag_run.created_dag_run_id, asset_partition_dag_run.partition_key, asset_partition_dag_run.partition_date, ass
00:22:46.341|94|active||SELECT dag_run.id, dag_run.dag_id, dag_run.queued_at, dag_run.logical_date, dag_run.start_date, dag_run.end_date, dag_run.state, dag_run.run_id, dag_run.creating_job_id, dag_run.run_type, dag_run.trig
00:22:46.341|5113|idle in transaction|Client|SELECT asset.id FROM asset WHERE asset.id = 1 FOR NO KEY UPDATE
00:22:46.919|94|idle in transaction|Client|SELECT task_instance.id, task_instance.task_id, task_instance.dag_id, task_instance.run_id, task_instance.map_index, task_instance.start_date, task_instance.end_date, task_instance.duration, task_inst
00:22:46.919|5113|idle in transaction|Client|INSERT INTO asset_event (asset_id, extra, source_task_id, source_dag_id, source_run_id, source_map_index, timestamp, partition_key) VALUES (1, '{}'::JSON, 'emit', 'bench_partition_producer', 'part_100
00:22:47.573|94|idle in transaction|Client|SELECT task_instance.dag_version_id FROM task_instance WHERE task_instance.dag_id = 'bench_partition_consumer' AND task_instance.dag_version_id = '01a0efa2-2565-7f80-a0a2-753ce7d9a46b'::uuid::UUID AND
00:22:47.573|5113|active||SELECT asset_partition_dag_run.id, asset_partition_dag_run.target_dag_id, asset_partition_dag_run.created_dag_run_id, asset_partition_dag_run.partition_key, asset_partition_dag_run.partition_date, ass
00:22:48.153|5113|active||SELECT asset.id, asset.name, asset.uri, asset."group", asset.extra, asset.created_at, asset.updated_at, asset_active_1.name AS name_1, asset_active_1.uri AS uri_1, dag_1.dag_id, dag_1.is_paused, dag_1
00:22:48.787|94|idle in transaction|Client|UPDATE dag_run SET start_date='2026-09-30T00:22:48.556040+00:00'::timestamptz, state='running', updated_at='2026-09-30T00:22:48.575230+00:00'::timestamptz WHERE dag_run.id = 30281
00:22:48.787|5113|idle in transaction||SELECT asset.id, asset.name, asset.uri, asset."group", asset.extra, asset.created_at, asset.updated_at FROM asset WHERE asset.id = 1
00:22:49.365|94|idle in transaction|Client|UPDATE task_instance SET start_date='2026-09-30T00:22:49.292281+00:00'::timestamptz, end_date='2026-09-30T00:22:49.292282+00:00'::timestamptz, duration=0, state='success', try_number=(task_instance.tr
00:22:49.943|94|active|Client|UPDATE dag_run SET last_scheduling_decision='2026-09-30T00:22:49.037863+00:00'::timestamptz, updated_at='2026-09-30T00:22:49.845394+00:00'::timestamptz, scheduled_by_job_id=1 WHERE dag_run.id = 30163
00:22:50.516|94|idle in transaction|Client|SELECT dag.bundle_version FROM dag WHERE dag.dag_id = 'bench_partition_consumer'
00:22:51.080|94|idle in transaction|Client|INSERT INTO dag_run (dag_id, queued_at, logical_date, start_date, end_date, state, run_id, creating_job_id, run_type, triggered_by, triggering_user_name, conf, data_interval_start, data_interval_end, 
00:22:51.652|94|idle in transaction|Client|SELECT max(log_template.id) AS max_1 FROM log_template
00:22:51.652|5113|active||SELECT asset_partition_dag_run.id, asset_partition_dag_run.target_dag_id, asset_partition_dag_run.created_dag_run_id, asset_partition_dag_run.partition_key, asset_partition_dag_run.partition_date, ass
00:22:52.231|94|idle in transaction|Client|SELECT asset_event.id, asset_event.asset_id, asset_event.extra, asset_event.source_task_id, asset_event.source_dag_id, asset_event.source_run_id, asset_event.source_map_index, asset_event.timestamp, a
00:22:52.231|5113|idle in transaction|Client|INSERT INTO asset_partition_dag_run (target_dag_id, created_dag_run_id, partition_key, partition_date, rollup_fingerprint, created_at, updated_at) VALUES ('bench_partition_consumer', NULL, 'ACCT000209
00:22:52.790|94|idle in transaction|Client|UPDATE asset_partition_dag_run SET created_dag_run_id=31420, updated_at='2026-09-30T00:22:52.718364+00:00'::timestamptz WHERE asset_partition_dag_run.id = 31413
00:22:52.790|5113|idle in transaction|Client|SELECT asset.id, asset.name, asset.uri, asset."group", asset.extra, asset.created_at, asset.updated_at, asset_active_1.name AS name_1, asset_active_1.uri AS uri_1, dag_1.dag_id, dag_1.is_paused, dag_1
00:22:53.361|94|idle in transaction|Client|SELECT task_instance.id, task_instance.task_id, task_instance.dag_id, task_instance.run_id, task_instance.map_index, task_instance.start_date, task_instance.end_date, task_instance.duration, task_inst
00:22:53.361|5113|active||SELECT asset_partition_dag_run.id, asset_partition_dag_run.target_dag_id, asset_partition_dag_run.created_dag_run_id, asset_partition_dag_run.partition_key, asset_partition_dag_run.partition_date, ass
00:22:53.938|94|idle in transaction|Client|SELECT task_instance.dag_version_id FROM task_instance WHERE task_instance.dag_id = 'bench_partition_consumer' AND task_instance.dag_version_id = '01a0efa2-2565-7f80-a0a2-753ce7d9a46b'::uuid::UUID AND
00:22:53.938|5113|idle in transaction|Client|SELECT dag.dag_id, dag.is_paused, dag.is_stale, dag.exceeds_max_non_backfill, dag.last_parsed_time, dag.last_parse_duration, dag.last_expired, dag.fileloc, dag.relative_fileloc, dag.bundle_name, dag.b
00:22:53.938|19317|active|Timeout|autovacuum: VACUUM ANALYZE public.asset_partition_dag_run
00:22:54.497|94|idle in transaction|Client|SELECT task_instance.id, task_instance.task_id, task_instance.dag_id, task_instance.run_id, task_instance.map_index, task_instance.start_date, task_instance.end_date, task_instance.duration, task_inst
00:22:54.497|5113|active|Client|INSERT INTO partitioned_asset_key_log (asset_id, asset_event_id, asset_partition_dag_run_id, source_partition_key, target_dag_id, target_partition_key, created_at) VALUES (1, 31840, 31840, 'ACCT000208
00:22:55.066|5113|idle in transaction|Client|INSERT INTO asset_partition_dag_run (target_dag_id, created_dag_run_id, partition_key, partition_date, rollup_fingerprint, created_at, updated_at) VALUES ('bench_partition_consumer', NULL, 'ACCT000205
00:22:55.629|94|idle in transaction|Client|UPDATE dag_run SET start_date='2026-09-30T00:22:55.450419+00:00'::timestamptz, state='running', updated_at='2026-09-30T00:22:55.495341+00:00'::timestamptz WHERE dag_run.id = 30633
00:22:55.629|5113|idle in transaction|Client|SELECT asset_partition_dag_run.id, asset_partition_dag_run.target_dag_id, asset_partition_dag_run.created_dag_run_id, asset_partition_dag_run.partition_key, asset_partition_dag_run.partition_date, ass
00:22:56.188|94|idle in transaction|Client|SELECT task_instance.dag_version_id FROM task_instance WHERE task_instance.dag_id = 'bench_partition_consumer' AND task_instance.dag_version_id = '01a0efa2-2565-7f80-a0a2-753ce7d9a46b'::uuid::UUID AND
00:22:56.759|94|idle in transaction|Client|UPDATE dag_run SET last_scheduling_decision='2026-09-30T00:22:56.230478+00:00'::timestamptz, updated_at='2026-09-30T00:22:56.617347+00:00'::timestamptz, scheduled_by_job_id=1 WHERE dag_run.id = 30643
00:22:57.335|94|idle in transaction|Client|INSERT INTO dag_run (dag_id, queued_at, logical_date, start_date, end_date, state, run_id, creating_job_id, run_type, triggered_by, triggering_user_name, conf, data_interval_start, data_interval_end, 
00:22:57.897|94|idle in transaction|Client|SELECT task_instance.id, task_instance.task_id, task_instance.dag_id, task_instance.run_id, task_instance.map_index, task_instance.start_date, task_instance.end_date, task_instance.duration, task_inst
00:22:58.480|94|idle in transaction|Client|SELECT dag_version.id, dag_version.version_number, dag_version.dag_id, dag_version.bundle_name, dag_version.bundle_version, dag_version.version_data, dag_version.created_at, dag_version.last_updated F
00:22:58.480|5113|active||SELECT asset_partition_dag_run.id, asset_partition_dag_run.target_dag_id, asset_partition_dag_run.created_dag_run_id, asset_partition_dag_run.partition_key, asset_partition_dag_run.partition_date, ass
00:22:59.044|94|idle in transaction|Client|SELECT asset_event.id, asset_event.asset_id, asset_event.extra, asset_event.source_task_id, asset_event.source_dag_id, asset_event.source_run_id, asset_event.source_map_index, asset_event.timestamp, a
00:22:59.044|5113|idle in transaction|Client|INSERT INTO asset_partition_dag_run (target_dag_id, created_dag_run_id, partition_key, partition_date, rollup_fingerprint, created_at, updated_at) VALUES ('bench_partition_consumer', NULL, 'ACCT000213
00:22:59.629|94|idle in transaction|Client|SELECT max(log_template.id) AS max_1 FROM log_template
00:22:59.629|5113|active||SELECT asset_partition_dag_run.id, asset_partition_dag_run.target_dag_id, asset_partition_dag_run.created_dag_run_id, asset_partition_dag_run.partition_key, asset_partition_dag_run.partition_date, ass
00:22:59.629|15180|active||select count(*) from task_instance where dag_id='bench_partition_consumer'
00:23:00.199|94|idle in transaction|Client|SELECT dag_version.id, dag_version.version_number, dag_version.dag_id, dag_version.bundle_name, dag_version.bundle_version, dag_version.version_data, dag_version.created_at, dag_version.last_updated F
00:23:00.199|5113|idle in transaction|Client|INSERT INTO asset_event (asset_id, extra, source_task_id, source_dag_id, source_run_id, source_map_index, timestamp, partition_key) VALUES (1, '{}'::JSON, 'emit', 'bench_partition_producer', 'part_100
00:23:00.765|94|idle in transaction|Client|SELECT task_instance.id, task_instance.task_id, task_instance.dag_id, task_instance.run_id, task_instance.map_index, task_instance.start_date, task_instance.end_date, task_instance.duration, task_inst
00:23:00.765|5113|idle in transaction|Client|SELECT asset_alias.id, asset_alias.name, asset_alias."group" FROM asset_alias WHERE asset_alias.name IN (NULL) AND (1 != 1)
00:23:01.332|94|active||UPDATE dag_run SET last_scheduling_decision='2026-09-30T00:23:00.662824+00:00'::timestamptz, updated_at='2026-09-30T00:23:01.221851+00:00'::timestamptz, scheduled_by_job_id=1 WHERE dag_run.id = 30788
00:23:01.332|5113|idle in transaction|Client|SELECT asset.id FROM asset WHERE asset.id = 1 FOR NO KEY UPDATE
00:23:01.898|5113|active|Client|SELECT asset_partition_dag_run.id, asset_partition_dag_run.target_dag_id, asset_partition_dag_run.created_dag_run_id, asset_partition_dag_run.partition_key, asset_partition_dag_run.partition_date, ass
00:23:02.458|94|idle in transaction|Client|SELECT task_instance.id, task_instance.task_id, task_instance.dag_id, task_instance.run_id, task_instance.map_index, task_instance.start_date, task_instance.end_date, task_instance.duration, task_inst
00:23:03.044|94|idle in transaction|Client|UPDATE task_instance SET start_date='2026-09-30T00:23:02.971716+00:00'::timestamptz, end_date='2026-09-30T00:23:02.971717+00:00'::timestamptz, duration=0, state='success', try_number=(task_instance.tr
00:23:03.652|94|idle in transaction|Client|UPDATE dag_run SET last_scheduling_decision='2026-09-30T00:23:02.457459+00:00'::timestamptz, updated_at='2026-09-30T00:23:03.550605+00:00'::timestamptz, scheduled_by_job_id=1 WHERE dag_run.id = 30956
00:23:04.244|95|idle in transaction|Client|SELECT dag_priority_parsing_request.id, dag_priority_parsing_request.bundle_name, dag_priority_parsing_request.relative_fileloc FROM dag_priority_parsing_request WHERE dag_priority_parsing_request.bun
00:23:04.244|94|idle in transaction|Client|SELECT task_instance.id, task_instance.task_id, task_instance.dag_id, task_instance.run_id, task_instance.map_index, task_instance.start_date, task_instance.end_date, task_instance.duration, task_inst
00:23:04.815|94|idle in transaction|Client|SELECT asset_event.id, asset_event.asset_id, asset_event.extra, asset_event.source_task_id, asset_event.source_dag_id, asset_event.source_run_id, asset_event.source_map_index, asset_event.timestamp, a
00:23:05.448|94|idle in transaction|Client|UPDATE asset_partition_dag_run SET created_dag_run_id=32226, updated_at='2026-09-30T00:23:05.376609+00:00'::timestamptz WHERE asset_partition_dag_run.id = 32219
00:23:05.448|8632|idle in transaction|Client|INSERT INTO partitioned_asset_key_log (asset_id, asset_event_id, asset_partition_dag_run_id, source_partition_key, target_dag_id, target_partition_key, created_at) VALUES (1, 32513, 32513, 'ACCT000217
00:23:06.019|94|idle in transaction||SELECT dag_version.id, dag_version.version_number, dag_version.dag_id, dag_version.bundle_name, dag_version.bundle_version, dag_version.version_data, dag_version.created_at, dag_version.last_updated F
00:23:06.019|8632|idle in transaction|Client|SELECT asset.id FROM asset WHERE asset.id = 1 FOR NO KEY UPDATE
00:23:06.591|94|idle in transaction|Client|INSERT INTO task_instance (id, task_id, dag_id, run_id, map_index, try_number, max_tries, hostname, unixname, pool, pool_slots, queue, priority_weight, operator, custom_operator_name, executor_config,
00:23:06.591|8632|active|Client|SELECT serialized_dag.id, serialized_dag.dag_id, serialized_dag.data, serialized_dag.data_compressed, serialized_dag.created_at, serialized_dag.last_updated, serialized_dag.dag_hash, serialized_dag.da
00:23:07.150|94|idle in transaction|Client|INSERT INTO dagrun_asset_event (dag_run_id, event_id) VALUES (32486, 32479)
00:23:07.150|8632|active||SELECT asset_partition_dag_run.id, asset_partition_dag_run.target_dag_id, asset_partition_dag_run.created_dag_run_id, asset_partition_dag_run.partition_key, asset_partition_dag_run.partition_date, ass
00:23:07.734|94|idle in transaction||SELECT dag_version.id, dag_version.version_number, dag_version.dag_id, dag_version.bundle_name, dag_version.bundle_version, dag_version.version_data, dag_version.created_at, dag_version.last_updated F
00:23:07.734|8632|idle in transaction|Client|INSERT INTO partitioned_asset_key_log (asset_id, asset_event_id, asset_partition_dag_run_id, source_partition_key, target_dag_id, target_partition_key, created_at) VALUES (1, 32776, 32776, 'ACCT000217
00:23:08.298|94|idle in transaction|Client|SELECT dag_version.id, dag_version.version_number, dag_version.dag_id, dag_version.bundle_name, dag_version.bundle_version, dag_version.version_data, dag_version.created_at, dag_version.last_updated F
00:23:08.298|8632|idle in transaction||SELECT asset_alias.id, asset_alias.name, asset_alias."group" FROM asset_alias WHERE asset_alias.name IN (NULL) AND (1 != 1)
00:23:08.866|8632|active||SELECT asset_partition_dag_run.id, asset_partition_dag_run.target_dag_id, asset_partition_dag_run.created_dag_run_id, asset_partition_dag_run.partition_key, asset_partition_dag_run.partition_date, ass
00:23:09.432|94|idle in transaction|Client|SELECT dag_version.id, dag_version.version_number, dag_version.dag_id, dag_version.bundle_name, dag_version.bundle_version, dag_version.version_data, dag_version.created_at, dag_version.last_updated F
00:23:09.432|8632|active||SELECT asset_partition_dag_run.id, asset_partition_dag_run.target_dag_id, asset_partition_dag_run.created_dag_run_id, asset_partition_dag_run.partition_key, asset_partition_dag_run.partition_date, ass
00:23:09.990|94|active||SELECT task_instance.id, task_instance.task_id, task_instance.dag_id, task_instance.run_id, task_instance.map_index, task_instance.start_date, task_instance.end_date, task_instance.duration, task_inst
00:23:10.574|94|active||SELECT task_instance.dag_version_id FROM task_instance WHERE task_instance.dag_id = 'bench_partition_consumer' AND task_instance.dag_version_id = '01a0efa2-2565-7f80-a0a2-753ce7d9a46b'::uuid::UUID AND
00:23:11.140|94|idle in transaction|Client|UPDATE asset_partition_dag_run SET created_dag_run_id=32555, updated_at='2026-09-30T00:23:11.068357+00:00'::timestamptz WHERE asset_partition_dag_run.id = 32548
00:23:11.722|94|idle in transaction|Client|SELECT dag_version.id, dag_version.version_number, dag_version.dag_id, dag_version.bundle_name, dag_version.bundle_version, dag_version.version_data, dag_version.created_at, dag_version.last_updated F
00:23:12.286|94|idle in transaction|Client|SELECT dag_version.id, dag_version.version_number, dag_version.dag_id, dag_version.bundle_name, dag_version.bundle_version, dag_version.version_data, dag_version.created_at, dag_version.last_updated F
00:23:12.286|103|active||SELECT serialized_dag.id, serialized_dag.dag_id, serialized_dag.data, serialized_dag.data_compressed, serialized_dag.created_at, serialized_dag.last_updated, serialized_dag.dag_hash, serialized_dag.da
00:23:12.883|94|idle in transaction|Client|UPDATE asset_partition_dag_run SET created_dag_run_id=32819, updated_at='2026-09-30T00:23:12.809652+00:00'::timestamptz WHERE asset_partition_dag_run.id = 32812
00:23:12.883|103|active||SELECT asset_partition_dag_run.id, asset_partition_dag_run.target_dag_id, asset_partition_dag_run.created_dag_run_id, asset_partition_dag_run.partition_key, asset_partition_dag_run.partition_date, ass
00:23:13.449|94|idle in transaction||UPDATE asset_partition_dag_run SET created_dag_run_id=32898, updated_at='2026-09-30T00:23:13.375958+00:00'::timestamptz WHERE asset_partition_dag_run.id = 32891
00:23:13.449|103|idle in transaction|Client|SELECT asset.id FROM asset WHERE asset.id = 1 FOR NO KEY UPDATE
00:23:14.011|94|idle in transaction|Client|SELECT dag.bundle_version FROM dag WHERE dag.dag_id = 'bench_partition_consumer'
00:23:14.011|103|idle in transaction|Client|SELECT asset_partition_dag_run.id, asset_partition_dag_run.target_dag_id, asset_partition_dag_run.created_dag_run_id, asset_partition_dag_run.partition_key, asset_partition_dag_run.partition_date, ass
00:23:14.571|94|idle in transaction|Client|SELECT dag_version.id, dag_version.version_number, dag_version.dag_id, dag_version.bundle_name, dag_version.bundle_version, dag_version.version_data, dag_version.created_at, dag_version.last_updated F
00:23:14.571|103|active||SELECT asset.id, asset.name, asset.uri, asset."group", asset.extra, asset.created_at, asset.updated_at FROM asset WHERE asset.id = 1
00:23:15.137|94|idle in transaction|Client|SELECT task_instance.id, task_instance.task_id, task_instance.dag_id, task_instance.run_id, task_instance.map_index, task_instance.start_date, task_instance.end_date, task_instance.duration, task_inst
00:23:15.137|103|idle in transaction|Client|SELECT asset.id, asset.name, asset.uri, asset."group", asset.extra, asset.created_at, asset.updated_at, asset_active_1.name AS name_1, asset_active_1.uri AS uri_1, dag_1.dag_id, dag_1.is_paused, dag_1
00:23:15.709|103|active||SELECT asset_partition_dag_run.id, asset_partition_dag_run.target_dag_id, asset_partition_dag_run.created_dag_run_id, asset_partition_dag_run.partition_key, asset_partition_dag_run.partition_date, ass
00:23:16.280|94|idle in transaction|Client|SELECT dag_version.id, dag_version.version_number, dag_version.dag_id, dag_version.bundle_name, dag_version.bundle_version, dag_version.version_data, dag_version.created_at, dag_version.last_updated F
00:23:16.280|103|idle in transaction|Client|SELECT asset.id, asset.name, asset.uri, asset."group", asset.extra, asset.created_at, asset.updated_at FROM asset WHERE asset.id = 1
00:23:16.849|94|active|Client|SELECT task_instance.id, task_instance.task_id, task_instance.dag_id, task_instance.run_id, task_instance.map_index, task_instance.start_date, task_instance.end_date, task_instance.duration, task_inst
00:23:17.407|94|idle in transaction|Client|UPDATE dag_run SET last_scheduling_decision='2026-09-30T00:23:17.050052+00:00'::timestamptz, updated_at='2026-09-30T00:23:17.273627+00:00'::timestamptz, scheduled_by_job_id=1 WHERE dag_run.id = 31858
00:23:17.967|94|idle in transaction|Client|UPDATE asset_partition_dag_run SET created_dag_run_id=33068, updated_at='2026-09-30T00:23:17.894926+00:00'::timestamptz WHERE asset_partition_dag_run.id = 33061
00:23:18.527|94|idle in transaction||SELECT dag_version.id, dag_version.version_number, dag_version.dag_id, dag_version.bundle_name, dag_version.bundle_version, dag_version.version_data, dag_version.created_at, dag_version.last_updated F
00:23:19.103|94|idle in transaction|Client|SELECT max(log_template.id) AS max_1 FROM log_template
00:23:19.103|8775|active||SELECT asset.id, asset.name, asset.uri, asset."group", asset.extra, asset.created_at, asset.updated_at, asset_active_1.name AS name_1, asset_active_1.uri AS uri_1, dag_1.dag_id, dag_1.is_paused, dag_1
00:23:19.682|94|idle in transaction|Client|INSERT INTO dagrun_asset_event (dag_run_id, event_id) VALUES (33341, 33334)
00:23:19.682|8775|idle in transaction|Client|SELECT asset.id FROM asset WHERE asset.id = 1 FOR NO KEY UPDATE
00:23:20.247|94|idle in transaction|Client|SELECT task_instance.id, task_instance.task_id, task_instance.dag_id, task_instance.run_id, task_instance.map_index, task_instance.start_date, task_instance.end_date, task_instance.duration, task_inst
00:23:20.247|8775|active|Client|SELECT serialized_dag.id, serialized_dag.dag_id, serialized_dag.data, serialized_dag.data_compressed, serialized_dag.created_at, serialized_dag.last_updated, serialized_dag.dag_hash, serialized_dag.da
00:23:20.835|94|idle in transaction|Client|SELECT dag_version.id, dag_version.version_number, dag_version.dag_id, dag_version.bundle_name, dag_version.bundle_version, dag_version.version_data, dag_version.created_at, dag_version.last_updated F
00:23:20.835|8775|active||SELECT asset_partition_dag_run.id, asset_partition_dag_run.target_dag_id, asset_partition_dag_run.created_dag_run_id, asset_partition_dag_run.partition_key, asset_partition_dag_run.partition_date, ass
00:23:21.439|94|idle in transaction|Client|UPDATE task_instance SET start_date='2026-09-30T00:23:21.367926+00:00'::timestamptz, end_date='2026-09-30T00:23:21.367927+00:00'::timestamptz, duration=0, state='success', try_number=(task_instance.tr
00:23:21.439|8775|idle in transaction|Client|INSERT INTO asset_partition_dag_run (target_dag_id, created_dag_run_id, partition_key, partition_date, rollup_fingerprint, created_at, updated_at) VALUES ('bench_partition_consumer', NULL, 'ACCT000225
00:23:22.023|94|active||SELECT task_instance.id, task_instance.task_id, task_instance.dag_id, task_instance.run_id, task_instance.map_index, task_instance.start_date, task_instance.end_date, task_instance.duration, task_inst
00:23:22.023|8775|idle in transaction|Client|SELECT dag.dag_id, dag.is_paused, dag.is_stale, dag.exceeds_max_non_backfill, dag.last_parsed_time, dag.last_parse_duration, dag.last_expired, dag.fileloc, dag.relative_fileloc, dag.bundle_name, dag.b
00:23:22.614|8775|active|Client|SELECT asset_alias.id, asset_alias.name, asset_alias."group" FROM asset_alias WHERE asset_alias.name IN (NULL) AND (1 != 1)
00:23:23.178|94|idle in transaction|Client|SELECT task_instance.dag_version_id FROM task_instance WHERE task_instance.dag_id = 'bench_partition_consumer' AND task_instance.dag_version_id = '01a0efa2-2565-7f80-a0a2-753ce7d9a46b'::uuid::UUID AND
00:23:23.178|8775|idle in transaction|Client|SELECT asset.id FROM asset WHERE asset.id = 1 FOR NO KEY UPDATE
00:23:23.750|94|idle in transaction|Client|SELECT dag.dag_id AS dag_dag_id, dag.is_paused AS dag_is_paused, dag.is_stale AS dag_is_stale, dag.exceeds_max_non_backfill AS dag_exceeds_max_non_backfill, dag.last_parsed_time AS dag_last_parsed_tim
00:23:24.331|94|active||SELECT task_instance.id, task_instance.task_id, task_instance.dag_id, task_instance.run_id, task_instance.map_index, task_instance.start_date, task_instance.end_date, task_instance.duration, task_inst
00:23:24.908|94|active||SELECT asset_event.id, asset_event.asset_id, asset_event.extra, asset_event.source_task_id, asset_event.source_dag_id, asset_event.source_run_id, asset_event.source_map_index, asset_event.timestamp, a
00:23:25.490|94|active||UPDATE asset_partition_dag_run SET created_dag_run_id=33682, updated_at='2026-09-30T00:23:25.417467+00:00'::timestamptz WHERE asset_partition_dag_run.id = 33675
00:23:25.490|9080|idle in transaction|Client|SELECT xcom.dag_run_id, xcom.task_id, xcom.map_index, xcom.key, xcom.dag_result, xcom.dag_id, xcom.run_id, xcom.value, xcom.timestamp, dag_run_1.id, dag_run_1.dag_id AS dag_id_1, dag_run_1.queued_at, 
00:23:26.054|94|idle in transaction|Client|INSERT INTO task_instance (id, task_id, dag_id, run_id, map_index, try_number, max_tries, hostname, unixname, pool, pool_slots, queue, priority_weight, operator, custom_operator_name, executor_config,
00:23:26.054|8379|idle in transaction|Client|SELECT serialized_dag.id, serialized_dag.dag_id, serialized_dag.data, serialized_dag.data_compressed, serialized_dag.created_at, serialized_dag.last_updated, serialized_dag.dag_hash, serialized_dag.da
00:23:26.642|94|idle in transaction|Client|INSERT INTO dag_run (dag_id, queued_at, logical_date, start_date, end_date, state, run_id, creating_job_id, run_type, triggered_by, triggering_user_name, conf, data_interval_start, data_interval_end, 
00:23:26.642|8379|idle in transaction|Client|SELECT asset.id FROM asset WHERE asset.id = 1 FOR NO KEY UPDATE
00:23:27.205|94|idle in transaction|Client|INSERT INTO dagrun_asset_event (dag_run_id, event_id) VALUES (33943, 33936)
00:23:27.205|8379|active||SELECT asset_partition_dag_run.id, asset_partition_dag_run.target_dag_id, asset_partition_dag_run.created_dag_run_id, asset_partition_dag_run.partition_key, asset_partition_dag_run.partition_date, ass
00:23:27.811|94|idle in transaction|Client|SELECT dag_version.id, dag_version.version_number, dag_version.dag_id, dag_version.bundle_name, dag_version.bundle_version, dag_version.version_data, dag_version.created_at, dag_version.last_updated F
00:23:27.811|8379|idle in transaction|Client|SELECT serialized_dag.id, serialized_dag.dag_id, serialized_dag.data, serialized_dag.data_compressed, serialized_dag.created_at, serialized_dag.last_updated, serialized_dag.dag_hash, serialized_dag.da
00:23:28.383|94|idle in transaction|Client|SELECT dag_version.id, dag_version.version_number, dag_version.dag_id, dag_version.bundle_name, dag_version.bundle_version, dag_version.version_data, dag_version.created_at, dag_version.last_updated F
00:23:28.383|8379|idle in transaction|Client|SELECT dag.dag_id, dag.is_paused, dag.is_stale, dag.exceeds_max_non_backfill, dag.last_parsed_time, dag.last_parse_duration, dag.last_expired, dag.fileloc, dag.relative_fileloc, dag.bundle_name, dag.b
00:23:28.962|94|idle in transaction|Client|SELECT task_instance.id, task_instance.task_id, task_instance.dag_id, task_instance.run_id, task_instance.map_index, task_instance.start_date, task_instance.end_date, task_instance.duration, task_inst
00:23:28.962|8379|active||SELECT asset_partition_dag_run.id, asset_partition_dag_run.target_dag_id, asset_partition_dag_run.created_dag_run_id, asset_partition_dag_run.partition_key, asset_partition_dag_run.partition_date, ass
00:23:29.529|8379|idle in transaction|Client|INSERT INTO asset_partition_dag_run (target_dag_id, created_dag_run_id, partition_key, partition_date, rollup_fingerprint, created_at, updated_at) VALUES ('bench_partition_consumer', NULL, 'ACCT000231
00:23:30.122|94|idle in transaction|Client|SELECT dag_run.id, dag_run.dag_id, dag_run.queued_at, dag_run.logical_date, dag_run.start_date, dag_run.end_date, dag_run.state, dag_run.run_id, dag_run.creating_job_id, dag_run.run_type, dag_run.trig
00:23:30.122|15180|active||select count(*) from task_instance where dag_id='bench_partition_consumer'
00:23:30.122|8379|idle in transaction|Client|INSERT INTO partitioned_asset_key_log (asset_id, asset_event_id, asset_partition_dag_run_id, source_partition_key, target_dag_id, target_partition_key, created_at) VALUES (1, 34479, 34479, 'ACCT000232
00:23:30.692|94|active||UPDATE task_instance SET start_date='2026-09-30T00:23:30.619349+00:00'::timestamptz, end_date='2026-09-30T00:23:30.619350+00:00'::timestamptz, duration=0, state='success', try_number=(task_instance.tr
00:23:31.273|94|idle in transaction|Client|SELECT dag_version.id, dag_version.version_number, dag_version.dag_id, dag_version.bundle_name, dag_version.bundle_version, dag_version.version_data, dag_version.created_at, dag_version.last_updated F
00:23:31.846|94|idle in transaction|Client|SELECT dag.bundle_version FROM dag WHERE dag.dag_id = 'bench_partition_consumer'
00:23:32.435|94|idle in transaction||INSERT INTO dagrun_asset_event (dag_run_id, event_id) VALUES (34183, 34176)
00:23:33.019|94|idle in transaction|Client|SELECT task_instance.id, task_instance.task_id, task_instance.dag_id, task_instance.run_id, task_instance.map_index, task_instance.start_date, task_instance.end_date, task_instance.duration, task_inst
00:23:33.019|8952|idle in transaction|Client|INSERT INTO asset_event (asset_id, extra, source_task_id, source_dag_id, source_run_id, source_map_index, timestamp, partition_key) VALUES (1, '{}'::JSON, 'emit', 'bench_partition_producer', 'part_100
00:23:33.591|94|idle in transaction|Client|SELECT task_instance.id, task_instance.task_id, task_instance.dag_id, task_instance.run_id, task_instance.map_index, task_instance.start_date, task_instance.end_date, task_instance.duration, task_inst
00:23:33.591|8952|active||SELECT asset_partition_dag_run.id, asset_partition_dag_run.target_dag_id, asset_partition_dag_run.created_dag_run_id, asset_partition_dag_run.partition_key, asset_partition_dag_run.partition_date, ass
00:23:34.152|94|idle in transaction|Client|SELECT task_instance.id, task_instance.task_id, task_instance.dag_id, task_instance.run_id, task_instance.map_index, task_instance.start_date, task_instance.end_date, task_instance.duration, task_inst
00:23:34.152|8952|active||SELECT asset_partition_dag_run.id, asset_partition_dag_run.target_dag_id, asset_partition_dag_run.created_dag_run_id, asset_partition_dag_run.partition_key, asset_partition_dag_run.partition_date, ass
00:23:34.717|94|idle in transaction|Client|SELECT dag_version.id, dag_version.version_number, dag_version.dag_id, dag_version.bundle_name, dag_version.bundle_version, dag_version.version_data, dag_version.created_at, dag_version.last_updated F
00:23:34.717|8952|idle in transaction|Client|SELECT asset.id FROM asset WHERE asset.id = 1 FOR NO KEY UPDATE
00:23:35.331|94|idle in transaction||SELECT dag_version.id, dag_version.version_number, dag_version.dag_id, dag_version.bundle_name, dag_version.bundle_version, dag_version.version_data, dag_version.created_at, dag_version.last_updated F
00:23:35.331|8952|idle in transaction||INSERT INTO asset_event (asset_id, extra, source_task_id, source_dag_id, source_run_id, source_map_index, timestamp, partition_key) VALUES (1, '{}'::JSON, 'emit', 'bench_partition_producer', 'part_100
00:23:35.897|94|idle in transaction||SELECT task_instance.id, task_instance.task_id, task_instance.dag_id, task_instance.run_id, task_instance.map_index, task_instance.start_date, task_instance.end_date, task_instance.duration, task_inst
00:23:35.897|8952|idle in transaction||INSERT INTO asset_partition_dag_run (target_dag_id, created_dag_run_id, partition_key, partition_date, rollup_fingerprint, created_at, updated_at) VALUES ('bench_partition_consumer', NULL, 'ACCT000239
00:23:36.465|8952|idle in transaction|Client|SELECT serialized_dag.id, serialized_dag.dag_id, serialized_dag.data, serialized_dag.data_compressed, serialized_dag.created_at, serialized_dag.last_updated, serialized_dag.dag_hash, serialized_dag.da
00:23:37.027|94|idle in transaction||UPDATE dag_run SET start_date='2026-09-30T00:23:36.854185+00:00'::timestamptz, state='running', updated_at='2026-09-30T00:23:36.858564+00:00'::timestamptz WHERE dag_run.id = 33106
00:23:37.027|8952|idle in transaction|Client|INSERT INTO asset_partition_dag_run (target_dag_id, created_dag_run_id, partition_key, partition_date, rollup_fingerprint, created_at, updated_at) VALUES ('bench_partition_consumer', NULL, 'ACCT000236
00:23:37.596|94|idle in transaction|Client|SELECT dag_version.id, dag_version.version_number, dag_version.dag_id, dag_version.bundle_name, dag_version.bundle_version, dag_version.version_data, dag_version.created_at, dag_version.last_updated F
00:23:38.176|94|idle in transaction|Client|SELECT dag_version.id, dag_version.version_number, dag_version.dag_id, dag_version.bundle_name, dag_version.bundle_version, dag_version.version_data, dag_version.created_at, dag_version.last_updated F
00:23:38.772|94|idle in transaction|Client|SELECT dag_version.id, dag_version.version_number, dag_version.dag_id, dag_version.bundle_name, dag_version.bundle_version, dag_version.version_data, dag_version.created_at, dag_version.last_updated F
00:23:39.347|94|idle in transaction|Client|SELECT dag.bundle_version FROM dag WHERE dag.dag_id = 'bench_partition_consumer'
00:23:39.914|94|idle in transaction|Client|UPDATE asset_partition_dag_run SET created_dag_run_id=34751, updated_at='2026-09-30T00:23:39.840528+00:00'::timestamptz WHERE asset_partition_dag_run.id = 34744
00:23:39.914|8632|idle in transaction|Client|SELECT asset_alias.id, asset_alias.name, asset_alias."group" FROM asset_alias WHERE asset_alias.name IN (NULL) AND (1 != 1)
00:23:40.518|94|idle in transaction|Client|SELECT asset_event.id, asset_event.asset_id, asset_event.extra, asset_event.source_task_id, asset_event.source_dag_id, asset_event.source_run_id, asset_event.source_map_index, asset_event.timestamp, a
00:23:40.518|8632|idle in transaction|Client|SELECT asset.id, asset.name, asset.uri, asset."group", asset.extra, asset.created_at, asset.updated_at, asset_active_1.name AS name_1, asset_active_1.uri AS uri_1, dag_1.dag_id, dag_1.is_paused, dag_1
00:23:41.089|94|idle in transaction|Client|UPDATE asset_partition_dag_run SET created_dag_run_id=34925, updated_at='2026-09-30T00:23:41.013833+00:00'::timestamptz WHERE asset_partition_dag_run.id = 34918
00:23:41.089|8632|active|Client|SELECT asset_partition_dag_run.id, asset_partition_dag_run.target_dag_id, asset_partition_dag_run.created_dag_run_id, asset_partition_dag_run.partition_key, asset_partition_dag_run.partition_date, ass
00:23:41.658|94|idle in transaction|Client|SELECT dag_version.id, dag_version.version_number, dag_version.dag_id, dag_version.bundle_name, dag_version.bundle_version, dag_version.version_data, dag_version.created_at, dag_version.last_updated F
00:23:41.658|8632|active||SELECT asset_partition_dag_run.id, asset_partition_dag_run.target_dag_id, asset_partition_dag_run.created_dag_run_id, asset_partition_dag_run.partition_key, asset_partition_dag_run.partition_date, ass
00:23:42.223|94|idle in transaction|Client|SELECT task_instance.dag_version_id FROM task_instance WHERE task_instance.dag_id = 'bench_partition_consumer' AND task_instance.dag_version_id = '01a0efa2-2565-7f80-a0a2-753ce7d9a46b'::uuid::UUID AND
00:23:42.223|8632|active||SELECT asset_partition_dag_run.id, asset_partition_dag_run.target_dag_id, asset_partition_dag_run.created_dag_run_id, asset_partition_dag_run.partition_key, asset_partition_dag_run.partition_date, ass
00:23:42.802|94|idle in transaction|Client|SELECT dag_version.id, dag_version.version_number, dag_version.dag_id, dag_version.bundle_name, dag_version.bundle_version, dag_version.version_data, dag_version.created_at, dag_version.last_updated F
00:23:42.802|8632|idle in transaction|Client|SELECT serialized_dag.id, serialized_dag.dag_id, serialized_dag.data, serialized_dag.data_compressed, serialized_dag.created_at, serialized_dag.last_updated, serialized_dag.dag_hash, serialized_dag.da
00:23:43.397|8632|idle in transaction|Client|INSERT INTO asset_partition_dag_run (target_dag_id, created_dag_run_id, partition_key, partition_date, rollup_fingerprint, created_at, updated_at) VALUES ('bench_partition_consumer', NULL, 'ACCT000244
00:23:43.962|94|active||SELECT dag_run.id, dag_run.dag_id, dag_run.queued_at, dag_run.logical_date, dag_run.start_date, dag_run.end_date, dag_run.state, dag_run.run_id, dag_run.creating_job_id, dag_run.run_type, dag_run.trig
00:23:43.962|8632|active||SELECT asset_partition_dag_run.id, asset_partition_dag_run.target_dag_id, asset_partition_dag_run.created_dag_run_id, asset_partition_dag_run.partition_key, asset_partition_dag_run.partition_date, ass
00:23:44.519|94|idle in transaction|Client|SELECT dag_version.id, dag_version.version_number, dag_version.dag_id, dag_version.bundle_name, dag_version.bundle_version, dag_version.version_data, dag_version.created_at, dag_version.last_updated F
00:23:45.092|94|active||UPDATE dag_run SET last_scheduling_decision='2026-09-30T00:23:44.318362+00:00'::timestamptz, updated_at='2026-09-30T00:23:44.983045+00:00'::timestamptz, scheduled_by_job_id=1 WHERE dag_run.id = 33386
00:23:45.692|94|idle in transaction|Client|SELECT asset_event.id, asset_event.asset_id, asset_event.extra, asset_event.source_task_id, asset_event.source_dag_id, asset_event.source_run_id, asset_event.source_map_index, asset_event.timestamp, a
00:23:46.269|94|idle in transaction|Client|SELECT max(log_template.id) AS max_1 FROM log_template
00:23:46.838|94|idle in transaction|Client|SELECT dag_version.id, dag_version.version_number, dag_version.dag_id, dag_version.bundle_name, dag_version.bundle_version, dag_version.version_data, dag_version.created_at, dag_version.last_updated F
00:23:46.838|103|active||SELECT asset_partition_dag_run.id, asset_partition_dag_run.target_dag_id, asset_partition_dag_run.created_dag_run_id, asset_partition_dag_run.partition_key, asset_partition_dag_run.partition_date, ass
00:23:47.408|94|idle in transaction|Client|INSERT INTO dagrun_asset_event (dag_run_id, event_id) VALUES (35332, 35325)
00:23:47.408|103|active||SELECT asset_partition_dag_run.id, asset_partition_dag_run.target_dag_id, asset_partition_dag_run.created_dag_run_id, asset_partition_dag_run.partition_key, asset_partition_dag_run.partition_date, ass
00:23:48.047|94|idle in transaction|Client|SELECT asset_event.id, asset_event.asset_id, asset_event.extra, asset_event.source_task_id, asset_event.source_dag_id, asset_event.source_run_id, asset_event.source_map_index, asset_event.timestamp, a
00:23:48.047|103|active||SELECT serialized_dag.id, serialized_dag.dag_id, serialized_dag.data, serialized_dag.data_compressed, serialized_dag.created_at, serialized_dag.last_updated, serialized_dag.dag_hash, serialized_dag.da
00:23:48.656|94|idle in transaction|Client|SELECT dag.bundle_version FROM dag WHERE dag.dag_id = 'bench_partition_consumer'
00:23:48.656|103|idle in transaction|Client|INSERT INTO asset_partition_dag_run (target_dag_id, created_dag_run_id, partition_key, partition_date, rollup_fingerprint, created_at, updated_at) VALUES ('bench_partition_consumer', NULL, 'ACCT000247
00:23:49.218|94|active||SELECT dag.dag_id AS dag_dag_id, dag.is_paused AS dag_is_paused, dag.is_stale AS dag_is_stale, dag.exceeds_max_non_backfill AS dag_exceeds_max_non_backfill, dag.last_parsed_time AS dag_last_parsed_tim
00:23:49.218|103|idle in transaction|Client|INSERT INTO partitioned_asset_key_log (asset_id, asset_event_id, asset_partition_dag_run_id, source_partition_key, target_dag_id, target_partition_key, created_at) VALUES (1, 35749, 35749, 'ACCT000246
00:23:49.779|94|idle in transaction|Client|SELECT dag.dag_id AS dag_dag_id, dag.is_paused AS dag_is_paused, dag.is_stale AS dag_is_stale, dag.exceeds_max_non_backfill AS dag_exceeds_max_non_backfill, dag.last_parsed_time AS dag_last_parsed_tim
00:23:49.779|103|idle in transaction|Client|SELECT serialized_dag.id, serialized_dag.dag_id, serialized_dag.data, serialized_dag.data_compressed, serialized_dag.created_at, serialized_dag.last_updated, serialized_dag.dag_hash, serialized_dag.da
00:23:50.341|103|idle in transaction|Client|INSERT INTO partitioned_asset_key_log (asset_id, asset_event_id, asset_partition_dag_run_id, source_partition_key, target_dag_id, target_partition_key, created_at) VALUES (1, 35872, 35872, 'ACCT000249
00:23:50.924|94|idle in transaction|Client|SELECT dag_version.id, dag_version.version_number, dag_version.dag_id, dag_version.bundle_name, dag_version.bundle_version, dag_version.version_data, dag_version.created_at, dag_version.last_updated F
00:23:50.924|103|idle in transaction|Client|SELECT asset_partition_dag_run.id, asset_partition_dag_run.target_dag_id, asset_partition_dag_run.created_dag_run_id, asset_partition_dag_run.partition_key, asset_partition_dag_run.partition_date, ass
00:23:51.498|94|idle in transaction|Client|SELECT task_instance.id, task_instance.task_id, task_instance.dag_id, task_instance.run_id, task_instance.map_index, task_instance.start_date, task_instance.end_date, task_instance.duration, task_inst
00:23:51.498|103|idle in transaction|Client|SELECT asset.id FROM asset WHERE asset.id = 1 FOR NO KEY UPDATE
00:23:52.088|94|idle in transaction|Client|SELECT dag.dag_id AS dag_dag_id, dag.is_paused AS dag_is_paused, dag.is_stale AS dag_is_stale, dag.exceeds_max_non_backfill AS dag_exceeds_max_non_backfill, dag.last_parsed_time AS dag_last_parsed_tim
00:23:52.662|94|idle in transaction|Client|UPDATE asset_partition_dag_run SET created_dag_run_id=35544, updated_at='2026-09-30T00:23:52.590852+00:00'::timestamptz WHERE asset_partition_dag_run.id = 35537
00:23:53.254|94|idle in transaction|Client|SELECT max(log_template.id) AS max_1 FROM log_template
00:23:53.882|94|idle in transaction|Client|SELECT asset_event.id, asset_event.asset_id, asset_event.extra, asset_event.source_task_id, asset_event.source_dag_id, asset_event.source_run_id, asset_event.source_map_index, asset_event.timestamp, a
00:23:53.882|8775|idle in transaction||SELECT asset_partition_dag_run.id, asset_partition_dag_run.target_dag_id, asset_partition_dag_run.created_dag_run_id, asset_partition_dag_run.partition_key, asset_partition_dag_run.partition_date, ass
00:23:53.882|20045|active||autovacuum: VACUUM ANALYZE public.dag_run
00:23:54.499|94|idle in transaction||INSERT INTO dag_run (dag_id, queued_at, logical_date, start_date, end_date, state, run_id, creating_job_id, run_type, triggered_by, triggering_user_name, conf, data_interval_start, data_interval_end, 
00:23:54.499|8775|idle in transaction|Client|SELECT asset_partition_dag_run.id, asset_partition_dag_run.target_dag_id, asset_partition_dag_run.created_dag_run_id, asset_partition_dag_run.partition_key, asset_partition_dag_run.partition_date, ass
00:23:54.499|20045|active||autovacuum: ANALYZE public.task_instance
00:23:55.067|94|idle in transaction|Client|SELECT task_instance.id, task_instance.task_id, task_instance.dag_id, task_instance.run_id, task_instance.map_index, task_instance.start_date, task_instance.end_date, task_instance.duration, task_inst
00:23:55.067|8775|idle in transaction|Client|SELECT asset.id, asset.name, asset.uri, asset."group", asset.extra, asset.created_at, asset.updated_at, asset_active_1.name AS name_1, asset_active_1.uri AS uri_1, dag_1.dag_id, dag_1.is_paused, dag_1
00:23:55.646|94|active||INSERT INTO dag_run (dag_id, queued_at, logical_date, start_date, end_date, state, run_id, creating_job_id, run_type, triggered_by, triggering_user_name, conf, data_interval_start, data_interval_end, 
00:23:55.646|8775|active||SELECT asset_partition_dag_run.id, asset_partition_dag_run.target_dag_id, asset_partition_dag_run.created_dag_run_id, asset_partition_dag_run.partition_key, asset_partition_dag_run.partition_date, ass
00:23:56.458|20074|idle in transaction|Client|SELECT dag_version.id, dag_version.version_number, dag_version.dag_id, dag_version.bundle_name, dag_version.bundle_version, dag_version.version_data, dag_version.created_at, dag_version.last_updated F
00:23:56.458|8775|idle in transaction|Client|SELECT asset.id, asset.name, asset.uri, asset."group", asset.extra, asset.created_at, asset.updated_at FROM asset WHERE asset.id = 1
00:23:57.033|20074|active||SELECT task_instance.dag_version_id FROM task_instance WHERE task_instance.dag_id = 'bench_partition_consumer' AND task_instance.dag_version_id = '01a0efa2-2565-7f80-a0a2-753ce7d9a46b'::uuid::UUID AND
00:23:57.033|8775|active||SELECT asset_partition_dag_run.id, asset_partition_dag_run.target_dag_id, asset_partition_dag_run.created_dag_run_id, asset_partition_dag_run.partition_key, asset_partition_dag_run.partition_date, ass
00:23:57.599|20074|idle in transaction|Client|SELECT task_instance.id, task_instance.task_id, task_instance.dag_id, task_instance.run_id, task_instance.map_index, task_instance.start_date, task_instance.end_date, task_instance.duration, task_inst
00:23:57.599|8775|idle in transaction|Client|SELECT asset.id, asset.name, asset.uri, asset."group", asset.extra, asset.created_at, asset.updated_at, asset_active_1.name AS name_1, asset_active_1.uri AS uri_1, dag_1.dag_id, dag_1.is_paused, dag_1
00:23:58.206|8775|idle in transaction|Client|SELECT serialized_dag.id, serialized_dag.dag_id, serialized_dag.data, serialized_dag.data_compressed, serialized_dag.created_at, serialized_dag.last_updated, serialized_dag.dag_hash, serialized_dag.da
00:23:58.786|20074|active|Client|UPDATE dag_run SET start_date='2026-09-30T00:23:58.594235+00:00'::timestamptz, state='running', updated_at='2026-09-30T00:23:58.669989+00:00'::timestamptz WHERE dag_run.id = 34187
00:23:58.786|8775|active||SELECT asset_partition_dag_run.id, asset_partition_dag_run.target_dag_id, asset_partition_dag_run.created_dag_run_id, asset_partition_dag_run.partition_key, asset_partition_dag_run.partition_date, ass
00:23:59.393|20074|idle in transaction|Client|SELECT task_instance.dag_version_id FROM task_instance WHERE task_instance.dag_id = 'bench_partition_consumer' AND task_instance.dag_version_id = '01a0efa2-2565-7f80-a0a2-753ce7d9a46b'::uuid::UUID AND
00:23:59.963|20074|idle in transaction|Client|SELECT dag_version.id, dag_version.version_number, dag_version.dag_id, dag_version.bundle_name, dag_version.bundle_version, dag_version.version_data, dag_version.created_at, dag_version.last_updated F
00:24:00.539|20074|idle in transaction|Client|SELECT task_instance.id, task_instance.task_id, task_instance.dag_id, task_instance.run_id, task_instance.map_index, task_instance.start_date, task_instance.end_date, task_instance.duration, task_inst
00:24:01.106|20074|idle in transaction|Client|SELECT dag_version.id, dag_version.version_number, dag_version.dag_id, dag_version.bundle_name, dag_version.bundle_version, dag_version.version_data, dag_version.created_at, dag_version.last_updated F
00:24:01.704|20074|idle in transaction|Client|UPDATE asset_partition_dag_run SET created_dag_run_id=36231, updated_at='2026-09-30T00:24:01.631219+00:00'::timestamptz WHERE asset_partition_dag_run.id = 36224
00:24:01.704|8478|idle in transaction|Client|SELECT task_instance.id AS task_instance_id, task_instance.task_id AS task_instance_task_id, task_instance.dag_id AS task_instance_dag_id, task_instance.run_id AS task_instance_run_id, task_instance.m
00:24:02.289|20074|active|Client|SELECT max(log_template.id) AS max_1 FROM log_template
00:24:02.289|8478|idle in transaction|Client|SELECT asset.id, asset.name, asset.uri, asset."group", asset.extra, asset.created_at, asset.updated_at, asset_active_1.name AS name_1, asset_active_1.uri AS uri_1, dag_1.dag_id, dag_1.is_paused, dag_1
00:24:02.866|20046|idle in transaction|Client|BEGIN
00:24:02.866|20074|idle in transaction|Client|INSERT INTO dag_run (dag_id, queued_at, logical_date, start_date, end_date, state, run_id, creating_job_id, run_type, triggered_by, triggering_user_name, conf, data_interval_start, data_interval_end, 
00:24:02.866|8478|active||SELECT asset_partition_dag_run.id, asset_partition_dag_run.target_dag_id, asset_partition_dag_run.created_dag_run_id, asset_partition_dag_run.partition_key, asset_partition_dag_run.partition_date, ass
00:24:03.505|20074|idle in transaction||INSERT INTO dagrun_asset_event (dag_run_id, event_id) VALUES (36484, 36477)
00:24:03.505|8478|active||SELECT asset_partition_dag_run.id, asset_partition_dag_run.target_dag_id, asset_partition_dag_run.created_dag_run_id, asset_partition_dag_run.partition_key, asset_partition_dag_run.partition_date, ass
00:24:04.094|20074|idle in transaction|Client|SELECT dag_version.id, dag_version.version_number, dag_version.dag_id, dag_version.bundle_name, dag_version.bundle_version, dag_version.version_data, dag_version.created_at, dag_version.last_updated F
00:24:04.094|8478|idle in transaction|Client|SELECT asset_partition_dag_run.id, asset_partition_dag_run.target_dag_id, asset_partition_dag_run.created_dag_run_id, asset_partition_dag_run.partition_key, asset_partition_dag_run.partition_date, ass
00:24:04.685|20074|idle in transaction|Client|SELECT task_instance.id, task_instance.task_id, task_instance.dag_id, task_instance.run_id, task_instance.map_index, task_instance.start_date, task_instance.end_date, task_instance.duration, task_inst
00:24:04.685|8478|active||SELECT asset_partition_dag_run.id, asset_partition_dag_run.target_dag_id, asset_partition_dag_run.created_dag_run_id, asset_partition_dag_run.partition_key, asset_partition_dag_run.partition_date, ass
00:24:05.273|20074|idle in transaction|Client|SELECT dag_version.id, dag_version.version_number, dag_version.dag_id, dag_version.bundle_name, dag_version.bundle_version, dag_version.version_data, dag_version.created_at, dag_version.last_updated F
00:24:05.273|8478|active||SELECT asset_partition_dag_run.id, asset_partition_dag_run.target_dag_id, asset_partition_dag_run.created_dag_run_id, asset_partition_dag_run.partition_key, asset_partition_dag_run.partition_date, ass
00:24:05.835|8478|idle in transaction|Client|SELECT serialized_dag.id, serialized_dag.dag_id, serialized_dag.data, serialized_dag.data_compressed, serialized_dag.created_at, serialized_dag.last_updated, serialized_dag.dag_hash, serialized_dag.da
00:24:06.392|20074|active|Client|SELECT task_instance.dag_version_id FROM task_instance WHERE task_instance.dag_id = 'bench_partition_consumer' AND task_instance.dag_version_id = '01a0efa2-2565-7f80-a0a2-753ce7d9a46b'::uuid::UUID AND
00:24:06.392|8478|idle in transaction|Client|INSERT INTO partitioned_asset_key_log (asset_id, asset_event_id, asset_partition_dag_run_id, source_partition_key, target_dag_id, target_partition_key, created_at) VALUES (1, 36988, 36988, 'ACCT000259
00:24:06.947|20074|idle in transaction|Client|UPDATE task_instance SET start_date='2026-09-30T00:24:06.873692+00:00'::timestamptz, end_date='2026-09-30T00:24:06.873692+00:00'::timestamptz, duration=0, state='success', try_number=(task_instance.tr
00:24:07.512|20074|idle in transaction|Client|UPDATE asset_partition_dag_run SET created_dag_run_id=36531, updated_at='2026-09-30T00:24:07.438938+00:00'::timestamptz WHERE asset_partition_dag_run.id = 36524
00:24:08.094|20074|idle in transaction|Client|SELECT asset_event.id, asset_event.asset_id, asset_event.extra, asset_event.source_task_id, asset_event.source_dag_id, asset_event.source_run_id, asset_event.source_map_index, asset_event.timestamp, a
00:24:08.662|20074|idle in transaction|Client|SELECT task_instance.id, task_instance.task_id, task_instance.dag_id, task_instance.run_id, task_instance.map_index, task_instance.start_date, task_instance.end_date, task_instance.duration, task_inst
00:24:08.662|9080|active||SELECT asset_partition_dag_run.id, asset_partition_dag_run.target_dag_id, asset_partition_dag_run.created_dag_run_id, asset_partition_dag_run.partition_key, asset_partition_dag_run.partition_date, ass
00:24:09.237|20074|idle in transaction|Client|SELECT max(log_template.id) AS max_1 FROM log_template
00:24:09.237|9080|idle in transaction|Client|SELECT dag.dag_id, dag.is_paused, dag.is_stale, dag.exceeds_max_non_backfill, dag.last_parsed_time, dag.last_parse_duration, dag.last_expired, dag.fileloc, dag.relative_fileloc, dag.bundle_name, dag.b
00:24:09.800|20074|active||SELECT asset_event.id, asset_event.asset_id, asset_event.extra, asset_event.source_task_id, asset_event.source_dag_id, asset_event.source_run_id, asset_event.source_map_index, asset_event.timestamp, a
00:24:09.800|9080|active||SELECT asset_partition_dag_run.id, asset_partition_dag_run.target_dag_id, asset_partition_dag_run.created_dag_run_id, asset_partition_dag_run.partition_key, asset_partition_dag_run.partition_date, ass
00:24:10.394|20074|idle in transaction|Client|INSERT INTO dagrun_asset_event (dag_run_id, event_id) VALUES (36991, 36984)
00:24:10.394|9080|idle in transaction|Client|SELECT serialized_dag.id, serialized_dag.dag_id, serialized_dag.data, serialized_dag.data_compressed, serialized_dag.created_at, serialized_dag.last_updated, serialized_dag.dag_hash, serialized_dag.da
00:24:10.983|20074|idle in transaction|Client|SELECT task_instance.dag_version_id FROM task_instance WHERE task_instance.dag_id = 'bench_partition_consumer' AND task_instance.dag_version_id = '01a0efa2-2565-7f80-a0a2-753ce7d9a46b'::uuid::UUID AND
00:24:10.983|9080|idle in transaction|Client|SELECT asset_alias.id, asset_alias.name, asset_alias."group" FROM asset_alias WHERE asset_alias.name IN (NULL) AND (1 != 1)
00:24:11.548|20074|idle in transaction||SELECT dag.dag_id AS dag_dag_id, dag.is_paused AS dag_is_paused, dag.is_stale AS dag_is_stale, dag.exceeds_max_non_backfill AS dag_exceeds_max_non_backfill, dag.last_parsed_time AS dag_last_parsed_tim
00:24:11.548|9080|active||SELECT asset_partition_dag_run.id, asset_partition_dag_run.target_dag_id, asset_partition_dag_run.created_dag_run_id, asset_partition_dag_run.partition_key, asset_partition_dag_run.partition_date, ass
00:24:12.114|9080|active||SELECT asset_partition_dag_run.id, asset_partition_dag_run.target_dag_id, asset_partition_dag_run.created_dag_run_id, asset_partition_dag_run.partition_key, asset_partition_dag_run.partition_date, ass
00:24:12.693|20074|idle in transaction|Client|SELECT dag_version.id, dag_version.version_number, dag_version.dag_id, dag_version.bundle_name, dag_version.bundle_version, dag_version.version_data, dag_version.created_at, dag_version.last_updated F
00:24:12.693|9080|active||SELECT asset_partition_dag_run.id, asset_partition_dag_run.target_dag_id, asset_partition_dag_run.created_dag_run_id, asset_partition_dag_run.partition_key, asset_partition_dag_run.partition_date, ass
00:24:13.266|20074|active||SELECT task_instance.id, task_instance.task_id, task_instance.dag_id, task_instance.run_id, task_instance.map_index, task_instance.start_date, task_instance.end_date, task_instance.duration, task_inst
00:24:13.832|20074|idle in transaction|Client|SELECT dag.dag_id AS dag_dag_id, dag.is_paused AS dag_is_paused, dag.is_stale AS dag_is_stale, dag.exceeds_max_non_backfill AS dag_exceeds_max_non_backfill, dag.last_parsed_time AS dag_last_parsed_tim
00:24:14.400|20074|idle in transaction|Client|SELECT dag.bundle_version FROM dag WHERE dag.dag_id = 'bench_partition_consumer'
00:24:14.959|20074|idle in transaction|Client|SELECT dag.bundle_version FROM dag WHERE dag.dag_id = 'bench_partition_consumer'
00:24:15.561|20074|active||INSERT INTO dag_run (dag_id, queued_at, logical_date, start_date, end_date, state, run_id, creating_job_id, run_type, triggered_by, triggering_user_name, conf, data_interval_start, data_interval_end, 
00:24:15.561|8696|active||SELECT asset_partition_dag_run.id, asset_partition_dag_run.target_dag_id, asset_partition_dag_run.created_dag_run_id, asset_partition_dag_run.partition_key, asset_partition_dag_run.partition_date, ass
00:24:16.145|20074|idle in transaction|Client|SELECT max(log_template.id) AS max_1 FROM log_template
00:24:16.145|8696|idle in transaction||INSERT INTO partitioned_asset_key_log (asset_id, asset_event_id, asset_partition_dag_run_id, source_partition_key, target_dag_id, target_partition_key, created_at) VALUES (1, 37572, 37572, 'ACCT000269
00:24:16.703|20074|idle in transaction|Client|UPDATE asset_partition_dag_run SET created_dag_run_id=37414, updated_at='2026-09-30T00:24:16.629187+00:00'::timestamptz WHERE asset_partition_dag_run.id = 37407
00:24:16.703|8696|idle in transaction|Client|SELECT asset.id, asset.name, asset.uri, asset."group", asset.extra, asset.created_at, asset.updated_at, asset_active_1.name AS name_1, asset_active_1.uri AS uri_1, dag_1.dag_id, dag_1.is_paused, dag_1
00:24:17.267|20074|idle in transaction|Client|SELECT task_instance.id, task_instance.task_id, task_instance.dag_id, task_instance.run_id, task_instance.map_index, task_instance.start_date, task_instance.end_date, task_instance.duration, task_inst
00:24:17.267|8696|idle in transaction|Client|INSERT INTO asset_event (asset_id, extra, source_task_id, source_dag_id, source_run_id, source_map_index, timestamp, partition_key) VALUES (1, '{}'::JSON, 'emit', 'bench_partition_producer', 'part_100
00:24:17.827|20074|idle in transaction|Client|SELECT dag_version.id, dag_version.version_number, dag_version.dag_id, dag_version.bundle_name, dag_version.bundle_version, dag_version.version_data, dag_version.created_at, dag_version.last_updated F
00:24:17.827|8696|idle in transaction|Client|INSERT INTO asset_event (asset_id, extra, source_task_id, source_dag_id, source_run_id, source_map_index, timestamp, partition_key) VALUES (1, '{}'::JSON, 'emit', 'bench_partition_producer', 'part_100
00:24:18.389|20046|idle in transaction|Client|DELETE FROM dag_warning USING dag WHERE dag_warning.dag_id = dag.dag_id AND dag.is_stale = true
00:24:18.389|20074|idle in transaction||SELECT dag_version.id, dag_version.version_number, dag_version.dag_id, dag_version.bundle_name, dag_version.bundle_version, dag_version.version_data, dag_version.created_at, dag_version.last_updated F
00:24:18.389|8696|idle in transaction|Client|SELECT serialized_dag.id, serialized_dag.dag_id, serialized_dag.data, serialized_dag.data_compressed, serialized_dag.created_at, serialized_dag.last_updated, serialized_dag.dag_hash, serialized_dag.da
00:24:18.951|8696|idle in transaction|Client|SELECT asset_partition_dag_run.id, asset_partition_dag_run.target_dag_id, asset_partition_dag_run.created_dag_run_id, asset_partition_dag_run.partition_key, asset_partition_dag_run.partition_date, ass
00:24:19.505|20074|idle in transaction|Client|UPDATE dag_run SET start_date='2026-09-30T00:24:19.315415+00:00'::timestamptz, state='running', updated_at='2026-09-30T00:24:19.378273+00:00'::timestamptz WHERE dag_run.id = 35403
00:24:19.505|8696|idle in transaction|Client|INSERT INTO asset_partition_dag_run (target_dag_id, created_dag_run_id, partition_key, partition_date, rollup_fingerprint, created_at, updated_at) VALUES ('bench_partition_consumer', NULL, 'ACCT000269
00:24:20.069|20074|idle in transaction|Client|SELECT dag_version.id, dag_version.version_number, dag_version.dag_id, dag_version.bundle_name, dag_version.bundle_version, dag_version.version_data, dag_version.created_at, dag_version.last_updated F
00:24:20.666|20074|idle in transaction|Client|UPDATE task_instance SET start_date='2026-09-30T00:24:20.587110+00:00'::timestamptz, end_date='2026-09-30T00:24:20.587111+00:00'::timestamptz, duration=0, state='success', try_number=(task_instance.tr
00:24:21.254|20074|active|Client|SELECT task_instance.id, task_instance.task_id, task_instance.dag_id, task_instance.run_id, task_instance.map_index, task_instance.start_date, task_instance.end_date, task_instance.duration, task_inst
00:24:21.832|20074|idle in transaction||SELECT task_instance.id, task_instance.task_id, task_instance.dag_id, task_instance.run_id, task_instance.map_index, task_instance.start_date, task_instance.end_date, task_instance.duration, task_inst
00:24:22.401|20074|idle in transaction|Client|SELECT dag_version.id, dag_version.version_number, dag_version.dag_id, dag_version.bundle_name, dag_version.bundle_version, dag_version.version_data, dag_version.created_at, dag_version.last_updated F
00:24:22.401|106|active||SELECT asset_partition_dag_run.id, asset_partition_dag_run.target_dag_id, asset_partition_dag_run.created_dag_run_id, asset_partition_dag_run.partition_key, asset_partition_dag_run.partition_date, ass
00:24:22.960|20074|active||UPDATE asset_partition_dag_run SET created_dag_run_id=37816, updated_at='2026-09-30T00:24:22.886172+00:00'::timestamptz WHERE asset_partition_dag_run.id = 37809
00:24:22.960|106|idle in transaction|Client|INSERT INTO asset_partition_dag_run (target_dag_id, created_dag_run_id, partition_key, partition_date, rollup_fingerprint, created_at, updated_at) VALUES ('bench_partition_consumer', NULL, 'ACCT000270
00:24:23.525|20074|idle in transaction|Client|SELECT max(log_template.id) AS max_1 FROM log_template
00:24:23.525|106|active||SELECT asset_partition_dag_run.id, asset_partition_dag_run.target_dag_id, asset_partition_dag_run.created_dag_run_id, asset_partition_dag_run.partition_key, asset_partition_dag_run.partition_date, ass
00:24:24.088|20074|idle in transaction||INSERT INTO task_instance (id, task_id, dag_id, run_id, map_index, try_number, max_tries, hostname, unixname, pool, pool_slots, queue, priority_weight, operator, custom_operator_name, executor_config,
00:24:24.088|106|idle in transaction|Client|SELECT asset.id, asset.name, asset.uri, asset."group", asset.extra, asset.created_at, asset.updated_at FROM asset WHERE asset.id = 1
00:24:24.650|20074|idle in transaction|Client|SELECT task_instance.id, task_instance.task_id, task_instance.dag_id, task_instance.run_id, task_instance.map_index, task_instance.start_date, task_instance.end_date, task_instance.duration, task_inst
00:24:24.650|106|idle in transaction|Client|SELECT asset.id, asset.name, asset.uri, asset."group", asset.extra, asset.created_at, asset.updated_at FROM asset WHERE asset.id = 1
00:24:25.215|20074|idle in transaction|Client|SELECT dag_version.id, dag_version.version_number, dag_version.dag_id, dag_version.bundle_name, dag_version.bundle_version, dag_version.version_data, dag_version.created_at, dag_version.last_updated F
00:24:25.215|106|idle in transaction|Client|SELECT asset_alias.id, asset_alias.name, asset_alias."group" FROM asset_alias WHERE asset_alias.name IN (NULL) AND (1 != 1)
00:24:25.788|106|idle in transaction|Client|SELECT asset.id, asset.name, asset.uri, asset."group", asset.extra, asset.created_at, asset.updated_at FROM asset WHERE asset.id = 1
00:24:26.356|20074|idle in transaction|Client|SELECT dag_version.id, dag_version.version_number, dag_version.dag_id, dag_version.bundle_name, dag_version.bundle_version, dag_version.version_data, dag_version.created_at, dag_version.last_updated F
00:24:26.356|106|idle in transaction|Client|SELECT asset.id, asset.name, asset.uri, asset."group", asset.extra, asset.created_at, asset.updated_at, asset_active_1.name AS name_1, asset_active_1.uri AS uri_1, dag_1.dag_id, dag_1.is_paused, dag_1
00:24:26.916|20074|idle in transaction||SELECT dag_version.id, dag_version.version_number, dag_version.dag_id, dag_version.bundle_name, dag_version.bundle_version, dag_version.version_data, dag_version.created_at, dag_version.last_updated F
00:24:27.476|20074|idle in transaction||UPDATE dag_run SET last_scheduling_decision='2026-09-30T00:24:26.732913+00:00'::timestamptz, updated_at='2026-09-30T00:24:27.376950+00:00'::timestamptz, scheduled_by_job_id=1 WHERE dag_run.id = 35770
00:24:28.049|20074|idle in transaction|Client|UPDATE asset_partition_dag_run SET created_dag_run_id=38068, updated_at='2026-09-30T00:24:27.974958+00:00'::timestamptz WHERE asset_partition_dag_run.id = 38061
00:24:28.637|20074|idle in transaction|Client|UPDATE asset_partition_dag_run SET created_dag_run_id=38161, updated_at='2026-09-30T00:24:28.564100+00:00'::timestamptz WHERE asset_partition_dag_run.id = 38154
00:24:29.208|20074|idle in transaction|Client|INSERT INTO dag_run (dag_id, queued_at, logical_date, start_date, end_date, state, run_id, creating_job_id, run_type, triggered_by, triggering_user_name, conf, data_interval_start, data_interval_end, 
00:24:29.208|8860|active||SELECT asset_partition_dag_run.id, asset_partition_dag_run.target_dag_id, asset_partition_dag_run.created_dag_run_id, asset_partition_dag_run.partition_key, asset_partition_dag_run.partition_date, ass
00:24:29.776|20074|idle in transaction|Client|SELECT dag.bundle_version FROM dag WHERE dag.dag_id = 'bench_partition_consumer'
00:24:29.776|8860|idle in transaction|Client|INSERT INTO partitioned_asset_key_log (asset_id, asset_event_id, asset_partition_dag_run_id, source_partition_key, target_dag_id, target_partition_key, created_at) VALUES (1, 38578, 38578, 'ACCT000278
00:24:30.352|20074|idle in transaction|Client|SELECT asset_event.id, asset_event.asset_id, asset_event.extra, asset_event.source_task_id, asset_event.source_dag_id, asset_event.source_run_id, asset_event.source_map_index, asset_event.timestamp, a
00:24:30.352|8860|idle in transaction|Client|SELECT serialized_dag.id, serialized_dag.dag_id, serialized_dag.data, serialized_dag.data_compressed, serialized_dag.created_at, serialized_dag.last_updated, serialized_dag.dag_hash, serialized_dag.da
00:24:30.922|20074|active||SELECT dag_run.id, dag_run.dag_id, dag_run.queued_at, dag_run.logical_date, dag_run.start_date, dag_run.end_date, dag_run.state, dag_run.run_id, dag_run.creating_job_id, dag_run.run_type, dag_run.trig
00:24:30.922|8860|idle in transaction|Client|INSERT INTO asset_partition_dag_run (target_dag_id, created_dag_run_id, partition_key, partition_date, rollup_fingerprint, created_at, updated_at) VALUES ('bench_partition_consumer', NULL, 'ACCT000276
00:24:31.510|20074|idle in transaction|Client|SELECT dag_version.id, dag_version.version_number, dag_version.dag_id, dag_version.bundle_name, dag_version.bundle_version, dag_version.version_data, dag_version.created_at, dag_version.last_updated F
00:24:31.510|8860|idle in transaction|Client|SELECT asset.id, asset.name, asset.uri, asset."group", asset.extra, asset.created_at, asset.updated_at, asset_active_1.name AS name_1, asset_active_1.uri AS uri_1, dag_1.dag_id, dag_1.is_paused, dag_1
00:24:32.075|20074|idle in transaction|Client|SELECT task_instance.dag_version_id FROM task_instance WHERE task_instance.dag_id = 'bench_partition_consumer' AND task_instance.dag_version_id = '01a0efa2-2565-7f80-a0a2-753ce7d9a46b'::uuid::UUID AND
00:24:32.075|8860|idle in transaction|Client|SELECT serialized_dag.id, serialized_dag.dag_id, serialized_dag.data, serialized_dag.data_compressed, serialized_dag.created_at, serialized_dag.last_updated, serialized_dag.dag_hash, serialized_dag.da
00:24:32.638|8860|idle in transaction|Client|SELECT asset_alias.id, asset_alias.name, asset_alias."group" FROM asset_alias WHERE asset_alias.name IN (NULL) AND (1 != 1)
00:24:33.205|20074|idle in transaction|Client|UPDATE dag_run SET start_date='2026-09-30T00:24:33.026912+00:00'::timestamptz, state='running', updated_at='2026-09-30T00:24:33.050012+00:00'::timestamptz WHERE dag_run.id = 36275
00:24:33.205|8860|idle in transaction|Client|SELECT asset.id FROM asset WHERE asset.id = 1 FOR NO KEY UPDATE
00:24:33.764|20074|idle in transaction|Client|SELECT task_instance.dag_version_id FROM task_instance WHERE task_instance.dag_id = 'bench_partition_consumer' AND task_instance.dag_version_id = '01a0efa2-2565-7f80-a0a2-753ce7d9a46b'::uuid::UUID AND
00:24:33.764|8860|active||SELECT asset_partition_dag_run.id, asset_partition_dag_run.target_dag_id, asset_partition_dag_run.created_dag_run_id, asset_partition_dag_run.partition_key, asset_partition_dag_run.partition_date, ass
00:24:34.325|20074|idle in transaction|Client|UPDATE dag_run SET last_scheduling_decision='2026-09-30T00:24:34.109650+00:00'::timestamptz, updated_at='2026-09-30T00:24:34.164688+00:00'::timestamptz, scheduled_by_job_id=1 WHERE dag_run.id = 36299
00:24:34.901|20074|idle in transaction|Client|INSERT INTO dag_run (dag_id, queued_at, logical_date, start_date, end_date, state, run_id, creating_job_id, run_type, triggered_by, triggering_user_name, conf, data_interval_start, data_interval_end, 
00:24:35.486|20074|idle in transaction||SELECT max(log_template.id) AS max_1 FROM log_template
00:24:36.053|20074|idle in transaction|Client|SELECT max(log_template.id) AS max_1 FROM log_template
00:24:36.053|8478|active||SELECT asset_partition_dag_run.id, asset_partition_dag_run.target_dag_id, asset_partition_dag_run.created_dag_run_id, asset_partition_dag_run.partition_key, asset_partition_dag_run.partition_date, ass
00:24:36.622|20074|idle in transaction|Client|SELECT dag_version.id, dag_version.version_number, dag_version.dag_id, dag_version.bundle_name, dag_version.bundle_version, dag_version.version_data, dag_version.created_at, dag_version.last_updated F
00:24:36.622|8478|idle in transaction|Client|SELECT asset.id FROM asset WHERE asset.id = 1 FOR NO KEY UPDATE
00:24:37.182|20074|idle in transaction|Client|SELECT asset_event.id, asset_event.asset_id, asset_event.extra, asset_event.source_task_id, asset_event.source_dag_id, asset_event.source_run_id, asset_event.source_map_index, asset_event.timestamp, a
00:24:37.182|8478|idle in transaction|Client|INSERT INTO asset_partition_dag_run (target_dag_id, created_dag_run_id, partition_key, partition_date, rollup_fingerprint, created_at, updated_at) VALUES ('bench_partition_consumer', NULL, 'ACCT000283
00:24:37.755|20074|active||SELECT dag_version.id, dag_version.version_number, dag_version.dag_id, dag_version.bundle_name, dag_version.bundle_version, dag_version.version_data, dag_version.created_at, dag_version.last_updated F
00:24:37.755|8478|idle in transaction|Client|INSERT INTO asset_event (asset_id, extra, source_task_id, source_dag_id, source_run_id, source_map_index, timestamp, partition_key) VALUES (1, '{}'::JSON, 'emit', 'bench_partition_producer', 'part_100
00:24:38.336|20074|idle in transaction|Client|SELECT task_instance.id, task_instance.task_id, task_instance.dag_id, task_instance.run_id, task_instance.map_index, task_instance.start_date, task_instance.end_date, task_instance.duration, task_inst
00:24:38.336|8478|active||SELECT asset_partition_dag_run.id, asset_partition_dag_run.target_dag_id, asset_partition_dag_run.created_dag_run_id, asset_partition_dag_run.partition_key, asset_partition_dag_run.partition_date, ass
00:24:38.900|20074|active||SELECT dag.dag_id AS dag_dag_id, dag.is_paused AS dag_is_paused, dag.is_stale AS dag_is_stale, dag.exceeds_max_non_backfill AS dag_exceeds_max_non_backfill, dag.last_parsed_time AS dag_last_parsed_tim
00:24:38.900|8478|idle in transaction|Client|INSERT INTO partitioned_asset_key_log (asset_id, asset_event_id, asset_partition_dag_run_id, source_partition_key, target_dag_id, target_partition_key, created_at) VALUES (1, 39329, 39329, 'ACCT000284
00:24:39.469|8478|active||SELECT asset_partition_dag_run.id, asset_partition_dag_run.target_dag_id, asset_partition_dag_run.created_dag_run_id, asset_partition_dag_run.partition_key, asset_partition_dag_run.partition_date, ass
00:24:40.043|20074|idle in transaction|Client|UPDATE dag_run SET start_date='2026-09-30T00:24:39.765541+00:00'::timestamptz, state='running', updated_at='2026-09-30T00:24:39.877867+00:00'::timestamptz WHERE dag_run.id = 36693
00:24:40.043|8478|idle in transaction|Client|SELECT asset_partition_dag_run.id, asset_partition_dag_run.target_dag_id, asset_partition_dag_run.created_dag_run_id, asset_partition_dag_run.partition_key, asset_partition_dag_run.partition_date, ass
00:24:40.606|20074|idle in transaction|Client|SELECT task_instance.id, task_instance.task_id, task_instance.dag_id, task_instance.run_id, task_instance.map_index, task_instance.start_date, task_instance.end_date, task_instance.duration, task_inst
00:24:41.166|20074|idle in transaction|Client|SELECT dag_version.id, dag_version.version_number, dag_version.dag_id, dag_version.bundle_name, dag_version.bundle_version, dag_version.version_data, dag_version.created_at, dag_version.last_updated F
00:24:41.730|20074|idle in transaction|Client|INSERT INTO task_instance (id, task_id, dag_id, run_id, map_index, try_number, max_tries, hostname, unixname, pool, pool_slots, queue, priority_weight, operator, custom_operator_name, executor_config,
00:24:42.314|20074|idle in transaction|Client|SELECT dag_version.id, dag_version.version_number, dag_version.dag_id, dag_version.bundle_name, dag_version.bundle_version, dag_version.version_data, dag_version.created_at, dag_version.last_updated F
00:24:42.889|20074|active|Client|SELECT dag.bundle_version FROM dag WHERE dag.dag_id = 'bench_partition_consumer'
00:24:42.889|9080|idle in transaction|Client|INSERT INTO asset_event (asset_id, extra, source_task_id, source_dag_id, source_run_id, source_map_index, timestamp, partition_key) VALUES (1, '{}'::JSON, 'emit', 'bench_partition_producer', 'part_100
00:24:43.465|20074|idle in transaction|Client|INSERT INTO dag_run (dag_id, queued_at, logical_date, start_date, end_date, state, run_id, creating_job_id, run_type, triggered_by, triggering_user_name, conf, data_interval_start, data_interval_end, 
00:24:43.465|9080|active||SELECT asset_partition_dag_run.id, asset_partition_dag_run.target_dag_id, asset_partition_dag_run.created_dag_run_id, asset_partition_dag_run.partition_key, asset_partition_dag_run.partition_date, ass
00:24:44.027|20074|idle in transaction|Client|UPDATE asset_partition_dag_run SET created_dag_run_id=39430, updated_at='2026-09-30T00:24:43.952049+00:00'::timestamptz WHERE asset_partition_dag_run.id = 39423
00:24:44.027|9080|idle in transaction|Client|INSERT INTO partitioned_asset_key_log (asset_id, asset_event_id, asset_partition_dag_run_id, source_partition_key, target_dag_id, target_partition_key, created_at) VALUES (1, 39643, 39643, 'ACCT000286
00:24:44.599|20074|idle in transaction|Client|SELECT dag_version.id, dag_version.version_number, dag_version.dag_id, dag_version.bundle_name, dag_version.bundle_version, dag_version.version_data, dag_version.created_at, dag_version.last_updated F
00:24:44.599|9080|idle in transaction|Client|SELECT serialized_dag.id, serialized_dag.dag_id, serialized_dag.data, serialized_dag.data_compressed, serialized_dag.created_at, serialized_dag.last_updated, serialized_dag.dag_hash, serialized_dag.da
00:24:45.169|20074|idle in transaction|Client|SELECT task_instance.id, task_instance.task_id, task_instance.dag_id, task_instance.run_id, task_instance.map_index, task_instance.start_date, task_instance.end_date, task_instance.duration, task_inst
00:24:45.169|9080|active||SELECT asset_partition_dag_run.id, asset_partition_dag_run.target_dag_id, asset_partition_dag_run.created_dag_run_id, asset_partition_dag_run.partition_key, asset_partition_dag_run.partition_date, ass
00:24:45.733|20074|active||UPDATE task_instance SET start_date='2026-09-30T00:24:45.658131+00:00'::timestamptz, end_date='2026-09-30T00:24:45.658132+00:00'::timestamptz, duration=0, state='success', try_number=(task_instance.tr
00:24:45.733|9080|idle in transaction|Client|SELECT dag.dag_id, dag.is_paused, dag.is_stale, dag.exceeds_max_non_backfill, dag.last_parsed_time, dag.last_parse_duration, dag.last_expired, dag.fileloc, dag.relative_fileloc, dag.bundle_name, dag.b
00:24:46.303|9080|idle in transaction|Client|SELECT asset.id FROM asset WHERE asset.id = 1 FOR NO KEY UPDATE
00:24:46.869|20074|idle in transaction|Client|SELECT task_instance.id, task_instance.task_id, task_instance.dag_id, task_instance.run_id, task_instance.map_index, task_instance.start_date, task_instance.end_date, task_instance.duration, task_inst
00:24:46.869|9080|idle in transaction|Client|SELECT asset.id, asset.name, asset.uri, asset."group", asset.extra, asset.created_at, asset.updated_at, asset_active_1.name AS name_1, asset_active_1.uri AS uri_1, dag_1.dag_id, dag_1.is_paused, dag_1
00:24:47.424|20074|idle in transaction|Client|SELECT dag.dag_id AS dag_dag_id, dag.is_paused AS dag_is_paused, dag.is_stale AS dag_is_stale, dag.exceeds_max_non_backfill AS dag_exceeds_max_non_backfill, dag.last_parsed_time AS dag_last_parsed_tim
00:24:47.983|20074|idle in transaction|Client|SELECT dag_version.id, dag_version.version_number, dag_version.dag_id, dag_version.bundle_name, dag_version.bundle_version, dag_version.version_data, dag_version.created_at, dag_version.last_updated F
00:24:48.570|20074|idle in transaction|Client|SELECT asset_event.id, asset_event.asset_id, asset_event.extra, asset_event.source_task_id, asset_event.source_dag_id, asset_event.source_run_id, asset_event.source_map_index, asset_event.timestamp, a
00:24:49.148|20074|idle in transaction|Client|INSERT INTO dag_run (dag_id, queued_at, logical_date, start_date, end_date, state, run_id, creating_job_id, run_type, triggered_by, triggering_user_name, conf, data_interval_start, data_interval_end, 
00:24:49.148|8379|idle in transaction|Client|SELECT xcom.dag_run_id, xcom.task_id, xcom.map_index, xcom.key, xcom.dag_result, xcom.dag_id, xcom.run_id, xcom.value, xcom.timestamp, dag_run_1.id, dag_run_1.dag_id AS dag_id_1, dag_run_1.queued_at, 
00:24:49.717|20074|idle in transaction|Client|INSERT INTO dag_run (dag_id, queued_at, logical_date, start_date, end_date, state, run_id, creating_job_id, run_type, triggered_by, triggering_user_name, conf, data_interval_start, data_interval_end, 
00:24:49.717|8696|active||SELECT asset.id, asset.name, asset.uri, asset."group", asset.extra, asset.created_at, asset.updated_at, asset_active_1.name AS name_1, asset_active_1.uri AS uri_1, dag_1.dag_id, dag_1.is_paused, dag_1
00:24:50.284|20074|idle in transaction|Client|SELECT task_instance.id, task_instance.task_id, task_instance.dag_id, task_instance.run_id, task_instance.map_index, task_instance.start_date, task_instance.end_date, task_instance.duration, task_inst
00:24:50.284|8696|idle in transaction|Client|INSERT INTO partitioned_asset_key_log (asset_id, asset_event_id, asset_partition_dag_run_id, source_partition_key, target_dag_id, target_partition_key, created_at) VALUES (1, 40103, 40103, 'ACCT000293
00:24:50.853|20074|idle in transaction|Client|SELECT dag.bundle_version FROM dag WHERE dag.dag_id = 'bench_partition_consumer'
00:24:50.853|8696|idle in transaction|Client|SELECT serialized_dag.id, serialized_dag.dag_id, serialized_dag.data, serialized_dag.data_compressed, serialized_dag.created_at, serialized_dag.last_updated, serialized_dag.dag_hash, serialized_dag.da
00:24:51.424|8696|idle in transaction|Client|SELECT asset_partition_dag_run.id, asset_partition_dag_run.target_dag_id, asset_partition_dag_run.created_dag_run_id, asset_partition_dag_run.partition_key, asset_partition_dag_run.partition_date, ass
00:24:52.014|20074|idle in transaction||SELECT task_instance.id, task_instance.task_id, task_instance.dag_id, task_instance.run_id, task_instance.map_index, task_instance.start_date, task_instance.end_date, task_instance.duration, task_inst
00:24:52.014|8696|idle in transaction|Client|SELECT dag.dag_id, dag.is_paused, dag.is_stale, dag.exceeds_max_non_backfill, dag.last_parsed_time, dag.last_parse_duration, dag.last_expired, dag.fileloc, dag.relative_fileloc, dag.bundle_name, dag.b
00:24:52.576|20074|idle in transaction|Client|UPDATE dag_run SET last_scheduling_decision='2026-09-30T00:24:52.347677+00:00'::timestamptz, updated_at='2026-09-30T00:24:52.417864+00:00'::timestamptz, scheduled_by_job_id=1 WHERE dag_run.id = 37293
00:24:52.576|8696|active||SELECT asset_partition_dag_run.id, asset_partition_dag_run.target_dag_id, asset_partition_dag_run.created_dag_run_id, asset_partition_dag_run.partition_key, asset_partition_dag_run.partition_date, ass
00:24:53.148|8696|idle in transaction|Client|SELECT asset_partition_dag_run.id, asset_partition_dag_run.target_dag_id, asset_partition_dag_run.created_dag_run_id, asset_partition_dag_run.partition_key, asset_partition_dag_run.partition_date, ass
00:24:53.710|20074|idle in transaction|Client|SELECT dag.dag_id AS dag_dag_id, dag.is_paused AS dag_is_paused, dag.is_stale AS dag_is_stale, dag.exceeds_max_non_backfill AS dag_exceeds_max_non_backfill, dag.last_parsed_time AS dag_last_parsed_tim
00:24:53.710|8696|active||SELECT asset_partition_dag_run.id, asset_partition_dag_run.target_dag_id, asset_partition_dag_run.created_dag_run_id, asset_partition_dag_run.partition_key, asset_partition_dag_run.partition_date, ass
00:24:53.710|20769|active||autovacuum: VACUUM ANALYZE public.dag_run
00:24:54.276|20074|active||SELECT task_instance.id, task_instance.task_id, task_instance.dag_id, task_instance.run_id, task_instance.map_index, task_instance.start_date, task_instance.end_date, task_instance.duration, task_inst
00:24:54.276|20769|active||autovacuum: VACUUM ANALYZE public.asset_partition_dag_run
00:24:54.859|20074|idle in transaction|Client|UPDATE asset_partition_dag_run SET created_dag_run_id=40016, updated_at='2026-09-30T00:24:54.784319+00:00'::timestamptz WHERE asset_partition_dag_run.id = 40009
00:24:55.479|20074|active|Client|SELECT asset_event.id, asset_event.asset_id, asset_event.extra, asset_event.source_task_id, asset_event.source_dag_id, asset_event.source_run_id, asset_event.source_map_index, asset_event.timestamp, a
00:24:56.060|20074|idle in transaction|Client|SELECT task_instance.id, task_instance.task_id, task_instance.dag_id, task_instance.run_id, task_instance.map_index, task_instance.start_date, task_instance.end_date, task_instance.duration, task_inst
00:24:56.630|20074|idle in transaction|Client|UPDATE asset_partition_dag_run SET created_dag_run_id=40275, updated_at='2026-09-30T00:24:56.561989+00:00'::timestamptz WHERE asset_partition_dag_run.id = 40268
00:24:56.630|106|idle in transaction|Client|SELECT asset.id, asset.name, asset.uri, asset."group", asset.extra, asset.created_at, asset.updated_at, asset_active_1.name AS name_1, asset_active_1.uri AS uri_1, dag_1.dag_id, dag_1.is_paused, dag_1
00:24:56.630|15180|active||select count(*) from partitioned_asset_key_log where target_dag_id='bench_partition_consumer'
00:24:57.220|20074|idle in transaction|Client|UPDATE asset_partition_dag_run SET created_dag_run_id=40362, updated_at='2026-09-30T00:24:57.145397+00:00'::timestamptz WHERE asset_partition_dag_run.id = 40355
00:24:57.220|106|active||SELECT asset.id, asset.name, asset.uri, asset."group", asset.extra, asset.created_at, asset.updated_at, asset_active_1.name AS name_1, asset_active_1.uri AS uri_1, dag_1.dag_id, dag_1.is_paused, dag_1
00:24:57.799|20074|idle in transaction|Client|INSERT INTO dag_run (dag_id, queued_at, logical_date, start_date, end_date, state, run_id, creating_job_id, run_type, triggered_by, triggering_user_name, conf, data_interval_start, data_interval_end, 
00:24:57.799|106|active|Client|SELECT asset_partition_dag_run.id, asset_partition_dag_run.target_dag_id, asset_partition_dag_run.created_dag_run_id, asset_partition_dag_run.partition_key, asset_partition_dag_run.partition_date, ass
00:24:58.360|20074|idle in transaction|Client|UPDATE dag_run SET start_date='2026-09-30T00:24:58.159641+00:00'::timestamptz, state='running', updated_at='2026-09-30T00:24:58.268008+00:00'::timestamptz WHERE dag_run.id = 37536
00:24:58.360|106|idle in transaction|Client|SELECT asset.id, asset.name, asset.uri, asset."group", asset.extra, asset.created_at, asset.updated_at, asset_active_1.name AS name_1, asset_active_1.uri AS uri_1, dag_1.dag_id, dag_1.is_paused, dag_1
00:24:58.918|20074|idle in transaction|Client|SELECT task_instance.id, task_instance.task_id, task_instance.dag_id, task_instance.run_id, task_instance.map_index, task_instance.start_date, task_instance.end_date, task_instance.duration, task_inst
00:24:58.918|106|active||SELECT serialized_dag.id, serialized_dag.dag_id, serialized_dag.data, serialized_dag.data_compressed, serialized_dag.created_at, serialized_dag.last_updated, serialized_dag.dag_hash, serialized_dag.da
00:24:59.492|20074|active||UPDATE dag_run SET last_scheduling_decision='2026-09-30T00:24:58.966376+00:00'::timestamptz, updated_at='2026-09-30T00:24:59.363743+00:00'::timestamptz, scheduled_by_job_id=1 WHERE dag_run.id = 37622
00:24:59.492|106|active||SELECT asset_partition_dag_run.id, asset_partition_dag_run.target_dag_id, asset_partition_dag_run.created_dag_run_id, asset_partition_dag_run.partition_key, asset_partition_dag_run.partition_date, ass
00:25:00.062|106|idle in transaction|Client|INSERT INTO asset_event (asset_id, extra, source_task_id, source_dag_id, source_run_id, source_map_index, timestamp, partition_key) VALUES (1, '{}'::JSON, 'emit', 'bench_partition_producer', 'part_100
00:25:00.621|20074|idle in transaction|Client|SELECT dag_version.id, dag_version.version_number, dag_version.dag_id, dag_version.bundle_name, dag_version.bundle_version, dag_version.version_data, dag_version.created_at, dag_version.last_updated F
00:25:00.621|106|active||SELECT asset_partition_dag_run.id, asset_partition_dag_run.target_dag_id, asset_partition_dag_run.created_dag_run_id, asset_partition_dag_run.partition_key, asset_partition_dag_run.partition_date, ass
00:25:01.181|20074|idle in transaction|Client|SELECT task_instance.id, task_instance.task_id, task_instance.dag_id, task_instance.run_id, task_instance.map_index, task_instance.start_date, task_instance.end_date, task_instance.duration, task_inst
00:25:01.772|20074|idle in transaction|Client|SELECT dag_version.id, dag_version.version_number, dag_version.dag_id, dag_version.bundle_name, dag_version.bundle_version, dag_version.version_data, dag_version.created_at, dag_version.last_updated F
00:25:01.772|15180|active||select count(*) from task_instance where dag_id='bench_partition_consumer'
00:25:02.378|20074|idle in transaction|Client|SELECT task_instance.id, task_instance.task_id, task_instance.dag_id, task_instance.run_id, task_instance.map_index, task_instance.start_date, task_instance.end_date, task_instance.duration, task_inst
00:25:02.954|20074|idle in transaction|Client|SELECT dag.bundle_version FROM dag WHERE dag.dag_id = 'bench_partition_consumer'
00:25:02.954|8696|idle in transaction|Client|INSERT INTO rendered_task_instance_fields (dag_id, task_id, run_id, map_index, rendered_fields, k8s_pod_yaml) VALUES ('bench_partition_producer', 'emit', 'part_100k_e200_1790727430', 60, '{"templates_
00:25:03.517|20074|active|Client|INSERT INTO task_instance (id, task_id, dag_id, run_id, map_index, try_number, max_tries, hostname, unixname, pool, pool_slots, queue, priority_weight, operator, custom_operator_name, executor_config,
00:25:03.517|8860|idle in transaction|Client|SELECT serialized_dag.id, serialized_dag.dag_id, serialized_dag.data, serialized_dag.data_compressed, serialized_dag.created_at, serialized_dag.last_updated, serialized_dag.dag_hash, serialized_dag.da
00:25:04.087|20074|idle in transaction|Client|SELECT task_instance.id, task_instance.task_id, task_instance.dag_id, task_instance.run_id, task_instance.map_index, task_instance.start_date, task_instance.end_date, task_instance.duration, task_inst
00:25:04.087|8860|active||SELECT asset_partition_dag_run.id, asset_partition_dag_run.target_dag_id, asset_partition_dag_run.created_dag_run_id, asset_partition_dag_run.partition_key, asset_partition_dag_run.partition_date, ass
00:25:04.664|20074|idle in transaction|Client|SELECT task_instance.id, task_instance.task_id, task_instance.dag_id, task_instance.run_id, task_instance.map_index, task_instance.start_date, task_instance.end_date, task_instance.duration, task_inst
00:25:04.664|8860|idle in transaction|Client|SELECT asset_partition_dag_run.id, asset_partition_dag_run.target_dag_id, asset_partition_dag_run.created_dag_run_id, asset_partition_dag_run.partition_key, asset_partition_dag_run.partition_date, ass
00:25:05.243|20074|idle in transaction|Client|SELECT dag.dag_id AS dag_dag_id, dag.is_paused AS dag_is_paused, dag.is_stale AS dag_is_stale, dag.exceeds_max_non_backfill AS dag_exceeds_max_non_backfill, dag.last_parsed_time AS dag_last_parsed_tim
00:25:05.243|8860|idle in transaction|Client|SELECT asset.id, asset.name, asset.uri, asset."group", asset.extra, asset.created_at, asset.updated_at, asset_active_1.name AS name_1, asset_active_1.uri AS uri_1, dag_1.dag_id, dag_1.is_paused, dag_1
00:25:05.807|20074|idle in transaction|Client|UPDATE task_instance SET start_date='2026-09-30T00:25:05.731052+00:00'::timestamptz, end_date='2026-09-30T00:25:05.731053+00:00'::timestamptz, duration=0, state='success', try_number=(task_instance.tr
00:25:05.807|8860|active||SELECT asset_partition_dag_run.id, asset_partition_dag_run.target_dag_id, asset_partition_dag_run.created_dag_run_id, asset_partition_dag_run.partition_key, asset_partition_dag_run.partition_date, ass
00:25:06.382|20074|idle in transaction|Client|SELECT job.id AS job_id, job.dag_id AS job_dag_id, job.state AS job_state, job.job_type AS job_job_type, job.start_date AS job_start_date, job.end_date AS job_end_date, job.latest_heartbeat AS job_lat
00:25:06.382|8860|idle in transaction||SELECT asset_partition_dag_run.id, asset_partition_dag_run.target_dag_id, asset_partition_dag_run.created_dag_run_id, asset_partition_dag_run.partition_key, asset_partition_dag_run.partition_date, ass
00:25:06.943|20074|idle in transaction|Client|SELECT dag_run.dag_id, dag_run.backfill_id, count(dag_run.id) AS num_running FROM dag_run WHERE dag_run.state = 'running' GROUP BY dag_run.dag_id, dag_run.backfill_id
00:25:06.943|8860|idle in transaction|Client|SELECT asset_partition_dag_run.id, asset_partition_dag_run.target_dag_id, asset_partition_dag_run.created_dag_run_id, asset_partition_dag_run.partition_key, asset_partition_dag_run.partition_date, ass
00:25:07.523|20074|active|Client|SELECT dag.dag_id AS dag_dag_id, dag.is_paused AS dag_is_paused, dag.is_stale AS dag_is_stale, dag.exceeds_max_non_backfill AS dag_exceeds_max_non_backfill, dag.last_parsed_time AS dag_last_parsed_tim
00:25:07.523|8860|idle in transaction|Client|SELECT asset.id FROM asset WHERE asset.id = 1 FOR NO KEY UPDATE
00:25:08.094|20074|idle in transaction||SELECT dag_version.id, dag_version.version_number, dag_version.dag_id, dag_version.bundle_name, dag_version.bundle_version, dag_version.version_data, dag_version.created_at, dag_version.last_updated F
00:25:08.656|20074|idle in transaction|Client|SELECT max(log_template.id) AS max_1 FROM log_template
00:25:09.229|20074|idle in transaction|Client|SELECT task_instance.id, task_instance.task_id, task_instance.dag_id, task_instance.run_id, task_instance.map_index, task_instance.start_date, task_instance.end_date, task_instance.duration, task_inst
00:25:09.809|20074|idle in transaction|Client|UPDATE asset_partition_dag_run SET created_dag_run_id=41204, updated_at='2026-09-30T00:25:09.733574+00:00'::timestamptz WHERE asset_partition_dag_run.id = 41197
00:25:10.414|20074|idle in transaction|Client|UPDATE asset_partition_dag_run SET created_dag_run_id=41279, updated_at='2026-09-30T00:25:10.343460+00:00'::timestamptz WHERE asset_partition_dag_run.id = 41272
00:25:10.414|8478|active||SELECT asset_partition_dag_run.id, asset_partition_dag_run.target_dag_id, asset_partition_dag_run.created_dag_run_id, asset_partition_dag_run.partition_key, asset_partition_dag_run.partition_date, ass
00:25:10.993|20074|idle in transaction|Client|INSERT INTO dag_run (dag_id, queued_at, logical_date, start_date, end_date, state, run_id, creating_job_id, run_type, triggered_by, triggering_user_name, conf, data_interval_start, data_interval_end, 
00:25:10.993|8478|active||SELECT asset.id, asset.name, asset.uri, asset."group", asset.extra, asset.created_at, asset.updated_at, asset_active_1.name AS name_1, asset_active_1.uri AS uri_1, dag_1.dag_id, dag_1.is_paused, dag_1
00:25:11.585|20074|idle in transaction|Client|SELECT asset_event.id, asset_event.asset_id, asset_event.extra, asset_event.source_task_id, asset_event.source_dag_id, asset_event.source_run_id, asset_event.source_map_index, asset_event.timestamp, a
00:25:11.585|8478|idle in transaction|Client|SELECT asset.id, asset.name, asset.uri, asset."group", asset.extra, asset.created_at, asset.updated_at FROM asset WHERE asset.id = 1
00:25:12.181|20074|idle in transaction|Client|SELECT dag_version.id, dag_version.version_number, dag_version.dag_id, dag_version.bundle_name, dag_version.bundle_version, dag_version.version_data, dag_version.created_at, dag_version.last_updated F
00:25:12.181|8478|active||SELECT dag.dag_id, dag.is_paused, dag.is_stale, dag.exceeds_max_non_backfill, dag.last_parsed_time, dag.last_parse_duration, dag.last_expired, dag.fileloc, dag.relative_fileloc, dag.bundle_name, dag.b
00:25:12.759|20074|idle in transaction|Client|SELECT task_instance.id, task_instance.task_id, task_instance.dag_id, task_instance.run_id, task_instance.map_index, task_instance.start_date, task_instance.end_date, task_instance.duration, task_inst
00:25:12.759|8478|idle in transaction|Client|SELECT asset_partition_dag_run.id, asset_partition_dag_run.target_dag_id, asset_partition_dag_run.created_dag_run_id, asset_partition_dag_run.partition_key, asset_partition_dag_run.partition_date, ass
00:25:13.336|20074|idle in transaction|Client|SELECT dag_version.id, dag_version.version_number, dag_version.dag_id, dag_version.bundle_name, dag_version.bundle_version, dag_version.version_data, dag_version.created_at, dag_version.last_updated F
00:25:13.336|8478|idle in transaction|Client|SELECT serialized_dag.id, serialized_dag.dag_id, serialized_dag.data, serialized_dag.data_compressed, serialized_dag.created_at, serialized_dag.last_updated, serialized_dag.dag_hash, serialized_dag.da
00:25:13.898|8478|active||SELECT asset_partition_dag_run.id, asset_partition_dag_run.target_dag_id, asset_partition_dag_run.created_dag_run_id, asset_partition_dag_run.partition_key, asset_partition_dag_run.partition_date, ass
00:25:14.480|20074|idle in transaction|Client|SELECT dag_run.id, dag_run.dag_id, dag_run.queued_at, dag_run.logical_date, dag_run.start_date, dag_run.end_date, dag_run.state, dag_run.run_id, dag_run.creating_job_id, dag_run.run_type, dag_run.trig
00:25:14.480|8478|idle in transaction|Client|SELECT asset.id FROM asset WHERE asset.id = 1 FOR NO KEY UPDATE
00:25:15.052|20074|idle in transaction|Client|SELECT task_instance.dag_version_id FROM task_instance WHERE task_instance.dag_id = 'bench_partition_consumer' AND task_instance.dag_version_id = '01a0efa2-2565-7f80-a0a2-753ce7d9a46b'::uuid::UUID AND
00:25:15.052|8478|idle in transaction|Client|SELECT asset.id FROM asset WHERE asset.id = 1 FOR NO KEY UPDATE
00:25:15.620|20074|idle in transaction||SELECT dag_version.id, dag_version.version_number, dag_version.dag_id, dag_version.bundle_name, dag_version.bundle_version, dag_version.version_data, dag_version.created_at, dag_version.last_updated F
00:25:16.194|20074|idle in transaction|Client|SELECT max(log_template.id) AS max_1 FROM log_template
00:25:16.807|20074|active|Client|INSERT INTO dag_run (dag_id, queued_at, logical_date, start_date, end_date, state, run_id, creating_job_id, run_type, triggered_by, triggering_user_name, conf, data_interval_start, data_interval_end, 
00:25:17.375|20074|idle in transaction|Client|SELECT asset_event.id, asset_event.asset_id, asset_event.extra, asset_event.source_task_id, asset_event.source_dag_id, asset_event.source_run_id, asset_event.source_map_index, asset_event.timestamp, a
00:25:17.375|103|active||SELECT asset_partition_dag_run.id, asset_partition_dag_run.target_dag_id, asset_partition_dag_run.created_dag_run_id, asset_partition_dag_run.partition_key, asset_partition_dag_run.partition_date, ass
00:25:17.952|20074|idle in transaction||UPDATE asset_partition_dag_run SET created_dag_run_id=41844, updated_at='2026-09-30T00:25:17.875464+00:00'::timestamptz WHERE asset_partition_dag_run.id = 41837
00:25:17.952|103|idle in transaction|Client|INSERT INTO partitioned_asset_key_log (asset_id, asset_event_id, asset_partition_dag_run_id, source_partition_key, target_dag_id, target_partition_key, created_at) VALUES (1, 42083, 42083, 'ACCT000311
00:25:18.531|20074|idle in transaction|Client|SELECT max(log_template.id) AS max_1 FROM log_template
00:25:18.531|103|idle in transaction|Client|INSERT INTO partitioned_asset_key_log (asset_id, asset_event_id, asset_partition_dag_run_id, source_partition_key, target_dag_id, target_partition_key, created_at) VALUES (1, 42137, 42137, 'ACCT000311
00:25:19.100|20074|active||SELECT dag_run.id, dag_run.dag_id, dag_run.queued_at, dag_run.logical_date, dag_run.start_date, dag_run.end_date, dag_run.state, dag_run.run_id, dag_run.creating_job_id, dag_run.run_type, dag_run.trig
00:25:19.100|103|idle in transaction|Client|SELECT asset.id FROM asset WHERE asset.id = 1 FOR NO KEY UPDATE
00:25:19.679|20074|idle in transaction|Client|SELECT task_instance.id, task_instance.task_id, task_instance.dag_id, task_instance.run_id, task_instance.map_index, task_instance.start_date, task_instance.end_date, task_instance.duration, task_inst
00:25:19.679|103|active||SELECT asset_partition_dag_run.id, asset_partition_dag_run.target_dag_id, asset_partition_dag_run.created_dag_run_id, asset_partition_dag_run.partition_key, asset_partition_dag_run.partition_date, ass
00:25:20.242|20074|idle in transaction|Client|SELECT task_instance.dag_version_id FROM task_instance WHERE task_instance.dag_id = 'bench_partition_consumer' AND task_instance.dag_version_id = '01a0efa2-2565-7f80-a0a2-753ce7d9a46b'::uuid::UUID AND
00:25:20.242|103|idle in transaction|Client|SELECT asset_partition_dag_run.id, asset_partition_dag_run.target_dag_id, asset_partition_dag_run.created_dag_run_id, asset_partition_dag_run.partition_key, asset_partition_dag_run.partition_date, ass
00:25:20.802|103|idle in transaction|Client|SELECT dag.dag_id, dag.is_paused, dag.is_stale, dag.exceeds_max_non_backfill, dag.last_parsed_time, dag.last_parse_duration, dag.last_expired, dag.fileloc, dag.relative_fileloc, dag.bundle_name, dag.b
00:25:21.364|20074|idle in transaction|Client|UPDATE dag_run SET start_date='2026-09-30T00:25:21.186405+00:00'::timestamptz, state='running', updated_at='2026-09-30T00:25:21.211765+00:00'::timestamptz WHERE dag_run.id = 39072
00:25:21.364|103|active||SELECT asset_partition_dag_run.id, asset_partition_dag_run.target_dag_id, asset_partition_dag_run.created_dag_run_id, asset_partition_dag_run.partition_key, asset_partition_dag_run.partition_date, ass
00:25:21.940|20074|idle in transaction|Client|UPDATE task_instance SET start_date='2026-09-30T00:25:21.863431+00:00'::timestamptz, end_date='2026-09-30T00:25:21.863432+00:00'::timestamptz, duration=0, state='success', try_number=(task_instance.tr
00:25:21.940|103|idle in transaction|Client|SELECT asset.id, asset.name, asset.uri, asset."group", asset.extra, asset.created_at, asset.updated_at, asset_active_1.name AS name_1, asset_active_1.uri AS uri_1, dag_1.dag_id, dag_1.is_paused, dag_1
00:25:22.504|20074|idle in transaction||SELECT dag_version.id, dag_version.version_number, dag_version.dag_id, dag_version.bundle_name, dag_version.bundle_version, dag_version.version_data, dag_version.created_at, dag_version.last_updated F
00:25:23.080|20074|idle in transaction|Client|SELECT asset_event.id, asset_event.asset_id, asset_event.extra, asset_event.source_task_id, asset_event.source_dag_id, asset_event.source_run_id, asset_event.source_map_index, asset_event.timestamp, a
00:25:23.655|20074|active||SELECT task_instance.id, task_instance.task_id, task_instance.dag_id, task_instance.run_id, task_instance.map_index, task_instance.start_date, task_instance.end_date, task_instance.duration, task_inst
00:25:24.220|20074|idle in transaction|Client|SELECT dag_version.id, dag_version.version_number, dag_version.dag_id, dag_version.bundle_name, dag_version.bundle_version, dag_version.version_data, dag_version.created_at, dag_version.last_updated F
00:25:24.220|8775|idle in transaction|Client|SELECT asset_partition_dag_run.id, asset_partition_dag_run.target_dag_id, asset_partition_dag_run.created_dag_run_id, asset_partition_dag_run.partition_key, asset_partition_dag_run.partition_date, ass
00:25:24.801|20074|idle in transaction|Client|INSERT INTO task_instance (id, task_id, dag_id, run_id, map_index, try_number, max_tries, hostname, unixname, pool, pool_slots, queue, priority_weight, operator, custom_operator_name, executor_config,
00:25:24.801|8775|idle in transaction|Client|SELECT asset.id, asset.name, asset.uri, asset."group", asset.extra, asset.created_at, asset.updated_at FROM asset WHERE asset.id = 1
00:25:25.381|20074|idle in transaction|Client|INSERT INTO dag_run (dag_id, queued_at, logical_date, start_date, end_date, state, run_id, creating_job_id, run_type, triggered_by, triggering_user_name, conf, data_interval_start, data_interval_end, 
00:25:25.381|8775|idle in transaction|Client|INSERT INTO asset_partition_dag_run (target_dag_id, created_dag_run_id, partition_key, partition_date, rollup_fingerprint, created_at, updated_at) VALUES ('bench_partition_consumer', NULL, 'ACCT000317
00:25:25.950|20074|active||SELECT dag_run.id, dag_run.dag_id, dag_run.queued_at, dag_run.logical_date, dag_run.start_date, dag_run.end_date, dag_run.state, dag_run.run_id, dag_run.creating_job_id, dag_run.run_type, dag_run.trig
00:25:25.950|8775|idle in transaction|Client|INSERT INTO asset_partition_dag_run (target_dag_id, created_dag_run_id, partition_key, partition_date, rollup_fingerprint, created_at, updated_at) VALUES ('bench_partition_consumer', NULL, 'ACCT000316
00:25:26.516|20074|idle in transaction|Client|SELECT task_instance.dag_version_id FROM task_instance WHERE task_instance.dag_id = 'bench_partition_consumer' AND task_instance.dag_version_id = '01a0efa2-2565-7f80-a0a2-753ce7d9a46b'::uuid::UUID AND
00:25:26.516|8775|active||SELECT asset_partition_dag_run.id, asset_partition_dag_run.target_dag_id, asset_partition_dag_run.created_dag_run_id, asset_partition_dag_run.partition_key, asset_partition_dag_run.partition_date, ass
00:25:27.080|20074|idle in transaction|Client|UPDATE task_instance SET start_date='2026-09-30T00:25:27.003724+00:00'::timestamptz, end_date='2026-09-30T00:25:27.003725+00:00'::timestamptz, duration=0, state='success', try_number=(task_instance.tr
00:25:27.080|8775|active||INSERT INTO partitioned_asset_key_log (asset_id, asset_event_id, asset_partition_dag_run_id, source_partition_key, target_dag_id, target_partition_key, created_at) VALUES (1, 42803, 42803, 'ACCT000315
00:25:27.656|8775|active|Client|SELECT serialized_dag.id, serialized_dag.dag_id, serialized_dag.data, serialized_dag.data_compressed, serialized_dag.created_at, serialized_dag.last_updated, serialized_dag.dag_hash, serialized_dag.da
00:25:28.216|20074|idle in transaction|Client|UPDATE dag_run SET start_date='2026-09-30T00:25:28.023713+00:00'::timestamptz, state='running', updated_at='2026-09-30T00:25:28.091686+00:00'::timestamptz WHERE dag_run.id = 39395
00:25:28.216|8775|idle in transaction|Client|SELECT serialized_dag.id, serialized_dag.dag_id, serialized_dag.data, serialized_dag.data_compressed, serialized_dag.created_at, serialized_dag.last_updated, serialized_dag.dag_hash, serialized_dag.da
00:25:28.782|20074|idle in transaction|Client|SELECT task_instance.dag_version_id FROM task_instance WHERE task_instance.dag_id = 'bench_partition_consumer' AND task_instance.dag_version_id = '01a0efa2-2565-7f80-a0a2-753ce7d9a46b'::uuid::UUID AND
00:25:28.782|8775|active||SELECT asset_partition_dag_run.id, asset_partition_dag_run.target_dag_id, asset_partition_dag_run.created_dag_run_id, asset_partition_dag_run.partition_key, asset_partition_dag_run.partition_date, ass
00:25:29.357|20074|active|Client|UPDATE dag_run SET last_scheduling_decision='2026-09-30T00:25:28.794061+00:00'::timestamptz, updated_at='2026-09-30T00:25:29.229810+00:00'::timestamptz, scheduled_by_job_id=1 WHERE dag_run.id = 39411
00:25:29.923|20074|active||INSERT INTO task_instance (id, task_id, dag_id, run_id, map_index, try_number, max_tries, hostname, unixname, pool, pool_slots, queue, priority_weight, operator, custom_operator_name, executor_config,
00:25:30.488|20074|idle in transaction|Client|INSERT INTO dag_run (dag_id, queued_at, logical_date, start_date, end_date, state, run_id, creating_job_id, run_type, triggered_by, triggering_user_name, conf, data_interval_start, data_interval_end, 
00:25:31.068|20074|idle in transaction|Client|SELECT task_instance.id, task_instance.task_id, task_instance.dag_id, task_instance.run_id, task_instance.map_index, task_instance.start_date, task_instance.end_date, task_instance.duration, task_inst
00:25:31.068|8478|idle in transaction|Client|INSERT INTO asset_partition_dag_run (target_dag_id, created_dag_run_id, partition_key, partition_date, rollup_fingerprint, created_at, updated_at) VALUES ('bench_partition_consumer', NULL, 'ACCT000320
00:25:31.649|20074|idle in transaction|Client|INSERT INTO task_instance (id, task_id, dag_id, run_id, map_index, try_number, max_tries, hostname, unixname, pool, pool_slots, queue, priority_weight, operator, custom_operator_name, executor_config,
00:25:31.649|8478|active||SELECT asset_partition_dag_run.id, asset_partition_dag_run.target_dag_id, asset_partition_dag_run.created_dag_run_id, asset_partition_dag_run.partition_key, asset_partition_dag_run.partition_date, ass
00:25:32.224|20074|idle in transaction||INSERT INTO dag_run (dag_id, queued_at, logical_date, start_date, end_date, state, run_id, creating_job_id, run_type, triggered_by, triggering_user_name, conf, data_interval_start, data_interval_end, 
00:25:32.224|8478|idle in transaction|Client|INSERT INTO asset_partition_dag_run (target_dag_id, created_dag_run_id, partition_key, partition_date, rollup_fingerprint, created_at, updated_at) VALUES ('bench_partition_consumer', NULL, 'ACCT000323
00:25:32.796|20074|idle in transaction|Client|INSERT INTO task_instance (id, task_id, dag_id, run_id, map_index, try_number, max_tries, hostname, unixname, pool, pool_slots, queue, priority_weight, operator, custom_operator_name, executor_config,
00:25:32.796|8478|active||SELECT asset.id, asset.name, asset.uri, asset."group", asset.extra, asset.created_at, asset.updated_at, asset_active_1.name AS name_1, asset_active_1.uri AS uri_1, dag_1.dag_id, dag_1.is_paused, dag_1
00:25:33.372|20074|idle in transaction|Client|SELECT task_instance.dag_version_id FROM task_instance WHERE task_instance.dag_id = 'bench_partition_consumer' AND task_instance.dag_version_id = '01a0efa2-2565-7f80-a0a2-753ce7d9a46b'::uuid::UUID AND
00:25:33.372|8478|active||SELECT asset_partition_dag_run.id, asset_partition_dag_run.target_dag_id, asset_partition_dag_run.created_dag_run_id, asset_partition_dag_run.partition_key, asset_partition_dag_run.partition_date, ass
00:25:33.934|20074|idle in transaction|Client|SELECT dag_version.id, dag_version.version_number, dag_version.dag_id, dag_version.bundle_name, dag_version.bundle_version, dag_version.version_data, dag_version.created_at, dag_version.last_updated F
00:25:33.934|8478|active||SELECT asset_partition_dag_run.id, asset_partition_dag_run.target_dag_id, asset_partition_dag_run.created_dag_run_id, asset_partition_dag_run.partition_key, asset_partition_dag_run.partition_date, ass
00:25:34.506|8478|idle in transaction|Client|INSERT INTO asset_partition_dag_run (target_dag_id, created_dag_run_id, partition_key, partition_date, rollup_fingerprint, created_at, updated_at) VALUES ('bench_partition_consumer', NULL, 'ACCT000321
00:25:35.070|20074|idle in transaction|Client|SELECT dag_version.id, dag_version.version_number, dag_version.dag_id, dag_version.bundle_name, dag_version.bundle_version, dag_version.version_data, dag_version.created_at, dag_version.last_updated F
00:25:35.070|8478|active||SELECT asset.id, asset.name, asset.uri, asset."group", asset.extra, asset.created_at, asset.updated_at, asset_active_1.name AS name_1, asset_active_1.uri AS uri_1, dag_1.dag_id, dag_1.is_paused, dag_1
00:25:35.635|20074|idle in transaction|Client|UPDATE task_instance SET start_date='2026-09-30T00:25:35.557996+00:00'::timestamptz, end_date='2026-09-30T00:25:35.557997+00:00'::timestamptz, duration=0, state='success', try_number=(task_instance.tr
00:25:35.635|8478|active||SELECT asset_partition_dag_run.id, asset_partition_dag_run.target_dag_id, asset_partition_dag_run.created_dag_run_id, asset_partition_dag_run.partition_key, asset_partition_dag_run.partition_date, ass
00:25:36.196|20074|idle in transaction|Client|SELECT task_instance.dag_version_id FROM task_instance WHERE task_instance.dag_id = 'bench_partition_consumer' AND task_instance.dag_version_id = '01a0efa2-2565-7f80-a0a2-753ce7d9a46b'::uuid::UUID AND
00:25:36.752|20074|idle in transaction|Client|SELECT dag.bundle_version FROM dag WHERE dag.dag_id = 'bench_partition_consumer'
00:25:37.325|20074|active|Client|INSERT INTO dagrun_asset_event (dag_run_id, event_id) VALUES (43144, 43137)
00:25:37.903|20074|idle in transaction|Client|INSERT INTO dag_run (dag_id, queued_at, logical_date, start_date, end_date, state, run_id, creating_job_id, run_type, triggered_by, triggering_user_name, conf, data_interval_start, data_interval_end, 
00:25:37.903|9080|idle in transaction|Client|INSERT INTO asset_event (asset_id, extra, source_task_id, source_dag_id, source_run_id, source_map_index, timestamp, partition_key) VALUES (1, '{}'::JSON, 'emit', 'bench_partition_producer', 'part_100
00:25:38.479|20046|idle in transaction||SELECT callback.id, callback.type, callback.fetch_method, callback.data, callback.bundle_name, callback.state, callback.output, callback.priority_weight, callback.created_at, callback.trigger_id FROM 
00:25:38.479|20074|idle in transaction|Client|SELECT task_instance.id, task_instance.task_id, task_instance.dag_id, task_instance.run_id, task_instance.map_index, task_instance.start_date, task_instance.end_date, task_instance.duration, task_inst
00:25:38.479|9080|idle in transaction|Client|SELECT serialized_dag.id, serialized_dag.dag_id, serialized_dag.data, serialized_dag.data_compressed, serialized_dag.created_at, serialized_dag.last_updated, serialized_dag.dag_hash, serialized_dag.da
00:25:39.037|20074|active||SELECT task_instance.id, task_instance.task_id, task_instance.dag_id, task_instance.run_id, task_instance.map_index, task_instance.start_date, task_instance.end_date, task_instance.duration, task_inst
00:25:39.037|9080|idle in transaction|Client|INSERT INTO asset_partition_dag_run (target_dag_id, created_dag_run_id, partition_key, partition_date, rollup_fingerprint, created_at, updated_at) VALUES ('bench_partition_consumer', NULL, 'ACCT000326
00:25:39.638|20074|idle in transaction|Client|SELECT dag.bundle_version FROM dag WHERE dag.dag_id = 'bench_partition_consumer'
00:25:39.638|9080|idle in transaction|Client|SELECT asset.id, asset.name, asset.uri, asset."group", asset.extra, asset.created_at, asset.updated_at FROM asset WHERE asset.id = 1
00:25:40.237|20074|idle in transaction|Client|SELECT task_instance.id, task_instance.task_id, task_instance.dag_id, task_instance.run_id, task_instance.map_index, task_instance.start_date, task_instance.end_date, task_instance.duration, task_inst
00:25:40.237|9080|idle in transaction|Client|SELECT asset_alias.id, asset_alias.name, asset_alias."group" FROM asset_alias WHERE asset_alias.name IN (NULL) AND (1 != 1)
00:25:40.802|20074|idle in transaction||UPDATE task_instance SET start_date='2026-09-30T00:25:40.724330+00:00'::timestamptz, end_date='2026-09-30T00:25:40.724330+00:00'::timestamptz, duration=0, state='success', try_number=(task_instance.tr
00:25:40.802|9080|active||SELECT asset_partition_dag_run.id, asset_partition_dag_run.target_dag_id, asset_partition_dag_run.created_dag_run_id, asset_partition_dag_run.partition_key, asset_partition_dag_run.partition_date, ass
00:25:41.374|9080|idle in transaction|Client|SELECT asset.id, asset.name, asset.uri, asset."group", asset.extra, asset.created_at, asset.updated_at, asset_active_1.name AS name_1, asset_active_1.uri AS uri_1, dag_1.dag_id, dag_1.is_paused, dag_1
00:25:41.968|20074|idle in transaction|Client|SELECT dag_version.id, dag_version.version_number, dag_version.dag_id, dag_version.bundle_name, dag_version.bundle_version, dag_version.version_data, dag_version.created_at, dag_version.last_updated F
00:25:41.968|9080|idle in transaction|Client|SELECT asset.id, asset.name, asset.uri, asset."group", asset.extra, asset.created_at, asset.updated_at FROM asset WHERE asset.id = 1
00:25:42.534|20074|active||UPDATE task_instance SET start_date='2026-09-30T00:25:42.457392+00:00'::timestamptz, end_date='2026-09-30T00:25:42.457393+00:00'::timestamptz, duration=0, state='success', try_number=(task_instance.tr
00:25:42.534|9080|idle in transaction|Client|SELECT serialized_dag.id, serialized_dag.dag_id, serialized_dag.data, serialized_dag.data_compressed, serialized_dag.created_at, serialized_dag.last_updated, serialized_dag.dag_hash, serialized_dag.da
00:25:43.094|20074|idle in transaction|Client|SELECT dag_version.id, dag_version.version_number, dag_version.dag_id, dag_version.bundle_name, dag_version.bundle_version, dag_version.version_data, dag_version.created_at, dag_version.last_updated F
00:25:43.661|20074|idle in transaction|Client|INSERT INTO task_instance (id, task_id, dag_id, run_id, map_index, try_number, max_tries, hostname, unixname, pool, pool_slots, queue, priority_weight, operator, custom_operator_name, executor_config,
00:25:44.222|20074|idle in transaction|Client|INSERT INTO task_instance (id, task_id, dag_id, run_id, map_index, try_number, max_tries, hostname, unixname, pool, pool_slots, queue, priority_weight, operator, custom_operator_name, executor_config,
00:25:44.788|20074|active||INSERT INTO dag_run (dag_id, queued_at, logical_date, start_date, end_date, state, run_id, creating_job_id, run_type, triggered_by, triggering_user_name, conf, data_interval_start, data_interval_end, 
00:25:44.788|8775|idle in transaction|Client|INSERT INTO partitioned_asset_key_log (asset_id, asset_event_id, asset_partition_dag_run_id, source_partition_key, target_dag_id, target_partition_key, created_at) VALUES (1, 44003, 44003, 'ACCT000332
00:25:45.358|20074|idle in transaction|Client|UPDATE asset_partition_dag_run SET created_dag_run_id=43814, updated_at='2026-09-30T00:25:45.280655+00:00'::timestamptz WHERE asset_partition_dag_run.id = 43807
00:25:45.358|8775|idle in transaction|Client|SELECT asset_alias.id, asset_alias.name, asset_alias."group" FROM asset_alias WHERE asset_alias.name IN (NULL) AND (1 != 1)
00:25:45.936|20074|idle in transaction|Client|SELECT max(log_template.id) AS max_1 FROM log_template
00:25:45.936|8775|active||SELECT asset_partition_dag_run.id, asset_partition_dag_run.target_dag_id, asset_partition_dag_run.created_dag_run_id, asset_partition_dag_run.partition_key, asset_partition_dag_run.partition_date, ass
00:25:46.506|20074|idle in transaction|Client|SELECT dag_version.id, dag_version.version_number, dag_version.dag_id, dag_version.bundle_name, dag_version.bundle_version, dag_version.version_data, dag_version.created_at, dag_version.last_updated F
00:25:46.506|8775|active||SELECT asset_partition_dag_run.id, asset_partition_dag_run.target_dag_id, asset_partition_dag_run.created_dag_run_id, asset_partition_dag_run.partition_key, asset_partition_dag_run.partition_date, ass
00:25:47.079|20074|idle in transaction||SELECT dag.dag_id AS dag_dag_id, dag.is_paused AS dag_is_paused, dag.is_stale AS dag_is_stale, dag.exceeds_max_non_backfill AS dag_exceeds_max_non_backfill, dag.last_parsed_time AS dag_last_parsed_tim
00:25:47.079|8775|active||SELECT asset_partition_dag_run.id, asset_partition_dag_run.target_dag_id, asset_partition_dag_run.created_dag_run_id, asset_partition_dag_run.partition_key, asset_partition_dag_run.partition_date, ass
00:25:47.650|20074|idle in transaction|Client|SELECT dag_version.id, dag_version.version_number, dag_version.dag_id, dag_version.bundle_name, dag_version.bundle_version, dag_version.version_data, dag_version.created_at, dag_version.last_updated F
00:25:47.650|15180|active||select count(*) from asset_event e join asset a on a.id=e.asset_id where a.name='bench_accounts'
00:25:47.650|8775|idle in transaction|Client|SELECT serialized_dag.id, serialized_dag.dag_id, serialized_dag.data, serialized_dag.data_compressed, serialized_dag.created_at, serialized_dag.last_updated, serialized_dag.dag_hash, serialized_dag.da
00:25:48.229|8775|active||SELECT asset_partition_dag_run.id, asset_partition_dag_run.target_dag_id, asset_partition_dag_run.created_dag_run_id, asset_partition_dag_run.partition_key, asset_partition_dag_run.partition_date, ass
00:25:48.791|20074|idle in transaction|Client|SELECT dag_version.id, dag_version.version_number, dag_version.dag_id, dag_version.bundle_name, dag_version.bundle_version, dag_version.version_data, dag_version.created_at, dag_version.last_updated F
00:25:48.791|8775|idle in transaction|Client|SELECT asset_alias.id, asset_alias.name, asset_alias."group" FROM asset_alias WHERE asset_alias.name IN (NULL) AND (1 != 1)
00:25:49.358|20074|idle in transaction|Client|UPDATE task_instance SET start_date='2026-09-30T00:25:49.278665+00:00'::timestamptz, end_date='2026-09-30T00:25:49.278666+00:00'::timestamptz, duration=0, state='success', try_number=(task_instance.tr
00:25:49.358|8775|active||SELECT asset_partition_dag_run.id, asset_partition_dag_run.target_dag_id, asset_partition_dag_run.created_dag_run_id, asset_partition_dag_run.partition_key, asset_partition_dag_run.partition_date, ass
00:25:49.914|20074|active||UPDATE task_instance SET start_date='2026-09-30T00:25:49.836841+00:00'::timestamptz, end_date='2026-09-30T00:25:49.836842+00:00'::timestamptz, duration=0, state='success', try_number=(task_instance.tr
00:25:50.481|20074|active||SELECT task_instance.id, task_instance.task_id, task_instance.dag_id, task_instance.run_id, task_instance.map_index, task_instance.start_date, task_instance.end_date, task_instance.duration, task_inst
00:25:51.053|20074|idle in transaction|Client|INSERT INTO dag_run (dag_id, queued_at, logical_date, start_date, end_date, state, run_id, creating_job_id, run_type, triggered_by, triggering_user_name, conf, data_interval_start, data_interval_end, 
00:25:51.626|20074|idle in transaction|Client|SELECT task_instance.id, task_instance.task_id, task_instance.dag_id, task_instance.run_id, task_instance.map_index, task_instance.start_date, task_instance.end_date, task_instance.duration, task_inst
00:25:51.626|8379|idle in transaction|Client|SELECT asset_partition_dag_run.id, asset_partition_dag_run.target_dag_id, asset_partition_dag_run.created_dag_run_id, asset_partition_dag_run.partition_key, asset_partition_dag_run.partition_date, ass
00:25:52.190|20074|idle in transaction|Client|SELECT max(log_template.id) AS max_1 FROM log_template
00:25:52.190|8379|idle in transaction|Client|SELECT dag.dag_id, dag.is_paused, dag.is_stale, dag.exceeds_max_non_backfill, dag.last_parsed_time, dag.last_parse_duration, dag.last_expired, dag.fileloc, dag.relative_fileloc, dag.bundle_name, dag.b
00:25:52.764|20074|idle in transaction|Client|SELECT asset_event.id, asset_event.asset_id, asset_event.extra, asset_event.source_task_id, asset_event.source_dag_id, asset_event.source_run_id, asset_event.source_map_index, asset_event.timestamp, a
00:25:52.764|15180|active||select count(*) from asset_event e join asset a on a.id=e.asset_id where a.name='bench_accounts'
00:25:52.764|8379|idle in transaction||SELECT serialized_dag.id, serialized_dag.dag_id, serialized_dag.data, serialized_dag.data_compressed, serialized_dag.created_at, serialized_dag.last_updated, serialized_dag.dag_hash, serialized_dag.da
00:25:53.336|20074|idle in transaction|Client|UPDATE asset_partition_dag_run SET created_dag_run_id=44486, updated_at='2026-09-30T00:25:53.258780+00:00'::timestamptz WHERE asset_partition_dag_run.id = 44479
00:25:53.336|8379|idle in transaction|Client|SELECT asset_partition_dag_run.id, asset_partition_dag_run.target_dag_id, asset_partition_dag_run.created_dag_run_id, asset_partition_dag_run.partition_key, asset_partition_dag_run.partition_date, ass
00:25:53.908|20074|idle in transaction|Client|SELECT task_instance.id, task_instance.task_id, task_instance.dag_id, task_instance.run_id, task_instance.map_index, task_instance.start_date, task_instance.end_date, task_instance.duration, task_inst
00:25:53.908|8379|idle in transaction|Client|SELECT asset.id, asset.name, asset.uri, asset."group", asset.extra, asset.created_at, asset.updated_at, asset_active_1.name AS name_1, asset_active_1.uri AS uri_1, dag_1.dag_id, dag_1.is_paused, dag_1
00:25:53.908|21499|active||autovacuum: VACUUM ANALYZE public.dag_run
00:25:54.482|20074|idle in transaction|Client|SELECT task_instance.id, task_instance.task_id, task_instance.dag_id, task_instance.run_id, task_instance.map_index, task_instance.start_date, task_instance.end_date, task_instance.duration, task_inst
00:25:54.482|8379|active||SELECT asset_partition_dag_run.id, asset_partition_dag_run.target_dag_id, asset_partition_dag_run.created_dag_run_id, asset_partition_dag_run.partition_key, asset_partition_dag_run.partition_date, ass
00:25:55.040|20074|idle in transaction|Client|SELECT dag_version.id, dag_version.version_number, dag_version.dag_id, dag_version.bundle_name, dag_version.bundle_version, dag_version.version_data, dag_version.created_at, dag_version.last_updated F
00:25:55.040|8379|active||SELECT asset_partition_dag_run.id, asset_partition_dag_run.target_dag_id, asset_partition_dag_run.created_dag_run_id, asset_partition_dag_run.partition_key, asset_partition_dag_run.partition_date, ass
00:25:55.620|20074|idle in transaction|Client|SELECT dag_version.id, dag_version.version_number, dag_version.dag_id, dag_version.bundle_name, dag_version.bundle_version, dag_version.version_data, dag_version.created_at, dag_version.last_updated F
00:25:55.620|8379|idle in transaction|Client|SELECT asset.id, asset.name, asset.uri, asset."group", asset.extra, asset.created_at, asset.updated_at, asset_active_1.name AS name_1, asset_active_1.uri AS uri_1, dag_1.dag_id, dag_1.is_paused, dag_1
00:25:56.186|20074|idle in transaction|Client|SELECT task_instance.dag_version_id FROM task_instance WHERE task_instance.dag_id = 'bench_partition_consumer' AND task_instance.dag_version_id = '01a0efa2-2565-7f80-a0a2-753ce7d9a46b'::uuid::UUID AND
00:25:56.186|8379|active|Client|SELECT dag.dag_id, dag.is_paused, dag.is_stale, dag.exceeds_max_non_backfill, dag.last_parsed_time, dag.last_parse_duration, dag.last_expired, dag.fileloc, dag.relative_fileloc, dag.bundle_name, dag.b
00:25:56.778|20074|idle in transaction|Client|SELECT dag_version.id, dag_version.version_number, dag_version.dag_id, dag_version.bundle_name, dag_version.bundle_version, dag_version.version_data, dag_version.created_at, dag_version.last_updated F
00:25:57.362|20074|idle in transaction|Client|SELECT dag.bundle_version FROM dag WHERE dag.dag_id = 'bench_partition_consumer'
00:25:57.943|20046|idle in transaction|Client|SELECT callback.id, callback.type, callback.fetch_method, callback.data, callback.bundle_name, callback.state, callback.output, callback.priority_weight, callback.created_at, callback.trigger_id FROM 
00:25:57.943|20074|idle in transaction|Client|UPDATE asset_partition_dag_run SET created_dag_run_id=44638, updated_at='2026-09-30T00:25:57.866369+00:00'::timestamptz WHERE asset_partition_dag_run.id = 44631
00:25:58.517|20074|idle in transaction|Client|INSERT INTO dagrun_asset_event (dag_run_id, event_id) VALUES (44731, 44724)
00:25:58.517|9080|active||INSERT INTO partitioned_asset_key_log (asset_id, asset_event_id, asset_partition_dag_run_id, source_partition_key, target_dag_id, target_partition_key, created_at) VALUES (1, 45009, 45009, 'ACCT000341
00:25:59.082|20074|idle in transaction|Client|SELECT dag_version.id, dag_version.version_number, dag_version.dag_id, dag_version.bundle_name, dag_version.bundle_version, dag_version.version_data, dag_version.created_at, dag_version.last_updated F
00:25:59.082|9080|active||SELECT asset_partition_dag_run.id, asset_partition_dag_run.target_dag_id, asset_partition_dag_run.created_dag_run_id, asset_partition_dag_run.partition_key, asset_partition_dag_run.partition_date, ass
00:25:59.679|20074|idle in transaction|Client|INSERT INTO dagrun_asset_event (dag_run_id, event_id) VALUES (44912, 44905)
00:25:59.679|9080|active||SELECT asset_partition_dag_run.id, asset_partition_dag_run.target_dag_id, asset_partition_dag_run.created_dag_run_id, asset_partition_dag_run.partition_key, asset_partition_dag_run.partition_date, ass
00:26:00.239|20074|idle in transaction|Client|SELECT asset_event.id, asset_event.asset_id, asset_event.extra, asset_event.source_task_id, asset_event.source_dag_id, asset_event.source_run_id, asset_event.source_map_index, asset_event.timestamp, a
00:26:00.239|9080|active||SELECT asset_partition_dag_run.id, asset_partition_dag_run.target_dag_id, asset_partition_dag_run.created_dag_run_id, asset_partition_dag_run.partition_key, asset_partition_dag_run.partition_date, ass
00:26:00.801|20074|idle in transaction|Client|SELECT dag.dag_id AS dag_dag_id, dag.is_paused AS dag_is_paused, dag.is_stale AS dag_is_stale, dag.exceeds_max_non_backfill AS dag_exceeds_max_non_backfill, dag.last_parsed_time AS dag_last_parsed_tim
00:26:00.801|9080|active||SELECT asset_partition_dag_run.id, asset_partition_dag_run.target_dag_id, asset_partition_dag_run.created_dag_run_id, asset_partition_dag_run.partition_key, asset_partition_dag_run.partition_date, ass
00:26:01.360|20074|idle in transaction|Client|SELECT dag.dag_id AS dag_dag_id, dag.is_paused AS dag_is_paused, dag.is_stale AS dag_is_stale, dag.exceeds_max_non_backfill AS dag_exceeds_max_non_backfill, dag.last_parsed_time AS dag_last_parsed_tim
00:26:01.360|9080|active||SELECT asset_partition_dag_run.id, asset_partition_dag_run.target_dag_id, asset_partition_dag_run.created_dag_run_id, asset_partition_dag_run.partition_key, asset_partition_dag_run.partition_date, ass
00:26:01.920|9080|idle in transaction|Client|INSERT INTO partitioned_asset_key_log (asset_id, asset_event_id, asset_partition_dag_run_id, source_partition_key, target_dag_id, target_partition_key, created_at) VALUES (1, 45363, 45363, 'ACCT000343
00:26:02.486|20074|idle in transaction|Client|SELECT dag_version.id, dag_version.version_number, dag_version.dag_id, dag_version.bundle_name, dag_version.bundle_version, dag_version.version_data, dag_version.created_at, dag_version.last_updated F
00:26:02.486|9080|idle in transaction|Client|SELECT dag.dag_id, dag.is_paused, dag.is_stale, dag.exceeds_max_non_backfill, dag.last_parsed_time, dag.last_parse_duration, dag.last_expired, dag.fileloc, dag.relative_fileloc, dag.bundle_name, dag.b
00:26:03.042|20074|idle in transaction|Client|SELECT task_instance.dag_version_id FROM task_instance WHERE task_instance.dag_id = 'bench_partition_consumer' AND task_instance.dag_version_id = '01a0efa2-2565-7f80-a0a2-753ce7d9a46b'::uuid::UUID AND
00:26:03.042|9080|idle in transaction|Client|SELECT serialized_dag.id, serialized_dag.dag_id, serialized_dag.data, serialized_dag.data_compressed, serialized_dag.created_at, serialized_dag.last_updated, serialized_dag.dag_hash, serialized_dag.da
00:26:03.606|20074|idle in transaction||UPDATE dag_run SET last_scheduling_decision='2026-09-30T00:26:02.808039+00:00'::timestamptz, updated_at='2026-09-30T00:26:03.509220+00:00'::timestamptz, scheduled_by_job_id=1 WHERE dag_run.id = 41358
00:26:04.196|20074|active||INSERT INTO task_instance (id, task_id, dag_id, run_id, map_index, try_number, max_tries, hostname, unixname, pool, pool_slots, queue, priority_weight, operator, custom_operator_name, executor_config,
00:26:04.763|20074|idle in transaction|Client|UPDATE asset_partition_dag_run SET created_dag_run_id=45150, updated_at='2026-09-30T00:26:04.686000+00:00'::timestamptz WHERE asset_partition_dag_run.id = 45143
00:26:05.358|20074|idle in transaction|Client|INSERT INTO dagrun_asset_event (dag_run_id, event_id) VALUES (45233, 45226)
00:26:05.358|8696|active||SELECT asset_partition_dag_run.id, asset_partition_dag_run.target_dag_id, asset_partition_dag_run.created_dag_run_id, asset_partition_dag_run.partition_key, asset_partition_dag_run.partition_date, ass
00:26:05.932|20074|idle in transaction|Client|INSERT INTO dag_run (dag_id, queued_at, logical_date, start_date, end_date, state, run_id, creating_job_id, run_type, triggered_by, triggering_user_name, conf, data_interval_start, data_interval_end, 
00:26:05.932|8696|idle in transaction|Client|SELECT asset.id, asset.name, asset.uri, asset."group", asset.extra, asset.created_at, asset.updated_at, asset_active_1.name AS name_1, asset_active_1.uri AS uri_1, dag_1.dag_id, dag_1.is_paused, dag_1
00:26:06.502|20074|idle in transaction|Client|INSERT INTO dag_run (dag_id, queued_at, logical_date, start_date, end_date, state, run_id, creating_job_id, run_type, triggered_by, triggering_user_name, conf, data_interval_start, data_interval_end, 
00:26:06.502|8696|idle in transaction|Client|SELECT dag.dag_id, dag.is_paused, dag.is_stale, dag.exceeds_max_non_backfill, dag.last_parsed_time, dag.last_parse_duration, dag.last_expired, dag.fileloc, dag.relative_fileloc, dag.bundle_name, dag.b
00:26:07.071|20074|idle in transaction|Client|UPDATE asset_partition_dag_run SET created_dag_run_id=45500, updated_at='2026-09-30T00:26:06.993258+00:00'::timestamptz WHERE asset_partition_dag_run.id = 45493
00:26:07.071|8696|active||SELECT asset.id, asset.name, asset.uri, asset."group", asset.extra, asset.created_at, asset.updated_at, asset_active_1.name AS name_1, asset_active_1.uri AS uri_1, dag_1.dag_id, dag_1.is_paused, dag_1
00:26:07.643|20074|active|Client|UPDATE task_instance SET start_date='2026-09-30T00:26:07.565581+00:00'::timestamptz, end_date='2026-09-30T00:26:07.565582+00:00'::timestamptz, duration=0, state='success', try_number=(task_instance.tr
00:26:07.643|8696|idle in transaction|Client|SELECT dag.dag_id, dag.is_paused, dag.is_stale, dag.exceeds_max_non_backfill, dag.last_parsed_time, dag.last_parse_duration, dag.last_expired, dag.fileloc, dag.relative_fileloc, dag.bundle_name, dag.b
00:26:08.222|20074|idle in transaction|Client|SELECT dag_version.id, dag_version.version_number, dag_version.dag_id, dag_version.bundle_name, dag_version.bundle_version, dag_version.version_data, dag_version.created_at, dag_version.last_updated F
00:26:08.222|8696|active||SELECT asset_partition_dag_run.id, asset_partition_dag_run.target_dag_id, asset_partition_dag_run.created_dag_run_id, asset_partition_dag_run.partition_key, asset_partition_dag_run.partition_date, ass
00:26:08.794|8696|idle in transaction|Client|SELECT asset_alias.id, asset_alias.name, asset_alias."group" FROM asset_alias WHERE asset_alias.name IN (NULL) AND (1 != 1)
00:26:09.365|20074|idle in transaction|Client|UPDATE dag_run SET start_date='2026-09-30T00:26:09.153477+00:00'::timestamptz, state='running', updated_at='2026-09-30T00:26:09.277115+00:00'::timestamptz WHERE dag_run.id = 41725
00:26:09.365|8696|idle in transaction|Client|SELECT asset.id, asset.name, asset.uri, asset."group", asset.extra, asset.created_at, asset.updated_at FROM asset WHERE asset.id = 1
00:26:09.929|20074|idle in transaction|Client|SELECT task_instance.id, task_instance.task_id, task_instance.dag_id, task_instance.run_id, task_instance.map_index, task_instance.start_date, task_instance.end_date, task_instance.duration, task_inst
00:26:09.929|8696|idle in transaction||SELECT asset_alias.id, asset_alias.name, asset_alias."group" FROM asset_alias WHERE asset_alias.name IN (NULL) AND (1 != 1)
00:26:10.490|20074|idle in transaction|Client|SELECT dag_version.id, dag_version.version_number, dag_version.dag_id, dag_version.bundle_name, dag_version.bundle_version, dag_version.version_data, dag_version.created_at, dag_version.last_updated F
00:26:11.072|20074|idle in transaction|Client|SELECT dag_version.id, dag_version.version_number, dag_version.dag_id, dag_version.bundle_name, dag_version.bundle_version, dag_version.version_data, dag_version.created_at, dag_version.last_updated F
00:26:11.662|20074|idle in transaction|Client|SELECT dag.bundle_version FROM dag WHERE dag.dag_id = 'bench_partition_consumer'
00:26:12.236|20074|idle in transaction|Client|SELECT max(log_template.id) AS max_1 FROM log_template
00:26:12.819|20074|idle in transaction|Client|UPDATE asset_partition_dag_run SET created_dag_run_id=45804, updated_at='2026-09-30T00:26:12.742078+00:00'::timestamptz WHERE asset_partition_dag_run.id = 45797
00:26:12.819|8379|idle in transaction|Client|SELECT asset.id, asset.name, asset.uri, asset."group", asset.extra, asset.created_at, asset.updated_at FROM asset WHERE asset.id = 1
00:26:13.386|20074|idle in transaction|Client|SELECT dag_version.id, dag_version.version_number, dag_version.dag_id, dag_version.bundle_name, dag_version.bundle_version, dag_version.version_data, dag_version.created_at, dag_version.last_updated F
00:26:13.386|8379|active||SELECT asset_partition_dag_run.id, asset_partition_dag_run.target_dag_id, asset_partition_dag_run.created_dag_run_id, asset_partition_dag_run.partition_key, asset_partition_dag_run.partition_date, ass
00:26:13.959|20074|idle in transaction|Client|INSERT INTO task_instance (id, task_id, dag_id, run_id, map_index, try_number, max_tries, hostname, unixname, pool, pool_slots, queue, priority_weight, operator, custom_operator_name, executor_config,
00:26:13.959|8379|active||SELECT asset_partition_dag_run.id, asset_partition_dag_run.target_dag_id, asset_partition_dag_run.created_dag_run_id, asset_partition_dag_run.partition_key, asset_partition_dag_run.partition_date, ass
00:26:14.532|20074|idle in transaction|Client|UPDATE task_instance SET start_date='2026-09-30T00:26:14.452339+00:00'::timestamptz, end_date='2026-09-30T00:26:14.452340+00:00'::timestamptz, duration=0, state='success', try_number=(task_instance.tr
00:26:14.532|8379|active||SELECT asset_partition_dag_run.id, asset_partition_dag_run.target_dag_id, asset_partition_dag_run.created_dag_run_id, asset_partition_dag_run.partition_key, asset_partition_dag_run.partition_date, ass
00:26:15.085|20074|idle in transaction|Client|UPDATE task_instance SET start_date='2026-09-30T00:26:15.005794+00:00'::timestamptz, end_date='2026-09-30T00:26:15.005795+00:00'::timestamptz, duration=0, state='success', try_number=(task_instance.tr
00:26:15.085|8379|idle in transaction|Client|SELECT asset_partition_dag_run.id, asset_partition_dag_run.target_dag_id, asset_partition_dag_run.created_dag_run_id, asset_partition_dag_run.partition_key, asset_partition_dag_run.partition_date, ass
00:26:15.650|20074|active||SELECT task_instance.id, task_instance.task_id, task_instance.dag_id, task_instance.run_id, task_instance.map_index, task_instance.start_date, task_instance.end_date, task_instance.duration, task_inst
00:26:15.650|8379|idle in transaction|Client|SELECT asset.id FROM asset WHERE asset.id = 1 FOR NO KEY UPDATE
00:26:16.218|20074|active||SELECT dag_run.id, dag_run.dag_id, dag_run.queued_at, dag_run.logical_date, dag_run.start_date, dag_run.end_date, dag_run.state, dag_run.run_id, dag_run.creating_job_id, dag_run.run_type, dag_run.trig
00:26:16.218|8379|active||SELECT asset_partition_dag_run.id, asset_partition_dag_run.target_dag_id, asset_partition_dag_run.created_dag_run_id, asset_partition_dag_run.partition_key, asset_partition_dag_run.partition_date, ass
00:26:16.791|20074|idle in transaction|Client|SELECT dag_version.id, dag_version.version_number, dag_version.dag_id, dag_version.bundle_name, dag_version.bundle_version, dag_version.version_data, dag_version.created_at, dag_version.last_updated F
00:26:16.791|8379|active|Client|SELECT asset_alias.id, asset_alias.name, asset_alias."group" FROM asset_alias WHERE asset_alias.name IN (NULL) AND (1 != 1)
00:26:17.349|20074|idle in transaction|Client|SELECT task_instance.dag_version_id FROM task_instance WHERE task_instance.dag_id = 'bench_partition_consumer' AND task_instance.dag_version_id = '01a0efa2-2565-7f80-a0a2-753ce7d9a46b'::uuid::UUID AND
00:26:17.907|20074|idle in transaction|Client|INSERT INTO task_instance (id, task_id, dag_id, run_id, map_index, try_number, max_tries, hostname, unixname, pool, pool_slots, queue, priority_weight, operator, custom_operator_name, executor_config,
00:26:18.475|20074|idle in transaction|Client|UPDATE asset_partition_dag_run SET created_dag_run_id=46130, updated_at='2026-09-30T00:26:18.396036+00:00'::timestamptz WHERE asset_partition_dag_run.id = 46123
00:26:19.042|20074|idle in transaction||SELECT dag.bundle_version FROM dag WHERE dag.dag_id = 'bench_partition_consumer'
00:26:19.042|8952|idle in transaction|Client|SELECT asset.id FROM asset WHERE asset.id = 1 FOR NO KEY UPDATE
00:26:19.619|20074|idle in transaction|Client|INSERT INTO dagrun_asset_event (dag_run_id, event_id) VALUES (46317, 46310)
00:26:19.619|8952|idle in transaction|Client|SELECT asset.id, asset.name, asset.uri, asset."group", asset.extra, asset.created_at, asset.updated_at FROM asset WHERE asset.id = 1
00:26:20.199|20074|idle in transaction|Client|INSERT INTO task_instance (id, task_id, dag_id, run_id, map_index, try_number, max_tries, hostname, unixname, pool, pool_slots, queue, priority_weight, operator, custom_operator_name, executor_config,
00:26:20.199|8952|active||SELECT asset_partition_dag_run.id, asset_partition_dag_run.target_dag_id, asset_partition_dag_run.created_dag_run_id, asset_partition_dag_run.partition_key, asset_partition_dag_run.partition_date, ass
00:26:20.761|20074|idle in transaction||INSERT INTO task_instance (id, task_id, dag_id, run_id, map_index, try_number, max_tries, hostname, unixname, pool, pool_slots, queue, priority_weight, operator, custom_operator_name, executor_config,
00:26:20.761|8952|active||SELECT asset_partition_dag_run.id, asset_partition_dag_run.target_dag_id, asset_partition_dag_run.created_dag_run_id, asset_partition_dag_run.partition_key, asset_partition_dag_run.partition_date, ass
00:26:21.330|20074|idle in transaction|Client|SELECT dag_version.id, dag_version.version_number, dag_version.dag_id, dag_version.bundle_name, dag_version.bundle_version, dag_version.version_data, dag_version.created_at, dag_version.last_updated F
00:26:21.330|8952|active||SELECT asset_partition_dag_run.id, asset_partition_dag_run.target_dag_id, asset_partition_dag_run.created_dag_run_id, asset_partition_dag_run.partition_key, asset_partition_dag_run.partition_date, ass
00:26:21.908|20074|idle in transaction|Client|SELECT task_instance.dag_version_id FROM task_instance WHERE task_instance.dag_id = 'bench_partition_consumer' AND task_instance.dag_version_id = '01a0efa2-2565-7f80-a0a2-753ce7d9a46b'::uuid::UUID AND
00:26:21.908|8952|idle in transaction|Client|SELECT asset_alias.id, asset_alias.name, asset_alias."group" FROM asset_alias WHERE asset_alias.name IN (NULL) AND (1 != 1)
00:26:22.470|8952|idle in transaction|Client|SELECT asset.id, asset.name, asset.uri, asset."group", asset.extra, asset.created_at, asset.updated_at, asset_active_1.name AS name_1, asset_active_1.uri AS uri_1, dag_1.dag_id, dag_1.is_paused, dag_1
00:26:23.043|20074|idle in transaction|Client|SELECT dag_version.id, dag_version.version_number, dag_version.dag_id, dag_version.bundle_name, dag_version.bundle_version, dag_version.version_data, dag_version.created_at, dag_version.last_updated F
00:26:23.043|8952|active||SELECT asset_partition_dag_run.id, asset_partition_dag_run.target_dag_id, asset_partition_dag_run.created_dag_run_id, asset_partition_dag_run.partition_key, asset_partition_dag_run.partition_date, ass
00:26:23.612|20074|idle in transaction|Client|SELECT task_instance.id, task_instance.task_id, task_instance.dag_id, task_instance.run_id, task_instance.map_index, task_instance.start_date, task_instance.end_date, task_instance.duration, task_inst
00:26:23.612|8952|idle in transaction|Client|INSERT INTO asset_partition_dag_run (target_dag_id, created_dag_run_id, partition_key, partition_date, rollup_fingerprint, created_at, updated_at) VALUES ('bench_partition_consumer', NULL, 'ACCT000355
00:26:24.179|20074|idle in transaction|Client|SELECT task_instance.dag_version_id FROM task_instance WHERE task_instance.dag_id = 'bench_partition_consumer' AND task_instance.dag_version_id = '01a0efa2-2565-7f80-a0a2-753ce7d9a46b'::uuid::UUID AND
00:26:24.179|8952|idle in transaction|Client|SELECT asset.id FROM asset WHERE asset.id = 1 FOR NO KEY UPDATE
00:26:24.758|20074|idle in transaction|Client|SELECT max(log_template.id) AS max_1 FROM log_template
00:26:25.331|20074|idle in transaction|Client|INSERT INTO dagrun_asset_event (dag_run_id, event_id) VALUES (46649, 46642)
00:26:25.891|20074|idle in transaction|Client|INSERT INTO task_instance (id, task_id, dag_id, run_id, map_index, try_number, max_tries, hostname, unixname, pool, pool_slots, queue, priority_weight, operator, custom_operator_name, executor_config,
00:26:25.891|8696|active||SELECT asset_partition_dag_run.id, asset_partition_dag_run.target_dag_id, asset_partition_dag_run.created_dag_run_id, asset_partition_dag_run.partition_key, asset_partition_dag_run.partition_date, ass
00:26:26.459|20074|active||INSERT INTO dag_run (dag_id, queued_at, logical_date, start_date, end_date, state, run_id, creating_job_id, run_type, triggered_by, triggering_user_name, conf, data_interval_start, data_interval_end, 
00:26:26.459|8696|idle in transaction|Client|SELECT asset_partition_dag_run.id, asset_partition_dag_run.target_dag_id, asset_partition_dag_run.created_dag_run_id, asset_partition_dag_run.partition_key, asset_partition_dag_run.partition_date, ass
00:26:27.029|20074|idle in transaction|Client|INSERT INTO dag_run (dag_id, queued_at, logical_date, start_date, end_date, state, run_id, creating_job_id, run_type, triggered_by, triggering_user_name, conf, data_interval_start, data_interval_end, 
00:26:27.029|8696|active||SELECT asset_partition_dag_run.id, asset_partition_dag_run.target_dag_id, asset_partition_dag_run.created_dag_run_id, asset_partition_dag_run.partition_key, asset_partition_dag_run.partition_date, ass
00:26:27.590|20074|active|Client|SELECT max(log_template.id) AS max_1 FROM log_template
00:26:27.590|8696|idle in transaction|Client|SELECT serialized_dag.id, serialized_dag.dag_id, serialized_dag.data, serialized_dag.data_compressed, serialized_dag.created_at, serialized_dag.last_updated, serialized_dag.dag_hash, serialized_dag.da
00:26:28.218|20074|idle in transaction|Client|SELECT dag_version.id, dag_version.version_number, dag_version.dag_id, dag_version.bundle_name, dag_version.bundle_version, dag_version.version_data, dag_version.created_at, dag_version.last_updated F
00:26:28.218|8696|active||SELECT asset.id, asset.name, asset.uri, asset."group", asset.extra, asset.created_at, asset.updated_at, asset_active_1.name AS name_1, asset_active_1.uri AS uri_1, dag_1.dag_id, dag_1.is_paused, dag_1
00:26:28.792|20074|idle in transaction|Client|SELECT task_instance.id, task_instance.task_id, task_instance.dag_id, task_instance.run_id, task_instance.map_index, task_instance.start_date, task_instance.end_date, task_instance.duration, task_inst
00:26:28.792|8696|active||SELECT asset_partition_dag_run.id, asset_partition_dag_run.target_dag_id, asset_partition_dag_run.created_dag_run_id, asset_partition_dag_run.partition_key, asset_partition_dag_run.partition_date, ass
00:26:29.366|8696|active||SELECT asset_partition_dag_run.id, asset_partition_dag_run.target_dag_id, asset_partition_dag_run.created_dag_run_id, asset_partition_dag_run.partition_key, asset_partition_dag_run.partition_date, ass
00:26:29.946|20074|active||SELECT dag_run.dag_id, dag_run.backfill_id, count(dag_run.id) AS num_running FROM dag_run WHERE dag_run.state = 'running' GROUP BY dag_run.dag_id, dag_run.backfill_id
00:26:29.946|8696|idle in transaction|Client|INSERT INTO partitioned_asset_key_log (asset_id, asset_event_id, asset_partition_dag_run_id, source_partition_key, target_dag_id, target_partition_key, created_at) VALUES (1, 47370, 47370, 'ACCT000362
00:26:30.533|20074|idle in transaction||UPDATE task_instance SET start_date='2026-09-30T00:26:30.453552+00:00'::timestamptz, end_date='2026-09-30T00:26:30.453553+00:00'::timestamptz, duration=0, state='success', try_number=(task_instance.tr
00:26:30.533|8696|active||SELECT asset_partition_dag_run.id, asset_partition_dag_run.target_dag_id, asset_partition_dag_run.created_dag_run_id, asset_partition_dag_run.partition_key, asset_partition_dag_run.partition_date, ass
00:26:31.091|20074|idle in transaction|Client|SELECT task_instance.id, task_instance.task_id, task_instance.dag_id, task_instance.run_id, task_instance.map_index, task_instance.start_date, task_instance.end_date, task_instance.duration, task_inst
00:26:31.091|8696|idle in transaction|Client|SELECT serialized_dag.id, serialized_dag.dag_id, serialized_dag.data, serialized_dag.data_compressed, serialized_dag.created_at, serialized_dag.last_updated, serialized_dag.dag_hash, serialized_dag.da
00:26:31.655|20074|idle in transaction|Client|SELECT dag_version.id, dag_version.version_number, dag_version.dag_id, dag_version.bundle_name, dag_version.bundle_version, dag_version.version_data, dag_version.created_at, dag_version.last_updated F
00:26:32.217|20074|idle in transaction|Client|SELECT dag.bundle_version FROM dag WHERE dag.dag_id = 'bench_partition_consumer'
00:26:32.802|20074|idle in transaction|Client|INSERT INTO dagrun_asset_event (dag_run_id, event_id) VALUES (47226, 47219)
00:26:32.802|8379|idle in transaction|Client|INSERT INTO asset_partition_dag_run (target_dag_id, created_dag_run_id, partition_key, partition_date, rollup_fingerprint, created_at, updated_at) VALUES ('bench_partition_consumer', NULL, 'ACCT000368
00:26:33.404|20074|idle in transaction|Client|INSERT INTO task_instance (id, task_id, dag_id, run_id, map_index, try_number, max_tries, hostname, unixname, pool, pool_slots, queue, priority_weight, operator, custom_operator_name, executor_config,
00:26:33.404|8379|active||SELECT asset_partition_dag_run.id, asset_partition_dag_run.target_dag_id, asset_partition_dag_run.created_dag_run_id, asset_partition_dag_run.partition_key, asset_partition_dag_run.partition_date, ass
00:26:33.989|20074|idle in transaction|Client|INSERT INTO dag_run (dag_id, queued_at, logical_date, start_date, end_date, state, run_id, creating_job_id, run_type, triggered_by, triggering_user_name, conf, data_interval_start, data_interval_end, 
00:26:33.989|8379|idle in transaction|Client|INSERT INTO partitioned_asset_key_log (asset_id, asset_event_id, asset_partition_dag_run_id, source_partition_key, target_dag_id, target_partition_key, created_at) VALUES (1, 47615, 47615, 'ACCT000368
00:26:34.559|20074|idle in transaction|Client|UPDATE asset_partition_dag_run SET created_dag_run_id=47490, updated_at='2026-09-30T00:26:34.480751+00:00'::timestamptz WHERE asset_partition_dag_run.id = 47483
00:26:34.559|8379|active|Client|INSERT INTO partitioned_asset_key_log (asset_id, asset_event_id, asset_partition_dag_run_id, source_partition_key, target_dag_id, target_partition_key, created_at) VALUES (1, 47670, 47670, 'ACCT000367
00:26:35.133|20074|idle in transaction|Client|SELECT task_instance.dag_version_id FROM task_instance WHERE task_instance.dag_id = 'bench_partition_consumer' AND task_instance.dag_version_id = '01a0efa2-2565-7f80-a0a2-753ce7d9a46b'::uuid::UUID AND
00:26:35.133|8379|idle in transaction|Client|SELECT asset.id FROM asset WHERE asset.id = 1 FOR NO KEY UPDATE
00:26:35.694|20074|idle in transaction|Client|SELECT task_instance.id, task_instance.task_id, task_instance.dag_id, task_instance.run_id, task_instance.map_index, task_instance.start_date, task_instance.end_date, task_instance.duration, task_inst
00:26:35.694|8379|active||SELECT asset_partition_dag_run.id, asset_partition_dag_run.target_dag_id, asset_partition_dag_run.created_dag_run_id, asset_partition_dag_run.partition_key, asset_partition_dag_run.partition_date, ass
00:26:36.259|8379|idle in transaction|Client|SELECT dag.dag_id, dag.is_paused, dag.is_stale, dag.exceeds_max_non_backfill, dag.last_parsed_time, dag.last_parse_duration, dag.last_expired, dag.fileloc, dag.relative_fileloc, dag.bundle_name, dag.b
00:26:36.830|20074|idle in transaction|Client|SELECT dag_version.id, dag_version.version_number, dag_version.dag_id, dag_version.bundle_name, dag_version.bundle_version, dag_version.version_data, dag_version.created_at, dag_version.last_updated F
00:26:36.830|8379|active||SELECT asset_partition_dag_run.id, asset_partition_dag_run.target_dag_id, asset_partition_dag_run.created_dag_run_id, asset_partition_dag_run.partition_key, asset_partition_dag_run.partition_date, ass
00:26:37.393|20074|active||SELECT dag_version.id, dag_version.version_number, dag_version.dag_id, dag_version.bundle_name, dag_version.bundle_version, dag_version.version_data, dag_version.created_at, dag_version.last_updated F
00:26:37.393|8379|active||SELECT asset_partition_dag_run.id, asset_partition_dag_run.target_dag_id, asset_partition_dag_run.created_dag_run_id, asset_partition_dag_run.partition_key, asset_partition_dag_run.partition_date, ass
00:26:37.948|20074|idle in transaction|Client|SELECT task_instance.id, task_instance.task_id, task_instance.dag_id, task_instance.run_id, task_instance.map_index, task_instance.start_date, task_instance.end_date, task_instance.duration, task_inst
00:26:37.948|8379|idle in transaction|Client|SELECT serialized_dag.id, serialized_dag.dag_id, serialized_dag.data, serialized_dag.data_compressed, serialized_dag.created_at, serialized_dag.last_updated, serialized_dag.dag_hash, serialized_dag.da
00:26:38.558|20074|idle in transaction|Client|INSERT INTO task_instance (id, task_id, dag_id, run_id, map_index, try_number, max_tries, hostname, unixname, pool, pool_slots, queue, priority_weight, operator, custom_operator_name, executor_config,
00:26:39.120|20074|idle in transaction|Client|INSERT INTO dagrun_asset_event (dag_run_id, event_id) VALUES (47643, 47636)
00:26:39.696|20074|idle in transaction|Client|SELECT max(log_template.id) AS max_1 FROM log_template
00:26:39.696|9080|active||SELECT asset_partition_dag_run.id, asset_partition_dag_run.target_dag_id, asset_partition_dag_run.created_dag_run_id, asset_partition_dag_run.partition_key, asset_partition_dag_run.partition_date, ass
00:26:40.277|20074|idle in transaction|Client|INSERT INTO dag_run (dag_id, queued_at, logical_date, start_date, end_date, state, run_id, creating_job_id, run_type, triggered_by, triggering_user_name, conf, data_interval_start, data_interval_end, 
00:26:40.277|9080|idle in transaction|Client|SELECT asset.id, asset.name, asset.uri, asset."group", asset.extra, asset.created_at, asset.updated_at FROM asset WHERE asset.id = 1
00:26:40.849|20074|active|Client|UPDATE asset_partition_dag_run SET created_dag_run_id=47907, updated_at='2026-09-30T00:26:40.771392+00:00'::timestamptz WHERE asset_partition_dag_run.id = 47900
00:26:40.849|9080|idle in transaction|Client|INSERT INTO partitioned_asset_key_log (asset_id, asset_event_id, asset_partition_dag_run_id, source_partition_key, target_dag_id, target_partition_key, created_at) VALUES (1, 48114, 48114, 'ACCT000371
00:26:41.432|20074|active||INSERT INTO dag_run (dag_id, queued_at, logical_date, start_date, end_date, state, run_id, creating_job_id, run_type, triggered_by, triggering_user_name, conf, data_interval_start, data_interval_end, 
00:26:41.432|9080|idle in transaction|Client|SELECT asset_alias.id, asset_alias.name, asset_alias."group" FROM asset_alias WHERE asset_alias.name IN (NULL) AND (1 != 1)
00:26:41.996|20074|idle in transaction|Client|SELECT task_instance.id, task_instance.task_id, task_instance.dag_id, task_instance.run_id, task_instance.map_index, task_instance.start_date, task_instance.end_date, task_instance.duration, task_inst
00:26:41.996|9080|idle in transaction|Client|SELECT serialized_dag.id, serialized_dag.dag_id, serialized_dag.data, serialized_dag.data_compressed, serialized_dag.created_at, serialized_dag.last_updated, serialized_dag.dag_hash, serialized_dag.da
00:26:42.570|20074|idle in transaction|Client|SELECT task_instance.id, task_instance.task_id, task_instance.dag_id, task_instance.run_id, task_instance.map_index, task_instance.start_date, task_instance.end_date, task_instance.duration, task_inst
00:26:42.570|9080|idle in transaction|Client|SELECT dag.dag_id, dag.is_paused, dag.is_stale, dag.exceeds_max_non_backfill, dag.last_parsed_time, dag.last_parse_duration, dag.last_expired, dag.fileloc, dag.relative_fileloc, dag.bundle_name, dag.b
00:26:43.149|9080|idle in transaction|Client|SELECT dag.dag_id, dag.is_paused, dag.is_stale, dag.exceeds_max_non_backfill, dag.last_parsed_time, dag.last_parse_duration, dag.last_expired, dag.fileloc, dag.relative_fileloc, dag.bundle_name, dag.b
00:26:43.708|20074|idle in transaction|Client|SELECT dag_version.id, dag_version.version_number, dag_version.dag_id, dag_version.bundle_name, dag_version.bundle_version, dag_version.version_data, dag_version.created_at, dag_version.last_updated F
00:26:43.708|9080|active||INSERT INTO asset_event (asset_id, extra, source_task_id, source_dag_id, source_run_id, source_map_index, timestamp, partition_key) VALUES (1, '{}'::JSON, 'emit', 'bench_partition_producer', 'part_100
00:26:44.285|20074|idle in transaction|Client|SELECT dag_version.id, dag_version.version_number, dag_version.dag_id, dag_version.bundle_name, dag_version.bundle_version, dag_version.version_data, dag_version.created_at, dag_version.last_updated F
00:26:44.285|9080|idle in transaction|Client|SELECT asset.id FROM asset WHERE asset.id = 1 FOR NO KEY UPDATE
00:26:44.851|20074|idle in transaction|Client|SELECT dag.dag_id AS dag_dag_id, dag.is_paused AS dag_is_paused, dag.is_stale AS dag_is_stale, dag.exceeds_max_non_backfill AS dag_exceeds_max_non_backfill, dag.last_parsed_time AS dag_last_parsed_tim
00:26:45.442|20074|idle in transaction|Client|INSERT INTO dagrun_asset_event (dag_run_id, event_id) VALUES (48036, 48029)
00:26:46.009|20074|idle in transaction|Client|SELECT dag_version.id, dag_version.version_number, dag_version.dag_id, dag_version.bundle_name, dag_version.bundle_version, dag_version.version_data, dag_version.created_at, dag_version.last_updated F
00:26:46.598|20074|idle in transaction|Client|SELECT asset_event.id, asset_event.asset_id, asset_event.extra, asset_event.source_task_id, asset_event.source_dag_id, asset_event.source_run_id, asset_event.source_map_index, asset_event.timestamp, a
00:26:46.598|8775|active||SELECT asset_partition_dag_run.id, asset_partition_dag_run.target_dag_id, asset_partition_dag_run.created_dag_run_id, asset_partition_dag_run.partition_key, asset_partition_dag_run.partition_date, ass
00:26:47.157|20074|idle in transaction|Client|SELECT dag.bundle_version FROM dag WHERE dag.dag_id = 'bench_partition_consumer'
00:26:47.157|8775|active||SELECT asset_partition_dag_run.id, asset_partition_dag_run.target_dag_id, asset_partition_dag_run.created_dag_run_id, asset_partition_dag_run.partition_key, asset_partition_dag_run.partition_date, ass
00:26:47.728|20074|idle in transaction|Client|INSERT INTO dagrun_asset_event (dag_run_id, event_id) VALUES (48400, 48393)
00:26:47.728|8775|active||SELECT asset.id, asset.name, asset.uri, asset."group", asset.extra, asset.created_at, asset.updated_at, asset_active_1.name AS name_1, asset_active_1.uri AS uri_1, dag_1.dag_id, dag_1.is_paused, dag_1
00:26:48.289|20074|idle in transaction|Client|SELECT dag_version.id, dag_version.version_number, dag_version.dag_id, dag_version.bundle_name, dag_version.bundle_version, dag_version.version_data, dag_version.created_at, dag_version.last_updated F
00:26:48.289|8775|active||SELECT asset_partition_dag_run.id, asset_partition_dag_run.target_dag_id, asset_partition_dag_run.created_dag_run_id, asset_partition_dag_run.partition_key, asset_partition_dag_run.partition_date, ass
00:26:48.859|20074|active||SELECT task_instance.dag_version_id FROM task_instance WHERE task_instance.dag_id = 'bench_partition_consumer' AND task_instance.dag_version_id = '01a0efa2-2565-7f80-a0a2-753ce7d9a46b'::uuid::UUID AND
00:26:48.859|15180|active||select coalesce(state,'none'), count(*) from task_instance where dag_id='bench_partition_consumer' group by 1
00:26:48.859|8775|active||SELECT asset_partition_dag_run.id, asset_partition_dag_run.target_dag_id, asset_partition_dag_run.created_dag_run_id, asset_partition_dag_run.partition_key, asset_partition_dag_run.partition_date, ass
00:26:49.425|20074|idle in transaction||SELECT task_instance.id, task_instance.task_id, task_instance.dag_id, task_instance.run_id, task_instance.map_index, task_instance.start_date, task_instance.end_date, task_instance.duration, task_inst
00:26:49.425|8775|idle in transaction||SELECT asset.id, asset.name, asset.uri, asset."group", asset.extra, asset.created_at, asset.updated_at, asset_active_1.name AS name_1, asset_active_1.uri AS uri_1, dag_1.dag_id, dag_1.is_paused, dag_1
00:26:49.990|8775|idle in transaction||SELECT asset.id FROM asset WHERE asset.id = 1 FOR NO KEY UPDATE
00:26:50.563|20074|idle in transaction|Client|SELECT dag_version.id, dag_version.version_number, dag_version.dag_id, dag_version.bundle_name, dag_version.bundle_version, dag_version.version_data, dag_version.created_at, dag_version.last_updated F
00:26:50.563|8775|active||SELECT asset_partition_dag_run.id, asset_partition_dag_run.target_dag_id, asset_partition_dag_run.created_dag_run_id, asset_partition_dag_run.partition_key, asset_partition_dag_run.partition_date, ass
00:26:51.126|20074|idle in transaction|Client|SELECT dag_version.id, dag_version.version_number, dag_version.dag_id, dag_version.bundle_name, dag_version.bundle_version, dag_version.version_data, dag_version.created_at, dag_version.last_updated F
00:26:51.126|8775|active||SELECT asset_partition_dag_run.id, asset_partition_dag_run.target_dag_id, asset_partition_dag_run.created_dag_run_id, asset_partition_dag_run.partition_key, asset_partition_dag_run.partition_date, ass
00:26:51.706|20074|idle in transaction|Client|SELECT dag.dag_id AS dag_dag_id, dag.is_paused AS dag_is_paused, dag.is_stale AS dag_is_stale, dag.exceeds_max_non_backfill AS dag_exceeds_max_non_backfill, dag.last_parsed_time AS dag_last_parsed_tim
00:26:51.706|8775|active||SELECT asset_partition_dag_run.id, asset_partition_dag_run.target_dag_id, asset_partition_dag_run.created_dag_run_id, asset_partition_dag_run.partition_key, asset_partition_dag_run.partition_date, ass
00:26:52.284|20074|active|Client|SELECT dag_version.id, dag_version.version_number, dag_version.dag_id, dag_version.bundle_name, dag_version.bundle_version, dag_version.version_data, dag_version.created_at, dag_version.last_updated F
00:26:52.855|20074|idle in transaction|Client|SELECT task_instance.id, task_instance.task_id, task_instance.dag_id, task_instance.run_id, task_instance.map_index, task_instance.start_date, task_instance.end_date, task_instance.duration, task_inst
00:26:53.429|20074|idle in transaction|Client|UPDATE asset_partition_dag_run SET created_dag_run_id=48736, updated_at='2026-09-30T00:26:53.347872+00:00'::timestamptz WHERE asset_partition_dag_run.id = 48729
00:26:53.429|8478|active||SELECT asset_partition_dag_run.id, asset_partition_dag_run.target_dag_id, asset_partition_dag_run.created_dag_run_id, asset_partition_dag_run.partition_key, asset_partition_dag_run.partition_date, ass
00:26:54.009|20074|active||SELECT task_instance.id, task_instance.task_id, task_instance.dag_id, task_instance.run_id, task_instance.map_index, task_instance.start_date, task_instance.end_date, task_instance.duration, task_inst
00:26:54.009|15180|active|Client|select pg_total_relation_size('rendered_task_instance_fields')
00:26:54.009|8478|active||SELECT asset_partition_dag_run.id, asset_partition_dag_run.target_dag_id, asset_partition_dag_run.created_dag_run_id, asset_partition_dag_run.partition_key, asset_partition_dag_run.partition_date, ass
00:26:54.009|22235|active||autovacuum: VACUUM ANALYZE public.dag_run
00:26:54.587|20074|idle in transaction|Client|SELECT asset_event.id, asset_event.asset_id, asset_event.extra, asset_event.source_task_id, asset_event.source_dag_id, asset_event.source_run_id, asset_event.source_map_index, asset_event.timestamp, a
00:26:54.587|8478|idle in transaction|Client|SELECT serialized_dag.id, serialized_dag.dag_id, serialized_dag.data, serialized_dag.data_compressed, serialized_dag.created_at, serialized_dag.last_updated, serialized_dag.dag_hash, serialized_dag.da
00:26:54.587|22235|active|Timeout|autovacuum: ANALYZE public.task_instance
00:26:55.147|20074|active|Client|INSERT INTO dagrun_asset_event (dag_run_id, event_id) VALUES (48978, 48971)
00:26:55.147|8478|idle in transaction|Client|SELECT asset_alias.id, asset_alias.name, asset_alias."group" FROM asset_alias WHERE asset_alias.name IN (NULL) AND (1 != 1)
00:26:55.713|20074|idle in transaction|Client|UPDATE task_instance SET start_date='2026-09-30T00:26:55.632685+00:00'::timestamptz, end_date='2026-09-30T00:26:55.632686+00:00'::timestamptz, duration=0, state='success', try_number=(task_instance.tr
00:26:55.713|8478|active||SELECT asset_partition_dag_run.id, asset_partition_dag_run.target_dag_id, asset_partition_dag_run.created_dag_run_id, asset_partition_dag_run.partition_key, asset_partition_dag_run.partition_date, ass
00:26:56.275|20074|idle in transaction|Client|SELECT task_instance.dag_version_id FROM task_instance WHERE task_instance.dag_id = 'bench_partition_consumer' AND task_instance.dag_version_id = '01a0efa2-2565-7f80-a0a2-753ce7d9a46b'::uuid::UUID AND
00:26:56.275|8478|active||SELECT asset_partition_dag_run.id, asset_partition_dag_run.target_dag_id, asset_partition_dag_run.created_dag_run_id, asset_partition_dag_run.partition_key, asset_partition_dag_run.partition_date, ass
00:26:56.844|8478|active||SELECT asset_partition_dag_run.id, asset_partition_dag_run.target_dag_id, asset_partition_dag_run.created_dag_run_id, asset_partition_dag_run.partition_key, asset_partition_dag_run.partition_date, ass
00:26:57.431|20074|idle in transaction|Client|SELECT dag_run.id, dag_run.dag_id, dag_run.queued_at, dag_run.logical_date, dag_run.start_date, dag_run.end_date, dag_run.state, dag_run.run_id, dag_run.creating_job_id, dag_run.run_type, dag_run.trig
00:26:57.431|8478|idle in transaction|Client|INSERT INTO asset_event (asset_id, extra, source_task_id, source_dag_id, source_run_id, source_map_index, timestamp, partition_key) VALUES (1, '{}'::JSON, 'emit', 'bench_partition_producer', 'part_100
00:26:57.997|20074|idle in transaction|Client|SELECT dag.dag_id AS dag_dag_id, dag.is_paused AS dag_is_paused, dag.is_stale AS dag_is_stale, dag.exceeds_max_non_backfill AS dag_exceeds_max_non_backfill, dag.last_parsed_time AS dag_last_parsed_tim
00:26:57.997|8478|idle in transaction|Client|SELECT serialized_dag.id, serialized_dag.dag_id, serialized_dag.data, serialized_dag.data_compressed, serialized_dag.created_at, serialized_dag.last_updated, serialized_dag.dag_hash, serialized_dag.da
00:26:58.556|20074|idle in transaction|Client|SELECT dag_version.id, dag_version.version_number, dag_version.dag_id, dag_version.bundle_name, dag_version.bundle_version, dag_version.version_data, dag_version.created_at, dag_version.last_updated F
00:26:58.556|8478|idle in transaction|Client|SELECT asset.id, asset.name, asset.uri, asset."group", asset.extra, asset.created_at, asset.updated_at FROM asset WHERE asset.id = 1
00:26:59.135|20074|active||INSERT INTO dagrun_asset_event (dag_run_id, event_id) VALUES (49039, 49032)
00:26:59.135|15180|active||select count(*) from partitioned_asset_key_log where target_dag_id='bench_partition_consumer'
00:26:59.715|20074|idle in transaction|Client|SELECT task_instance.id, task_instance.task_id, task_instance.dag_id, task_instance.run_id, task_instance.map_index, task_instance.start_date, task_instance.end_date, task_instance.duration, task_inst
00:27:00.287|20074|idle in transaction|Client|SELECT max(log_template.id) AS max_1 FROM log_template
00:27:00.287|21625|idle in transaction||SELECT asset_partition_dag_run.id, asset_partition_dag_run.target_dag_id, asset_partition_dag_run.created_dag_run_id, asset_partition_dag_run.partition_key, asset_partition_dag_run.partition_date, ass
00:27:00.854|20074|active|Client|INSERT INTO task_instance (id, task_id, dag_id, run_id, map_index, try_number, max_tries, hostname, unixname, pool, pool_slots, queue, priority_weight, operator, custom_operator_name, executor_config,
00:27:00.854|21625|active|Client|SELECT asset_partition_dag_run.id, asset_partition_dag_run.target_dag_id, asset_partition_dag_run.created_dag_run_id, asset_partition_dag_run.partition_key, asset_partition_dag_run.partition_date, ass
00:27:01.422|20074|idle in transaction|Client|INSERT INTO dagrun_asset_event (dag_run_id, event_id) VALUES (49405, 49398)
00:27:01.422|21625|active||SELECT asset_partition_dag_run.id, asset_partition_dag_run.target_dag_id, asset_partition_dag_run.created_dag_run_id, asset_partition_dag_run.partition_key, asset_partition_dag_run.partition_date, ass
00:27:02.026|20074|idle in transaction|Client|INSERT INTO dagrun_asset_event (dag_run_id, event_id) VALUES (49495, 49488)
00:27:02.026|21625|idle in transaction|Client|SELECT asset.id FROM asset WHERE asset.id = 1 FOR NO KEY UPDATE
00:27:02.604|20074|idle in transaction|Client|SELECT dag_version.id, dag_version.version_number, dag_version.dag_id, dag_version.bundle_name, dag_version.bundle_version, dag_version.version_data, dag_version.created_at, dag_version.last_updated F
00:27:02.604|21625|idle in transaction|Client|SELECT dag.dag_id, dag.is_paused, dag.is_stale, dag.exceeds_max_non_backfill, dag.last_parsed_time, dag.last_parse_duration, dag.last_expired, dag.fileloc, dag.relative_fileloc, dag.bundle_name, dag.b
00:27:03.177|20074|idle in transaction|Client|SELECT task_instance.id, task_instance.task_id, task_instance.dag_id, task_instance.run_id, task_instance.map_index, task_instance.start_date, task_instance.end_date, task_instance.duration, task_inst
00:27:03.177|21625|idle in transaction|Client|SELECT asset.id FROM asset WHERE asset.id = 1 FOR NO KEY UPDATE
00:27:03.742|20074|active||SELECT dag_version.id, dag_version.version_number, dag_version.dag_id, dag_version.bundle_name, dag_version.bundle_version, dag_version.version_data, dag_version.created_at, dag_version.last_updated F
00:27:03.742|21625|idle in transaction|Client|SELECT asset.id FROM asset WHERE asset.id = 1 FOR NO KEY UPDATE
00:27:04.323|21625|idle in transaction|Client|INSERT INTO asset_partition_dag_run (target_dag_id, created_dag_run_id, partition_key, partition_date, rollup_fingerprint, created_at, updated_at) VALUES ('bench_partition_consumer', NULL, 'ACCT000387
00:27:04.900|20074|idle in transaction|Client|SELECT dag.dag_id AS dag_dag_id, dag.is_paused AS dag_is_paused, dag.is_stale AS dag_is_stale, dag.exceeds_max_non_backfill AS dag_exceeds_max_non_backfill, dag.last_parsed_time AS dag_last_parsed_tim
00:27:04.900|21625|active||SELECT asset_partition_dag_run.id, asset_partition_dag_run.target_dag_id, asset_partition_dag_run.created_dag_run_id, asset_partition_dag_run.partition_key, asset_partition_dag_run.partition_date, ass
00:27:05.464|20074|idle in transaction|Client|SELECT dag_version.id, dag_version.version_number, dag_version.dag_id, dag_version.bundle_name, dag_version.bundle_version, dag_version.version_data, dag_version.created_at, dag_version.last_updated F
00:27:05.464|21625|active||SELECT asset_partition_dag_run.id, asset_partition_dag_run.target_dag_id, asset_partition_dag_run.created_dag_run_id, asset_partition_dag_run.partition_key, asset_partition_dag_run.partition_date, ass
00:27:06.061|20074|idle in transaction|Client|UPDATE asset_partition_dag_run SET created_dag_run_id=49518, updated_at='2026-09-30T00:27:05.980858+00:00'::timestamptz WHERE asset_partition_dag_run.id = 49511
00:27:06.654|20074|idle in transaction|Client|SELECT dag_version.id, dag_version.version_number, dag_version.dag_id, dag_version.bundle_name, dag_version.bundle_version, dag_version.version_data, dag_version.created_at, dag_version.last_updated F
00:27:07.258|20074|idle in transaction||SELECT task_instance.id, task_instance.task_id, task_instance.dag_id, task_instance.run_id, task_instance.map_index, task_instance.start_date, task_instance.end_date, task_instance.duration, task_inst
00:27:07.258|8632|idle in transaction|Client|SELECT xcom.dag_run_id, xcom.task_id, xcom.map_index, xcom.key, xcom.dag_result, xcom.dag_id, xcom.run_id, xcom.value, xcom.timestamp, dag_run_1.id, dag_run_1.dag_id AS dag_id_1, dag_run_1.queued_at, 
00:27:07.843|20074|idle in transaction|Client|SELECT asset_event.id, asset_event.asset_id, asset_event.extra, asset_event.source_task_id, asset_event.source_dag_id, asset_event.source_run_id, asset_event.source_map_index, asset_event.timestamp, a
00:27:07.843|8860|idle in transaction|Client|SELECT asset_alias.id, asset_alias.name, asset_alias."group" FROM asset_alias WHERE asset_alias.name IN (NULL) AND (1 != 1)
00:27:08.410|20074|active||INSERT INTO dag_run (dag_id, queued_at, logical_date, start_date, end_date, state, run_id, creating_job_id, run_type, triggered_by, triggering_user_name, conf, data_interval_start, data_interval_end, 
00:27:08.410|8860|active||SELECT asset_partition_dag_run.id, asset_partition_dag_run.target_dag_id, asset_partition_dag_run.created_dag_run_id, asset_partition_dag_run.partition_key, asset_partition_dag_run.partition_date, ass
00:27:08.993|20074|idle in transaction|Client|SELECT task_instance.id, task_instance.task_id, task_instance.dag_id, task_instance.run_id, task_instance.map_index, task_instance.start_date, task_instance.end_date, task_instance.duration, task_inst
00:27:08.993|8860|active||SELECT asset_partition_dag_run.id, asset_partition_dag_run.target_dag_id, asset_partition_dag_run.created_dag_run_id, asset_partition_dag_run.partition_key, asset_partition_dag_run.partition_date, ass
00:27:09.558|20074|idle in transaction|Client|UPDATE dag_run SET start_date='2026-09-30T00:27:09.349482+00:00'::timestamptz, state='running', updated_at='2026-09-30T00:27:09.467280+00:00'::timestamptz WHERE dag_run.id = 45129
00:27:09.558|8860|active||SELECT asset_partition_dag_run.id, asset_partition_dag_run.target_dag_id, asset_partition_dag_run.created_dag_run_id, asset_partition_dag_run.partition_key, asset_partition_dag_run.partition_date, ass
00:27:10.119|20074|idle in transaction|Client|UPDATE task_instance SET start_date='2026-09-30T00:27:10.038208+00:00'::timestamptz, end_date='2026-09-30T00:27:10.038209+00:00'::timestamptz, duration=0, state='success', try_number=(task_instance.tr
00:27:10.119|8860|idle in transaction|Client|SELECT asset.id, asset.name, asset.uri, asset."group", asset.extra, asset.created_at, asset.updated_at FROM asset WHERE asset.id = 1
00:27:10.695|20046|idle in transaction|Client|SELECT import_error.bundle_name, import_error.filename FROM import_error
00:27:10.695|20074|idle in transaction||SELECT dag.dag_id AS dag_dag_id, dag.is_paused AS dag_is_paused, dag.is_stale AS dag_is_stale, dag.exceeds_max_non_backfill AS dag_exceeds_max_non_backfill, dag.last_parsed_time AS dag_last_parsed_tim
00:27:10.695|8860|active||SELECT asset_partition_dag_run.id, asset_partition_dag_run.target_dag_id, asset_partition_dag_run.created_dag_run_id, asset_partition_dag_run.partition_key, asset_partition_dag_run.partition_date, ass
00:27:11.256|8860|active|Client|INSERT INTO partitioned_asset_key_log (asset_id, asset_event_id, asset_partition_dag_run_id, source_partition_key, target_dag_id, target_partition_key, created_at) VALUES (1, 50348, 50348, 'ACCT000394
00:27:11.823|20074|active||SELECT dag_run.id, dag_run.dag_id, dag_run.queued_at, dag_run.logical_date, dag_run.start_date, dag_run.end_date, dag_run.state, dag_run.run_id, dag_run.creating_job_id, dag_run.run_type, dag_run.trig
00:27:11.823|8860|active||SELECT asset_partition_dag_run.id, asset_partition_dag_run.target_dag_id, asset_partition_dag_run.created_dag_run_id, asset_partition_dag_run.partition_key, asset_partition_dag_run.partition_date, ass
00:27:12.381|20074|idle in transaction|Client|SELECT dag_version.id, dag_version.version_number, dag_version.dag_id, dag_version.bundle_name, dag_version.bundle_version, dag_version.version_data, dag_version.created_at, dag_version.last_updated F
00:27:12.381|8860|active|Client|SELECT asset.id, asset.name, asset.uri, asset."group", asset.extra, asset.created_at, asset.updated_at, asset_active_1.name AS name_1, asset_active_1.uri AS uri_1, dag_1.dag_id, dag_1.is_paused, dag_1
00:27:12.940|20074|idle in transaction|Client|SELECT dag_version.id, dag_version.version_number, dag_version.dag_id, dag_version.bundle_name, dag_version.bundle_version, dag_version.version_data, dag_version.created_at, dag_version.last_updated F
00:27:13.529|20074|idle in transaction|Client|SELECT dag.bundle_version FROM dag WHERE dag.dag_id = 'bench_partition_consumer'
00:27:14.226|20074|idle in transaction|Client|SELECT asset_event.id, asset_event.asset_id, asset_event.extra, asset_event.source_task_id, asset_event.source_dag_id, asset_event.source_run_id, asset_event.source_map_index, asset_event.timestamp, a
00:27:14.826|20074|idle in transaction|Client|SELECT task_instance.id, task_instance.task_id, task_instance.dag_id, task_instance.run_id, task_instance.map_index, task_instance.start_date, task_instance.end_date, task_instance.duration, task_inst
00:27:14.826|8478|idle in transaction|Client|INSERT INTO partitioned_asset_key_log (asset_id, asset_event_id, asset_partition_dag_run_id, source_partition_key, target_dag_id, target_partition_key, created_at) VALUES (1, 50518, 50518, 'ACCT000396
00:27:15.538|20074|idle in transaction|Client|INSERT INTO dag_run (dag_id, queued_at, logical_date, start_date, end_date, state, run_id, creating_job_id, run_type, triggered_by, triggering_user_name, conf, data_interval_start, data_interval_end, 
00:27:15.538|8478|active||SELECT asset_partition_dag_run.id, asset_partition_dag_run.target_dag_id, asset_partition_dag_run.created_dag_run_id, asset_partition_dag_run.partition_key, asset_partition_dag_run.partition_date, ass
00:27:16.111|20074|idle in transaction|Client|SELECT max(log_template.id) AS max_1 FROM log_template
00:27:16.111|8478|idle in transaction|Client|INSERT INTO asset_event (asset_id, extra, source_task_id, source_dag_id, source_run_id, source_map_index, timestamp, partition_key) VALUES (1, '{}'::JSON, 'emit', 'bench_partition_producer', 'part_100
00:27:16.713|20074|active||SELECT dag_version.id, dag_version.version_number, dag_version.dag_id, dag_version.bundle_name, dag_version.bundle_version, dag_version.version_data, dag_version.created_at, dag_version.last_updated F
00:27:16.713|8478|active||SELECT asset_partition_dag_run.id, asset_partition_dag_run.target_dag_id, asset_partition_dag_run.created_dag_run_id, asset_partition_dag_run.partition_key, asset_partition_dag_run.partition_date, ass
00:27:17.292|20074|idle in transaction|Client|SELECT dag.dag_id AS dag_dag_id, dag.is_paused AS dag_is_paused, dag.is_stale AS dag_is_stale, dag.exceeds_max_non_backfill AS dag_exceeds_max_non_backfill, dag.last_parsed_time AS dag_last_parsed_tim
00:27:17.292|8478|active||SELECT asset_partition_dag_run.id, asset_partition_dag_run.target_dag_id, asset_partition_dag_run.created_dag_run_id, asset_partition_dag_run.partition_key, asset_partition_dag_run.partition_date, ass
00:27:17.858|20074|idle in transaction|Client|SELECT dag_version.id, dag_version.version_number, dag_version.dag_id, dag_version.bundle_name, dag_version.bundle_version, dag_version.version_data, dag_version.created_at, dag_version.last_updated F
00:27:17.858|8478|idle in transaction|Client|SELECT asset.id, asset.name, asset.uri, asset."group", asset.extra, asset.created_at, asset.updated_at, asset_active_1.name AS name_1, asset_active_1.uri AS uri_1, dag_1.dag_id, dag_1.is_paused, dag_1
00:27:18.467|8478|idle in transaction|Client|SELECT serialized_dag.id, serialized_dag.dag_id, serialized_dag.data, serialized_dag.data_compressed, serialized_dag.created_at, serialized_dag.last_updated, serialized_dag.dag_hash, serialized_dag.da
00:27:19.045|20074|idle in transaction|Client|UPDATE dag_run SET start_date='2026-09-30T00:27:18.848723+00:00'::timestamptz, state='running', updated_at='2026-09-30T00:27:18.903200+00:00'::timestamptz WHERE dag_run.id = 45819
00:27:19.045|8478|active||SELECT asset.id, asset.name, asset.uri, asset."group", asset.extra, asset.created_at, asset.updated_at, asset_active_1.name AS name_1, asset_active_1.uri AS uri_1, dag_1.dag_id, dag_1.is_paused, dag_1
00:27:19.617|20074|idle in transaction|Client|SELECT task_instance.dag_version_id FROM task_instance WHERE task_instance.dag_id = 'bench_partition_consumer' AND task_instance.dag_version_id = '01a0efa2-2565-7f80-a0a2-753ce7d9a46b'::uuid::UUID AND
00:27:19.617|8478|active||SELECT asset_partition_dag_run.id, asset_partition_dag_run.target_dag_id, asset_partition_dag_run.created_dag_run_id, asset_partition_dag_run.partition_key, asset_partition_dag_run.partition_date, ass
00:27:20.181|20074|active||UPDATE dag_run SET last_scheduling_decision='2026-09-30T00:27:19.155166+00:00'::timestamptz, updated_at='2026-09-30T00:27:20.095962+00:00'::timestamptz, scheduled_by_job_id=1 WHERE dag_run.id = 45719
00:27:20.181|8478|idle in transaction||INSERT INTO asset_event (asset_id, extra, source_task_id, source_dag_id, source_run_id, source_map_index, timestamp, partition_key) VALUES (1, '{}'::JSON, 'emit', 'bench_partition_producer', 'part_100
00:27:20.764|20074|idle in transaction|Client|SELECT task_instance.id, task_instance.task_id, task_instance.dag_id, task_instance.run_id, task_instance.map_index, task_instance.start_date, task_instance.end_date, task_instance.duration, task_inst
00:27:21.376|20074|idle in transaction|Client|SELECT dag.bundle_version FROM dag WHERE dag.dag_id = 'bench_partition_consumer'
00:27:21.963|20074|idle in transaction|Client|SELECT max(log_template.id) AS max_1 FROM log_template
00:27:21.963|21625|active||SELECT task_instance.state, task_instance.try_number, task_instance.max_tries, task_instance.dag_id, task_instance.task_id, task_instance.run_id, task_instance.map_index, task_instance.hostname, dag_r
00:27:22.519|20074|idle in transaction|Client|INSERT INTO task_instance (id, task_id, dag_id, run_id, map_index, try_number, max_tries, hostname, unixname, pool, pool_slots, queue, priority_weight, operator, custom_operator_name, executor_config,
00:27:22.519|21625|idle in transaction|Client|INSERT INTO asset_partition_dag_run (target_dag_id, created_dag_run_id, partition_key, partition_date, rollup_fingerprint, created_at, updated_at) VALUES ('bench_partition_consumer', NULL, 'ACCT000400
00:27:23.104|20074|idle in transaction|Client|INSERT INTO dag_run (dag_id, queued_at, logical_date, start_date, end_date, state, run_id, creating_job_id, run_type, triggered_by, triggering_user_name, conf, data_interval_start, data_interval_end, 
00:27:23.104|21625|active||SELECT asset_partition_dag_run.id, asset_partition_dag_run.target_dag_id, asset_partition_dag_run.created_dag_run_id, asset_partition_dag_run.partition_key, asset_partition_dag_run.partition_date, ass
00:27:23.667|20074|idle in transaction|Client|INSERT INTO dagrun_asset_event (dag_run_id, event_id) VALUES (50978, 50971)
00:27:23.667|21625|idle in transaction|Client|SELECT asset_partition_dag_run.id, asset_partition_dag_run.target_dag_id, asset_partition_dag_run.created_dag_run_id, asset_partition_dag_run.partition_key, asset_partition_dag_run.partition_date, ass
00:27:24.237|20046|idle in transaction|Client|DELETE FROM dag_warning USING dag WHERE dag_warning.dag_id = dag.dag_id AND dag.is_stale = true
00:27:24.237|20074|idle in transaction|Client|SELECT dag_run.id, dag_run.dag_id, dag_run.queued_at, dag_run.logical_date, dag_run.start_date, dag_run.end_date, dag_run.state, dag_run.run_id, dag_run.creating_job_id, dag_run.run_type, dag_run.trig
00:27:24.237|21625|active||SELECT asset_partition_dag_run.id, asset_partition_dag_run.target_dag_id, asset_partition_dag_run.created_dag_run_id, asset_partition_dag_run.partition_key, asset_partition_dag_run.partition_date, ass
00:27:24.831|20074|idle in transaction||SELECT dag.dag_id AS dag_dag_id, dag.is_paused AS dag_is_paused, dag.is_stale AS dag_is_stale, dag.exceeds_max_non_backfill AS dag_exceeds_max_non_backfill, dag.last_parsed_time AS dag_last_parsed_tim
00:27:24.831|21625|idle in transaction|Client|INSERT INTO asset_partition_dag_run (target_dag_id, created_dag_run_id, partition_key, partition_date, rollup_fingerprint, created_at, updated_at) VALUES ('bench_partition_consumer', NULL, 'ACCT000402
00:27:25.412|20074|idle in transaction|Client|UPDATE dag_run SET last_scheduling_decision='2026-09-30T00:27:25.090806+00:00'::timestamptz, updated_at='2026-09-30T00:27:25.249576+00:00'::timestamptz, scheduled_by_job_id=1 WHERE dag_run.id = 46074
00:27:25.412|21625|active||SELECT asset_partition_dag_run.id, asset_partition_dag_run.target_dag_id, asset_partition_dag_run.created_dag_run_id, asset_partition_dag_run.partition_key, asset_partition_dag_run.partition_date, ass
00:27:25.978|21625|active||SELECT asset_partition_dag_run.id, asset_partition_dag_run.target_dag_id, asset_partition_dag_run.created_dag_run_id, asset_partition_dag_run.partition_key, asset_partition_dag_run.partition_date, ass
00:27:26.559|20074|idle in transaction|Client|SELECT dag.dag_id AS dag_dag_id, dag.is_paused AS dag_is_paused, dag.is_stale AS dag_is_stale, dag.exceeds_max_non_backfill AS dag_exceeds_max_non_backfill, dag.last_parsed_time AS dag_last_parsed_tim
00:27:26.559|21625|active||SELECT asset_partition_dag_run.id, asset_partition_dag_run.target_dag_id, asset_partition_dag_run.created_dag_run_id, asset_partition_dag_run.partition_key, asset_partition_dag_run.partition_date, ass
00:27:27.125|20074|idle in transaction|Client|SELECT task_instance.dag_version_id FROM task_instance WHERE task_instance.dag_id = 'bench_partition_consumer' AND task_instance.dag_version_id = '01a0efa2-2565-7f80-a0a2-753ce7d9a46b'::uuid::UUID AND
00:27:27.125|21625|idle in transaction|Client|SELECT asset_partition_dag_run.id, asset_partition_dag_run.target_dag_id, asset_partition_dag_run.created_dag_run_id, asset_partition_dag_run.partition_key, asset_partition_dag_run.partition_date, ass
00:27:27.707|20074|idle in transaction|Client|SELECT max(log_template.id) AS max_1 FROM log_template
00:27:28.280|20074|idle in transaction|Client|SELECT asset_event.id, asset_event.asset_id, asset_event.extra, asset_event.source_task_id, asset_event.source_dag_id, asset_event.source_run_id, asset_event.source_map_index, asset_event.timestamp, a
00:27:28.951|20074|idle in transaction|Client|SELECT dag_version.id, dag_version.version_number, dag_version.dag_id, dag_version.bundle_name, dag_version.bundle_version, dag_version.version_data, dag_version.created_at, dag_version.last_updated F
00:27:28.951|8632|idle in transaction|Client|SELECT xcom.dag_run_id, xcom.task_id, xcom.map_index, xcom.key, xcom.dag_result, xcom.dag_id, xcom.run_id, xcom.value, xcom.timestamp, dag_run_1.id, dag_run_1.dag_id AS dag_id_1, dag_run_1.queued_at, 
00:27:29.546|20074|active||SELECT task_instance.id, task_instance.task_id, task_instance.dag_id, task_instance.run_id, task_instance.map_index, task_instance.start_date, task_instance.end_date, task_instance.duration, task_inst
00:27:29.546|8860|active||SELECT asset_partition_dag_run.id, asset_partition_dag_run.target_dag_id, asset_partition_dag_run.created_dag_run_id, asset_partition_dag_run.partition_key, asset_partition_dag_run.partition_date, ass
00:27:30.121|20074|idle in transaction||SELECT task_instance.id, task_instance.task_id, task_instance.dag_id, task_instance.run_id, task_instance.map_index, task_instance.start_date, task_instance.end_date, task_instance.duration, task_inst
00:27:30.121|8860|idle in transaction|Client|SELECT asset.id, asset.name, asset.uri, asset."group", asset.extra, asset.created_at, asset.updated_at, asset_active_1.name AS name_1, asset_active_1.uri AS uri_1, dag_1.dag_id, dag_1.is_paused, dag_1
00:27:30.751|20074|idle in transaction|Client|SELECT dag_version.id, dag_version.version_number, dag_version.dag_id, dag_version.bundle_name, dag_version.bundle_version, dag_version.version_data, dag_version.created_at, dag_version.last_updated F
00:27:30.751|8860|idle in transaction||SELECT asset.id FROM asset WHERE asset.id = 1 FOR NO KEY UPDATE
00:27:31.330|20074|idle in transaction|Client|SELECT dag_version.id, dag_version.version_number, dag_version.dag_id, dag_version.bundle_name, dag_version.bundle_version, dag_version.version_data, dag_version.created_at, dag_version.last_updated F
00:27:31.330|8860|idle in transaction|Client|INSERT INTO partitioned_asset_key_log (asset_id, asset_event_id, asset_partition_dag_run_id, source_partition_key, target_dag_id, target_partition_key, created_at) VALUES (1, 51685, 51685, 'ACCT000405
00:27:31.907|20074|idle in transaction|Client|SELECT dag.dag_id AS dag_dag_id, dag.is_paused AS dag_is_paused, dag.is_stale AS dag_is_stale, dag.exceeds_max_non_backfill AS dag_exceeds_max_non_backfill, dag.last_parsed_time AS dag_last_parsed_tim
00:27:31.907|8860|idle in transaction|Client|INSERT INTO partitioned_asset_key_log (asset_id, asset_event_id, asset_partition_dag_run_id, source_partition_key, target_dag_id, target_partition_key, created_at) VALUES (1, 51735, 51735, 'ACCT000405
00:27:32.507|20074|idle in transaction|Client|SELECT dag_version.id, dag_version.version_number, dag_version.dag_id, dag_version.bundle_name, dag_version.bundle_version, dag_version.version_data, dag_version.created_at, dag_version.last_updated F
00:27:32.507|8860|active||SELECT dag.dag_id, dag.is_paused, dag.is_stale, dag.exceeds_max_non_backfill, dag.last_parsed_time, dag.last_parse_duration, dag.last_expired, dag.fileloc, dag.relative_fileloc, dag.bundle_name, dag.b
00:27:33.081|8860|idle in transaction|Client|SELECT asset_partition_dag_run.id, asset_partition_dag_run.target_dag_id, asset_partition_dag_run.created_dag_run_id, asset_partition_dag_run.partition_key, asset_partition_dag_run.partition_date, ass
00:27:33.653|20074|idle in transaction|Client|SELECT dag_version.id, dag_version.version_number, dag_version.dag_id, dag_version.bundle_name, dag_version.bundle_version, dag_version.version_data, dag_version.created_at, dag_version.last_updated F
00:27:33.653|8860|idle in transaction|Client|INSERT INTO asset_event (asset_id, extra, source_task_id, source_dag_id, source_run_id, source_map_index, timestamp, partition_key) VALUES (1, '{}'::JSON, 'emit', 'bench_partition_producer', 'part_100
00:27:34.222|20074|active||SELECT dag.dag_id AS dag_dag_id, dag.is_paused AS dag_is_paused, dag.is_stale AS dag_is_stale, dag.exceeds_max_non_backfill AS dag_exceeds_max_non_backfill, dag.last_parsed_time AS dag_last_parsed_tim
00:27:34.222|8860|idle in transaction|Client|SELECT dag.dag_id, dag.is_paused, dag.is_stale, dag.exceeds_max_non_backfill, dag.last_parsed_time, dag.last_parse_duration, dag.last_expired, dag.fileloc, dag.relative_fileloc, dag.bundle_name, dag.b
00:27:34.795|20074|idle in transaction|Client|SELECT dag_version.id, dag_version.version_number, dag_version.dag_id, dag_version.bundle_name, dag_version.bundle_version, dag_version.version_data, dag_version.created_at, dag_version.last_updated F
00:27:34.795|8860|active||SELECT asset_partition_dag_run.id, asset_partition_dag_run.target_dag_id, asset_partition_dag_run.created_dag_run_id, asset_partition_dag_run.partition_key, asset_partition_dag_run.partition_date, ass
00:27:35.362|20074|idle in transaction|Client|SELECT dag_version.id, dag_version.version_number, dag_version.dag_id, dag_version.bundle_name, dag_version.bundle_version, dag_version.version_data, dag_version.created_at, dag_version.last_updated F
00:27:35.942|20074|idle in transaction|Client|INSERT INTO dagrun_asset_event (dag_run_id, event_id) VALUES (51644, 51637)
00:27:36.520|20074|idle in transaction|Client|UPDATE asset_partition_dag_run SET created_dag_run_id=51737, updated_at='2026-09-30T00:27:36.438104+00:00'::timestamptz WHERE asset_partition_dag_run.id = 51730
00:27:36.520|8632|idle in transaction|Client|SELECT dag.dag_id, dag.is_paused, dag.is_stale, dag.exceeds_max_non_backfill, dag.last_parsed_time, dag.last_parse_duration, dag.last_expired, dag.fileloc, dag.relative_fileloc, dag.bundle_name, dag.b
00:27:37.085|20074|idle in transaction|Client|UPDATE asset_partition_dag_run SET created_dag_run_id=51825, updated_at='2026-09-30T00:27:37.003737+00:00'::timestamptz WHERE asset_partition_dag_run.id = 51818
00:27:37.085|8632|idle in transaction|Client|SELECT asset_alias.id, asset_alias.name, asset_alias."group" FROM asset_alias WHERE asset_alias.name IN (NULL) AND (1 != 1)
00:27:37.660|20074|idle in transaction|Client|SELECT dag_version.id, dag_version.version_number, dag_version.dag_id, dag_version.bundle_name, dag_version.bundle_version, dag_version.version_data, dag_version.created_at, dag_version.last_updated F
00:27:37.660|8632|idle in transaction|Client|SELECT asset.id, asset.name, asset.uri, asset."group", asset.extra, asset.created_at, asset.updated_at, asset_active_1.name AS name_1, asset_active_1.uri AS uri_1, dag_1.dag_id, dag_1.is_paused, dag_1
00:27:38.231|20074|idle in transaction|Client|UPDATE asset_partition_dag_run SET created_dag_run_id=52007, updated_at='2026-09-30T00:27:38.148689+00:00'::timestamptz WHERE asset_partition_dag_run.id = 52000
00:27:38.231|8632|idle in transaction|Client|INSERT INTO asset_event (asset_id, extra, source_task_id, source_dag_id, source_run_id, source_map_index, timestamp, partition_key) VALUES (1, '{}'::JSON, 'emit', 'bench_partition_producer', 'part_100
00:27:38.790|20074|active||SELECT task_instance.id, task_instance.task_id, task_instance.dag_id, task_instance.run_id, task_instance.map_index, task_instance.start_date, task_instance.end_date, task_instance.duration, task_inst
00:27:38.790|8632|idle in transaction|Client|INSERT INTO partitioned_asset_key_log (asset_id, asset_event_id, asset_partition_dag_run_id, source_partition_key, target_dag_id, target_partition_key, created_at) VALUES (1, 52220, 52220, 'ACCT000411
00:27:39.354|20074|idle in transaction|Client|SELECT task_instance.id, task_instance.task_id, task_instance.dag_id, task_instance.run_id, task_instance.map_index, task_instance.start_date, task_instance.end_date, task_instance.duration, task_inst
00:27:39.354|8632|active||SELECT asset_partition_dag_run.id, asset_partition_dag_run.target_dag_id, asset_partition_dag_run.created_dag_run_id, asset_partition_dag_run.partition_key, asset_partition_dag_run.partition_date, ass
00:27:39.918|8632|idle in transaction|Client|SELECT asset_alias.id, asset_alias.name, asset_alias."group" FROM asset_alias WHERE asset_alias.name IN (NULL) AND (1 != 1)
00:27:40.537|20074|idle in transaction|Client|SELECT dag_version.id, dag_version.version_number, dag_version.dag_id, dag_version.bundle_name, dag_version.bundle_version, dag_version.version_data, dag_version.created_at, dag_version.last_updated F
00:27:40.537|8632|idle in transaction|Client|SELECT asset.id, asset.name, asset.uri, asset."group", asset.extra, asset.created_at, asset.updated_at, asset_active_1.name AS name_1, asset_active_1.uri AS uri_1, dag_1.dag_id, dag_1.is_paused, dag_1
00:27:41.115|20074|idle in transaction|Client|SELECT dag.dag_id AS dag_dag_id, dag.is_paused AS dag_is_paused, dag.is_stale AS dag_is_stale, dag.exceeds_max_non_backfill AS dag_exceeds_max_non_backfill, dag.last_parsed_time AS dag_last_parsed_tim
00:27:41.115|8632|active||SELECT asset_partition_dag_run.id, asset_partition_dag_run.target_dag_id, asset_partition_dag_run.created_dag_run_id, asset_partition_dag_run.partition_key, asset_partition_dag_run.partition_date, ass
00:27:41.697|20074|idle in transaction|Client|SELECT task_instance.dag_version_id FROM task_instance WHERE task_instance.dag_id = 'bench_partition_consumer' AND task_instance.dag_version_id = '01a0efa2-2565-7f80-a0a2-753ce7d9a46b'::uuid::UUID AND
00:27:41.697|8632|active||SELECT asset_partition_dag_run.id, asset_partition_dag_run.target_dag_id, asset_partition_dag_run.created_dag_run_id, asset_partition_dag_run.partition_key, asset_partition_dag_run.partition_date, ass
00:27:42.262|20074|idle in transaction|Client|SELECT task_instance.id, task_instance.task_id, task_instance.dag_id, task_instance.run_id, task_instance.map_index, task_instance.start_date, task_instance.end_date, task_instance.duration, task_inst
00:27:42.917|20074|idle in transaction|Client|UPDATE asset_partition_dag_run SET created_dag_run_id=52100, updated_at='2026-09-30T00:27:42.837074+00:00'::timestamptz WHERE asset_partition_dag_run.id = 52093
00:27:43.606|20074|idle in transaction|Client|INSERT INTO task_instance (id, task_id, dag_id, run_id, map_index, try_number, max_tries, hostname, unixname, pool, pool_slots, queue, priority_weight, operator, custom_operator_name, executor_config,
00:27:44.235|20074|active||INSERT INTO dag_run (dag_id, queued_at, logical_date, start_date, end_date, state, run_id, creating_job_id, run_type, triggered_by, triggering_user_name, conf, data_interval_start, data_interval_end, 
00:27:44.235|21886|active||SELECT asset_partition_dag_run.id, asset_partition_dag_run.target_dag_id, asset_partition_dag_run.created_dag_run_id, asset_partition_dag_run.partition_key, asset_partition_dag_run.partition_date, ass
00:27:44.818|20074|idle in transaction|Client|INSERT INTO task_instance (id, task_id, dag_id, run_id, map_index, try_number, max_tries, hostname, unixname, pool, pool_slots, queue, priority_weight, operator, custom_operator_name, executor_config,
00:27:44.818|21886|active||SELECT asset_partition_dag_run.id, asset_partition_dag_run.target_dag_id, asset_partition_dag_run.created_dag_run_id, asset_partition_dag_run.partition_key, asset_partition_dag_run.partition_date, ass
00:27:45.384|20074|idle in transaction|Client|SELECT max(log_template.id) AS max_1 FROM log_template
00:27:45.384|21886|idle in transaction|Client|SELECT asset_alias.id, asset_alias.name, asset_alias."group" FROM asset_alias WHERE asset_alias.name IN (NULL) AND (1 != 1)
00:27:45.953|20074|idle in transaction|Client|INSERT INTO dag_run (dag_id, queued_at, logical_date, start_date, end_date, state, run_id, creating_job_id, run_type, triggered_by, triggering_user_name, conf, data_interval_start, data_interval_end, 
00:27:45.953|21886|idle in transaction|Client|SELECT asset.id, asset.name, asset.uri, asset."group", asset.extra, asset.created_at, asset.updated_at, asset_active_1.name AS name_1, asset_active_1.uri AS uri_1, dag_1.dag_id, dag_1.is_paused, dag_1
00:27:46.569|20074|idle in transaction||SELECT dag_version.id, dag_version.version_number, dag_version.dag_id, dag_version.bundle_name, dag_version.bundle_version, dag_version.version_data, dag_version.created_at, dag_version.last_updated F
00:27:46.569|21886|idle in transaction|Client|SELECT dag.dag_id, dag.is_paused, dag.is_stale, dag.exceeds_max_non_backfill, dag.last_parsed_time, dag.last_parse_duration, dag.last_expired, dag.fileloc, dag.relative_fileloc, dag.bundle_name, dag.b
00:27:47.143|20074|idle in transaction|Client|SELECT dag_version.id, dag_version.version_number, dag_version.dag_id, dag_version.bundle_name, dag_version.bundle_version, dag_version.version_data, dag_version.created_at, dag_version.last_updated F
00:27:47.143|21886|active||SELECT asset_partition_dag_run.id, asset_partition_dag_run.target_dag_id, asset_partition_dag_run.created_dag_run_id, asset_partition_dag_run.partition_key, asset_partition_dag_run.partition_date, ass
00:27:47.708|21886|idle in transaction|Client|SELECT asset.id FROM asset WHERE asset.id = 1 FOR NO KEY UPDATE
00:27:48.288|20074|idle in transaction|Client|SELECT dag_version.id, dag_version.version_number, dag_version.dag_id, dag_version.bundle_name, dag_version.bundle_version, dag_version.version_data, dag_version.created_at, dag_version.last_updated F
00:27:48.288|21886|active||SELECT asset_alias.id, asset_alias.name, asset_alias."group" FROM asset_alias WHERE asset_alias.name IN (NULL) AND (1 != 1)
00:27:48.875|20074|idle in transaction|Client|SELECT dag_version.id, dag_version.version_number, dag_version.dag_id, dag_version.bundle_name, dag_version.bundle_version, dag_version.version_data, dag_version.created_at, dag_version.last_updated F
00:27:48.875|21886|idle in transaction|Client|SELECT asset_alias.id, asset_alias.name, asset_alias."group" FROM asset_alias WHERE asset_alias.name IN (NULL) AND (1 != 1)
00:27:49.456|20074|idle in transaction|Client|UPDATE task_instance SET start_date='2026-09-30T00:27:49.374969+00:00'::timestamptz, end_date='2026-09-30T00:27:49.374970+00:00'::timestamptz, duration=0, state='success', try_number=(task_instance.tr
00:27:49.456|21886|idle in transaction|Client|SELECT asset.id, asset.name, asset.uri, asset."group", asset.extra, asset.created_at, asset.updated_at, asset_active_1.name AS name_1, asset_active_1.uri AS uri_1, dag_1.dag_id, dag_1.is_paused, dag_1
00:27:50.583|20074|idle in transaction|Client|SELECT dag_version.id, dag_version.version_number, dag_version.dag_id, dag_version.bundle_name, dag_version.bundle_version, dag_version.version_data, dag_version.created_at, dag_version.last_updated F
00:27:51.154|20074|idle in transaction|Client|UPDATE asset_partition_dag_run SET created_dag_run_id=52613, updated_at='2026-09-30T00:27:51.072122+00:00'::timestamptz WHERE asset_partition_dag_run.id = 52606
00:27:51.722|20074|idle in transaction|Client|INSERT INTO task_instance (id, task_id, dag_id, run_id, map_index, try_number, max_tries, hostname, unixname, pool, pool_slots, queue, priority_weight, operator, custom_operator_name, executor_config,
00:27:52.310|20074|idle in transaction||INSERT INTO dag_run (dag_id, queued_at, logical_date, start_date, end_date, state, run_id, creating_job_id, run_type, triggered_by, triggering_user_name, conf, data_interval_start, data_interval_end, 
00:27:52.914|20074|idle in transaction|Client|INSERT INTO dag_run (dag_id, queued_at, logical_date, start_date, end_date, state, run_id, creating_job_id, run_type, triggered_by, triggering_user_name, conf, data_interval_start, data_interval_end, 
00:27:53.522|20074|idle in transaction|Client|SELECT asset_event.id, asset_event.asset_id, asset_event.extra, asset_event.source_task_id, asset_event.source_dag_id, asset_event.source_run_id, asset_event.source_map_index, asset_event.timestamp, a
00:27:53.522|22949|active||autovacuum: ANALYZE public.partitioned_asset_key_log
00:27:54.190|20046|idle in transaction|Client|DELETE FROM dag_warning USING dag WHERE dag_warning.dag_id = dag.dag_id AND dag.is_stale = true
00:27:54.190|20074|idle in transaction|Client|SELECT dag_version.id, dag_version.version_number, dag_version.dag_id, dag_version.bundle_name, dag_version.bundle_version, dag_version.version_data, dag_version.created_at, dag_version.last_updated F
00:27:54.190|22949|active||autovacuum: ANALYZE public.dag_run
00:27:54.759|20074|idle in transaction|Client|SELECT dag_version.id, dag_version.version_number, dag_version.dag_id, dag_version.bundle_name, dag_version.bundle_version, dag_version.version_data, dag_version.created_at, dag_version.last_updated F
00:27:55.348|20074|idle in transaction|Client|SELECT dag_version.id, dag_version.version_number, dag_version.dag_id, dag_version.bundle_name, dag_version.bundle_version, dag_version.version_data, dag_version.created_at, dag_version.last_updated F
00:27:55.943|20074|idle in transaction|Client|SELECT dag_version.id, dag_version.version_number, dag_version.dag_id, dag_version.bundle_name, dag_version.bundle_version, dag_version.version_data, dag_version.created_at, dag_version.last_updated F
00:27:56.506|20074|idle in transaction|Client|SELECT task_instance.dag_version_id FROM task_instance WHERE task_instance.dag_id = 'bench_partition_consumer' AND task_instance.dag_version_id = '01a0efa2-2565-7f80-a0a2-753ce7d9a46b'::uuid::UUID AND
00:27:57.075|20074|idle in transaction|Client|UPDATE dag_run SET last_scheduling_decision='2026-09-30T00:27:56.216405+00:00'::timestamptz, updated_at='2026-09-30T00:27:56.977192+00:00'::timestamptz, scheduled_by_job_id=1 WHERE dag_run.id = 47742
00:27:57.075|5014|idle in transaction|Client|SELECT task_instance.id, task_instance.task_id, task_instance.dag_id, task_instance.run_id, task_instance.map_index, task_instance.start_date, task_instance.end_date, task_instance.duration, task_inst
00:27:57.648|5014|idle in transaction|Client|SELECT serialized_dag.id, serialized_dag.dag_id, serialized_dag.data, serialized_dag.data_compressed, serialized_dag.created_at, serialized_dag.last_updated, serialized_dag.dag_hash, serialized_dag.da
00:27:58.259|20074|idle in transaction|Client|SELECT dag_run.id, dag_run.dag_id, dag_run.queued_at, dag_run.logical_date, dag_run.start_date, dag_run.end_date, dag_run.state, dag_run.run_id, dag_run.creating_job_id, dag_run.run_type, dag_run.trig
00:27:58.259|5014|idle in transaction|Client|SELECT asset.id FROM asset WHERE asset.id = 1 FOR NO KEY UPDATE
00:27:58.835|20074|idle in transaction|Client|SELECT dag_version.id, dag_version.version_number, dag_version.dag_id, dag_version.bundle_name, dag_version.bundle_version, dag_version.version_data, dag_version.created_at, dag_version.last_updated F
00:27:58.835|5014|active||SELECT asset_partition_dag_run.id, asset_partition_dag_run.target_dag_id, asset_partition_dag_run.created_dag_run_id, asset_partition_dag_run.partition_key, asset_partition_dag_run.partition_date, ass
00:27:59.430|20074|idle in transaction|Client|SELECT dag_version.id, dag_version.version_number, dag_version.dag_id, dag_version.bundle_name, dag_version.bundle_version, dag_version.version_data, dag_version.created_at, dag_version.last_updated F
00:27:59.430|5014|idle in transaction|Client|SELECT dag.dag_id, dag.is_paused, dag.is_stale, dag.exceeds_max_non_backfill, dag.last_parsed_time, dag.last_parse_duration, dag.last_expired, dag.fileloc, dag.relative_fileloc, dag.bundle_name, dag.b
00:27:59.992|5014|active||SELECT asset_partition_dag_run.id, asset_partition_dag_run.target_dag_id, asset_partition_dag_run.created_dag_run_id, asset_partition_dag_run.partition_key, asset_partition_dag_run.partition_date, ass
00:28:00.670|20074|idle in transaction|Client|SELECT task_instance.dag_version_id FROM task_instance WHERE task_instance.dag_id = 'bench_partition_consumer' AND task_instance.dag_version_id = '01a0efa2-2565-7f80-a0a2-753ce7d9a46b'::uuid::UUID AND
00:28:00.670|5014|idle in transaction|Client|INSERT INTO partitioned_asset_key_log (asset_id, asset_event_id, asset_partition_dag_run_id, source_partition_key, target_dag_id, target_partition_key, created_at) VALUES (1, 53300, 53300, 'ACCT000423
00:28:00.670|15180|active||select count(*) from asset_event e join asset a on a.id=e.asset_id where a.name='bench_accounts'
00:28:01.245|20074|idle in transaction|Client|UPDATE task_instance SET start_date='2026-09-30T00:28:01.161377+00:00'::timestamptz, end_date='2026-09-30T00:28:01.161378+00:00'::timestamptz, duration=0, state='success', try_number=(task_instance.tr
00:28:01.245|5014|active||SELECT asset_partition_dag_run.id, asset_partition_dag_run.target_dag_id, asset_partition_dag_run.created_dag_run_id, asset_partition_dag_run.partition_key, asset_partition_dag_run.partition_date, ass
00:28:01.811|5014|idle in transaction|Client|SELECT serialized_dag.id, serialized_dag.dag_id, serialized_dag.data, serialized_dag.data_compressed, serialized_dag.created_at, serialized_dag.last_updated, serialized_dag.dag_hash, serialized_dag.da
00:28:02.391|20074|active|Client|SELECT dag_version.id, dag_version.version_number, dag_version.dag_id, dag_version.bundle_name, dag_version.bundle_version, dag_version.version_data, dag_version.created_at, dag_version.last_updated F
00:28:02.391|5014|active||SELECT asset_partition_dag_run.id, asset_partition_dag_run.target_dag_id, asset_partition_dag_run.created_dag_run_id, asset_partition_dag_run.partition_key, asset_partition_dag_run.partition_date, ass
00:28:02.965|20074|idle in transaction|Client|SELECT dag_version.id, dag_version.version_number, dag_version.dag_id, dag_version.bundle_name, dag_version.bundle_version, dag_version.version_data, dag_version.created_at, dag_version.last_updated F
00:28:03.540|20074|idle in transaction|Client|UPDATE task_instance SET start_date='2026-09-30T00:28:03.457368+00:00'::timestamptz, end_date='2026-09-30T00:28:03.457369+00:00'::timestamptz, duration=0, state='success', try_number=(task_instance.tr
00:28:04.121|20074|active||SELECT task_instance.id, task_instance.task_id, task_instance.dag_id, task_instance.run_id, task_instance.map_index, task_instance.start_date, task_instance.end_date, task_instance.duration, task_inst
00:28:04.687|20074|idle in transaction|Client|SELECT asset_event.id, asset_event.asset_id, asset_event.extra, asset_event.source_task_id, asset_event.source_dag_id, asset_event.source_run_id, asset_event.source_map_index, asset_event.timestamp, a
00:28:05.271|20074|idle in transaction|Client|SELECT dag_version.id, dag_version.version_number, dag_version.dag_id, dag_version.bundle_name, dag_version.bundle_version, dag_version.version_data, dag_version.created_at, dag_version.last_updated F
00:28:05.271|8952|idle in transaction|Client|SELECT asset.id, asset.name, asset.uri, asset."group", asset.extra, asset.created_at, asset.updated_at FROM asset WHERE (EXISTS (SELECT 1 FROM asset_active WHERE asset.name = asset_active.name AND ass
00:28:05.883|20074|idle in transaction|Client|INSERT INTO task_instance (id, task_id, dag_id, run_id, map_index, try_number, max_tries, hostname, unixname, pool, pool_slots, queue, priority_weight, operator, custom_operator_name, executor_config,
00:28:05.883|15180|active||select count(*) from dag_run where dag_id='bench_partition_consumer'
00:28:05.883|8952|idle in transaction|Client|SELECT asset.id, asset.name, asset.uri, asset."group", asset.extra, asset.created_at, asset.updated_at FROM asset WHERE asset.id = 1
00:28:06.449|20074|idle in transaction|Client|SELECT asset_event.id, asset_event.asset_id, asset_event.extra, asset_event.source_task_id, asset_event.source_dag_id, asset_event.source_run_id, asset_event.source_map_index, asset_event.timestamp, a
00:28:06.449|8952|idle in transaction|Client|SELECT serialized_dag.id, serialized_dag.dag_id, serialized_dag.data, serialized_dag.data_compressed, serialized_dag.created_at, serialized_dag.last_updated, serialized_dag.dag_hash, serialized_dag.da
00:28:07.022|20074|idle in transaction|Client|UPDATE asset_partition_dag_run SET created_dag_run_id=53484, updated_at='2026-09-30T00:28:06.939056+00:00'::timestamptz WHERE asset_partition_dag_run.id = 53477
00:28:07.022|8952|active|Client|SELECT dag.dag_id, dag.is_paused, dag.is_stale, dag.exceeds_max_non_backfill, dag.last_parsed_time, dag.last_parse_duration, dag.last_expired, dag.fileloc, dag.relative_fileloc, dag.bundle_name, dag.b
00:28:07.587|20074|idle in transaction|Client|SELECT dag_version.id, dag_version.version_number, dag_version.dag_id, dag_version.bundle_name, dag_version.bundle_version, dag_version.version_data, dag_version.created_at, dag_version.last_updated F
00:28:07.587|8952|idle in transaction|Client|SELECT asset.id, asset.name, asset.uri, asset."group", asset.extra, asset.created_at, asset.updated_at, asset_active_1.name AS name_1, asset_active_1.uri AS uri_1, dag_1.dag_id, dag_1.is_paused, dag_1
00:28:08.155|20074|idle in transaction|Client|SELECT dag.dag_id AS dag_dag_id, dag.is_paused AS dag_is_paused, dag.is_stale AS dag_is_stale, dag.exceeds_max_non_backfill AS dag_exceeds_max_non_backfill, dag.last_parsed_time AS dag_last_parsed_tim
00:28:08.155|8952|idle in transaction|Client|SELECT asset_partition_dag_run.id, asset_partition_dag_run.target_dag_id, asset_partition_dag_run.created_dag_run_id, asset_partition_dag_run.partition_key, asset_partition_dag_run.partition_date, ass
00:28:08.716|8952|idle in transaction|Client|SELECT asset.id, asset.name, asset.uri, asset."group", asset.extra, asset.created_at, asset.updated_at, asset_active_1.name AS name_1, asset_active_1.uri AS uri_1, dag_1.dag_id, dag_1.is_paused, dag_1
00:28:09.294|20074|active||SELECT dag_run.dag_id, dag_run.backfill_id, count(dag_run.id) AS num_running FROM dag_run WHERE dag_run.state = 'running' GROUP BY dag_run.dag_id, dag_run.backfill_id
00:28:09.294|8952|idle in transaction|Client|SELECT serialized_dag.id, serialized_dag.dag_id, serialized_dag.data, serialized_dag.data_compressed, serialized_dag.created_at, serialized_dag.last_updated, serialized_dag.dag_hash, serialized_dag.da
00:28:09.852|20074|idle in transaction|Client|SELECT dag.dag_id AS dag_dag_id, dag.is_paused AS dag_is_paused, dag.is_stale AS dag_is_stale, dag.exceeds_max_non_backfill AS dag_exceeds_max_non_backfill, dag.last_parsed_time AS dag_last_parsed_tim
00:28:09.852|8952|active||SELECT asset_partition_dag_run.id, asset_partition_dag_run.target_dag_id, asset_partition_dag_run.created_dag_run_id, asset_partition_dag_run.partition_key, asset_partition_dag_run.partition_date, ass
00:28:10.413|20074|idle in transaction|Client|UPDATE task_instance SET start_date='2026-09-30T00:28:10.329983+00:00'::timestamptz, end_date='2026-09-30T00:28:10.329984+00:00'::timestamptz, duration=0, state='success', try_number=(task_instance.tr
00:28:10.413|8952|active||SELECT asset.id, asset.name, asset.uri, asset."group", asset.extra, asset.created_at, asset.updated_at, asset_active_1.name AS name_1, asset_active_1.uri AS uri_1, dag_1.dag_id, dag_1.is_paused, dag_1
00:28:11.002|15180|active||select count(*) from asset_event e join asset a on a.id=e.asset_id where a.name='bench_accounts'
00:28:11.594|20074|idle in transaction|Client|UPDATE asset_partition_dag_run SET created_dag_run_id=53522, updated_at='2026-09-30T00:28:11.510839+00:00'::timestamptz WHERE asset_partition_dag_run.id = 53515
00:28:12.164|20074|idle in transaction||SELECT dag.bundle_version FROM dag WHERE dag.dag_id = 'bench_partition_consumer'
00:28:12.740|20074|idle in transaction||INSERT INTO task_instance (id, task_id, dag_id, run_id, map_index, try_number, max_tries, hostname, unixname, pool, pool_slots, queue, priority_weight, operator, custom_operator_name, executor_config,
00:28:13.310|20074|active||SELECT task_instance.id, task_instance.task_id, task_instance.dag_id, task_instance.run_id, task_instance.map_index, task_instance.start_date, task_instance.end_date, task_instance.duration, task_inst
00:28:13.888|20074|idle in transaction|Client|INSERT INTO dag_run (dag_id, queued_at, logical_date, start_date, end_date, state, run_id, creating_job_id, run_type, triggered_by, triggering_user_name, conf, data_interval_start, data_interval_end, 
00:28:14.506|20074|idle in transaction|Client|UPDATE asset_partition_dag_run SET created_dag_run_id=53930, updated_at='2026-09-30T00:28:14.422920+00:00'::timestamptz WHERE asset_partition_dag_run.id = 53923
00:28:15.095|20074|idle in transaction|Client|INSERT INTO dagrun_asset_event (dag_run_id, event_id) VALUES (54000, 53993)
00:28:15.656|20074|idle in transaction|Client|SELECT dag_version.id, dag_version.version_number, dag_version.dag_id, dag_version.bundle_name, dag_version.bundle_version, dag_version.version_data, dag_version.created_at, dag_version.last_updated F
00:28:16.223|20074|active|Client|SELECT task_instance.dag_version_id FROM task_instance WHERE task_instance.dag_id = 'bench_partition_consumer' AND task_instance.dag_version_id = '01a0efa2-2565-7f80-a0a2-753ce7d9a46b'::uuid::UUID AND
00:28:16.808|20074|idle in transaction|Client|SELECT dag_version.id, dag_version.version_number, dag_version.dag_id, dag_version.bundle_name, dag_version.bundle_version, dag_version.version_data, dag_version.created_at, dag_version.last_updated F
00:28:17.403|20074|idle in transaction|Client|SELECT task_instance.dag_version_id FROM task_instance WHERE task_instance.dag_id = 'bench_partition_consumer' AND task_instance.dag_version_id = '01a0efa2-2565-7f80-a0a2-753ce7d9a46b'::uuid::UUID AND
00:28:17.983|20074|idle in transaction|Client|SELECT dag_version.id, dag_version.version_number, dag_version.dag_id, dag_version.bundle_name, dag_version.bundle_version, dag_version.version_data, dag_version.created_at, dag_version.last_updated F
00:28:18.568|20074|idle in transaction|Client|SELECT dag_version.id, dag_version.version_number, dag_version.dag_id, dag_version.bundle_name, dag_version.bundle_version, dag_version.version_data, dag_version.created_at, dag_version.last_updated F
00:28:18.568|8696|active||SELECT asset_partition_dag_run.id, asset_partition_dag_run.target_dag_id, asset_partition_dag_run.created_dag_run_id, asset_partition_dag_run.partition_key, asset_partition_dag_run.partition_date, ass
00:28:19.176|20074|idle in transaction|Client|SELECT dag_version.id, dag_version.version_number, dag_version.dag_id, dag_version.bundle_name, dag_version.bundle_version, dag_version.version_data, dag_version.created_at, dag_version.last_updated F
00:28:19.176|8696|active||SELECT asset_partition_dag_run.id, asset_partition_dag_run.target_dag_id, asset_partition_dag_run.created_dag_run_id, asset_partition_dag_run.partition_key, asset_partition_dag_run.partition_date, ass
00:28:19.739|20074|idle in transaction|Client|SELECT dag_version.id, dag_version.version_number, dag_version.dag_id, dag_version.bundle_name, dag_version.bundle_version, dag_version.version_data, dag_version.created_at, dag_version.last_updated F
00:28:19.739|8696|idle in transaction|Client|INSERT INTO asset_event (asset_id, extra, source_task_id, source_dag_id, source_run_id, source_map_index, timestamp, partition_key) VALUES (1, '{}'::JSON, 'emit', 'bench_partition_producer', 'part_100
00:28:20.306|20074|idle in transaction|Client|SELECT task_instance.dag_version_id FROM task_instance WHERE task_instance.dag_id = 'bench_partition_consumer' AND task_instance.dag_version_id = '01a0efa2-2565-7f80-a0a2-753ce7d9a46b'::uuid::UUID AND
00:28:20.306|8696|active||SELECT asset_partition_dag_run.id, asset_partition_dag_run.target_dag_id, asset_partition_dag_run.created_dag_run_id, asset_partition_dag_run.partition_key, asset_partition_dag_run.partition_date, ass
00:28:20.871|20074|active||SELECT dag_run.dag_id, dag_run.backfill_id, count(dag_run.id) AS num_running FROM dag_run WHERE dag_run.state = 'running' GROUP BY dag_run.dag_id, dag_run.backfill_id
00:28:20.871|8696|idle in transaction|Client|SELECT serialized_dag.id, serialized_dag.dag_id, serialized_dag.data, serialized_dag.data_compressed, serialized_dag.created_at, serialized_dag.last_updated, serialized_dag.dag_hash, serialized_dag.da
00:28:21.444|20074|idle in transaction|Client|SELECT dag_version.id, dag_version.version_number, dag_version.dag_id, dag_version.bundle_name, dag_version.bundle_version, dag_version.version_data, dag_version.created_at, dag_version.last_updated F
00:28:21.444|8696|idle in transaction|Client|SELECT asset.id FROM asset WHERE asset.id = 1 FOR NO KEY UPDATE
00:28:22.026|20074|idle in transaction|Client|SELECT dag_version.id, dag_version.version_number, dag_version.dag_id, dag_version.bundle_name, dag_version.bundle_version, dag_version.version_data, dag_version.created_at, dag_version.last_updated F
00:28:22.026|8696|idle in transaction|Client|INSERT INTO asset_event (asset_id, extra, source_task_id, source_dag_id, source_run_id, source_map_index, timestamp, partition_key) VALUES (1, '{}'::JSON, 'emit', 'bench_partition_producer', 'part_100
00:28:22.592|8696|active||SELECT asset.id, asset.name, asset.uri, asset."group", asset.extra, asset.created_at, asset.updated_at, asset_active_1.name AS name_1, asset_active_1.uri AS uri_1, dag_1.dag_id, dag_1.is_paused, dag_1
00:28:23.150|20074|idle in transaction|Client|UPDATE dag_run SET start_date='2026-09-30T00:28:22.958048+00:00'::timestamptz, state='running', updated_at='2026-09-30T00:28:22.986546+00:00'::timestamptz WHERE dag_run.id = 49867
00:28:23.150|8696|idle in transaction|Client|SELECT serialized_dag.id, serialized_dag.dag_id, serialized_dag.data, serialized_dag.data_compressed, serialized_dag.created_at, serialized_dag.last_updated, serialized_dag.dag_hash, serialized_dag.da
00:28:23.719|20074|idle in transaction|Client|SELECT dag.dag_id AS dag_dag_id, dag.is_paused AS dag_is_paused, dag.is_stale AS dag_is_stale, dag.exceeds_max_non_backfill AS dag_exceeds_max_non_backfill, dag.last_parsed_time AS dag_last_parsed_tim
00:28:23.719|8696|active||SELECT asset_partition_dag_run.id, asset_partition_dag_run.target_dag_id, asset_partition_dag_run.created_dag_run_id, asset_partition_dag_run.partition_key, asset_partition_dag_run.partition_date, ass
00:28:24.326|20074|idle in transaction|Client|SELECT task_instance.dag_version_id FROM task_instance WHERE task_instance.dag_id = 'bench_partition_consumer' AND task_instance.dag_version_id = '01a0efa2-2565-7f80-a0a2-753ce7d9a46b'::uuid::UUID AND
00:28:24.899|20074|idle in transaction|Client|SELECT asset_event.id, asset_event.asset_id, asset_event.extra, asset_event.source_task_id, asset_event.source_dag_id, asset_event.source_run_id, asset_event.source_map_index, asset_event.timestamp, a
00:28:25.477|20074|idle in transaction|Client|SELECT dag_version.id, dag_version.version_number, dag_version.dag_id, dag_version.bundle_name, dag_version.bundle_version, dag_version.version_data, dag_version.created_at, dag_version.last_updated F
00:28:26.056|20074|idle in transaction|Client|SELECT dag_version.id, dag_version.version_number, dag_version.dag_id, dag_version.bundle_name, dag_version.bundle_version, dag_version.version_data, dag_version.created_at, dag_version.last_updated F
00:28:26.056|8379|active||SELECT asset_partition_dag_run.id, asset_partition_dag_run.target_dag_id, asset_partition_dag_run.created_dag_run_id, asset_partition_dag_run.partition_key, asset_partition_dag_run.partition_date, ass
00:28:26.626|20074|idle in transaction|Client|INSERT INTO task_instance (id, task_id, dag_id, run_id, map_index, try_number, max_tries, hostname, unixname, pool, pool_slots, queue, priority_weight, operator, custom_operator_name, executor_config,
00:28:26.626|8379|active||SELECT asset_partition_dag_run.id, asset_partition_dag_run.target_dag_id, asset_partition_dag_run.created_dag_run_id, asset_partition_dag_run.partition_key, asset_partition_dag_run.partition_date, ass
00:28:27.192|20074|idle in transaction|Client|SELECT dag_version.id, dag_version.version_number, dag_version.dag_id, dag_version.bundle_name, dag_version.bundle_version, dag_version.version_data, dag_version.created_at, dag_version.last_updated F
00:28:27.192|8379|idle in transaction|Client|SELECT asset_partition_dag_run.id, asset_partition_dag_run.target_dag_id, asset_partition_dag_run.created_dag_run_id, asset_partition_dag_run.partition_key, asset_partition_dag_run.partition_date, ass
00:28:27.775|20074|active||SELECT task_instance.id, task_instance.task_id, task_instance.dag_id, task_instance.run_id, task_instance.map_index, task_instance.start_date, task_instance.end_date, task_instance.duration, task_inst
00:28:27.775|8379|active||INSERT INTO asset_event (asset_id, extra, source_task_id, source_dag_id, source_run_id, source_map_index, timestamp, partition_key) VALUES (1, '{}'::JSON, 'emit', 'bench_partition_producer', 'part_100
00:28:28.343|20074|idle in transaction|Client|SELECT dag_version.id, dag_version.version_number, dag_version.dag_id, dag_version.bundle_name, dag_version.bundle_version, dag_version.version_data, dag_version.created_at, dag_version.last_updated F
00:28:28.343|8379|idle in transaction|Client|SELECT serialized_dag.id, serialized_dag.dag_id, serialized_dag.data, serialized_dag.data_compressed, serialized_dag.created_at, serialized_dag.last_updated, serialized_dag.dag_hash, serialized_dag.da
00:28:28.906|20074|idle in transaction|Client|SELECT task_instance.id, task_instance.task_id, task_instance.dag_id, task_instance.run_id, task_instance.map_index, task_instance.start_date, task_instance.end_date, task_instance.duration, task_inst
00:28:28.906|8379|active||SELECT asset_partition_dag_run.id, asset_partition_dag_run.target_dag_id, asset_partition_dag_run.created_dag_run_id, asset_partition_dag_run.partition_key, asset_partition_dag_run.partition_date, ass
00:28:29.487|8379|idle in transaction|Client|SELECT asset.id, asset.name, asset.uri, asset."group", asset.extra, asset.created_at, asset.updated_at, asset_active_1.name AS name_1, asset_active_1.uri AS uri_1, dag_1.dag_id, dag_1.is_paused, dag_1
00:28:30.062|20074|idle in transaction|Client|SELECT dag_version.id, dag_version.version_number, dag_version.dag_id, dag_version.bundle_name, dag_version.bundle_version, dag_version.version_data, dag_version.created_at, dag_version.last_updated F
00:28:30.062|8379|idle in transaction|Client|INSERT INTO asset_partition_dag_run (target_dag_id, created_dag_run_id, partition_key, partition_date, rollup_fingerprint, created_at, updated_at) VALUES ('bench_partition_consumer', NULL, 'ACCT000437
00:28:30.656|20074|idle in transaction|Client|SELECT task_instance.id, task_instance.task_id, task_instance.dag_id, task_instance.run_id, task_instance.map_index, task_instance.start_date, task_instance.end_date, task_instance.duration, task_inst
00:28:30.656|8379|active||SELECT asset_partition_dag_run.id, asset_partition_dag_run.target_dag_id, asset_partition_dag_run.created_dag_run_id, asset_partition_dag_run.partition_key, asset_partition_dag_run.partition_date, ass
00:28:31.232|20074|idle in transaction|Client|SELECT task_instance.dag_version_id FROM task_instance WHERE task_instance.dag_id = 'bench_partition_consumer' AND task_instance.dag_version_id = '01a0efa2-2565-7f80-a0a2-753ce7d9a46b'::uuid::UUID AND
00:28:31.232|8379|idle in transaction|Client|INSERT INTO asset_partition_dag_run (target_dag_id, created_dag_run_id, partition_key, partition_date, rollup_fingerprint, created_at, updated_at) VALUES ('bench_partition_consumer', NULL, 'ACCT000438
00:28:31.809|20074|idle in transaction|Client|SELECT task_instance.id, task_instance.task_id, task_instance.dag_id, task_instance.run_id, task_instance.map_index, task_instance.start_date, task_instance.end_date, task_instance.duration, task_inst
00:28:31.809|8379|active||SELECT asset_partition_dag_run.id, asset_partition_dag_run.target_dag_id, asset_partition_dag_run.created_dag_run_id, asset_partition_dag_run.partition_key, asset_partition_dag_run.partition_date, ass
00:28:32.400|20074|idle in transaction||SELECT task_instance.id, task_instance.task_id, task_instance.dag_id, task_instance.run_id, task_instance.map_index, task_instance.start_date, task_instance.end_date, task_instance.duration, task_inst
00:28:33.004|20074|idle in transaction||INSERT INTO dagrun_asset_event (dag_run_id, event_id) VALUES (54639, 54632)
00:28:33.617|20074|idle in transaction|Client|SELECT max(log_template.id) AS max_1 FROM log_template
00:28:34.230|20074|idle in transaction|Client|INSERT INTO dag_run (dag_id, queued_at, logical_date, start_date, end_date, state, run_id, creating_job_id, run_type, triggered_by, triggering_user_name, conf, data_interval_start, data_interval_end, 
00:28:34.801|20074|idle in transaction|Client|UPDATE asset_partition_dag_run SET created_dag_run_id=54827, updated_at='2026-09-30T00:28:34.716887+00:00'::timestamptz WHERE asset_partition_dag_run.id = 54820
00:28:35.409|20074|idle in transaction|Client|INSERT INTO dagrun_asset_event (dag_run_id, event_id) VALUES (54903, 54896)
00:28:35.996|20074|idle in transaction|Client|INSERT INTO dag_run (dag_id, queued_at, logical_date, start_date, end_date, state, run_id, creating_job_id, run_type, triggered_by, triggering_user_name, conf, data_interval_start, data_interval_end, 
00:28:36.560|20074|active||SELECT dag_run.id, dag_run.dag_id, dag_run.queued_at, dag_run.logical_date, dag_run.start_date, dag_run.end_date, dag_run.state, dag_run.run_id, dag_run.creating_job_id, dag_run.run_type, dag_run.trig
00:28:37.121|20074|idle in transaction|Client|SELECT task_instance.dag_version_id FROM task_instance WHERE task_instance.dag_id = 'bench_partition_consumer' AND task_instance.dag_version_id = '01a0efa2-2565-7f80-a0a2-753ce7d9a46b'::uuid::UUID AND
00:28:37.697|20074|idle in transaction|Client|UPDATE task_instance SET start_date='2026-09-30T00:28:37.608603+00:00'::timestamptz, end_date='2026-09-30T00:28:37.608604+00:00'::timestamptz, duration=0, state='success', try_number=(task_instance.tr
00:28:38.295|20074|active||SELECT dag_run.id, dag_run.dag_id, dag_run.queued_at, dag_run.logical_date, dag_run.start_date, dag_run.end_date, dag_run.state, dag_run.run_id, dag_run.creating_job_id, dag_run.run_type, dag_run.trig
00:28:38.889|20074|idle in transaction|Client|SELECT dag_version.id, dag_version.version_number, dag_version.dag_id, dag_version.bundle_name, dag_version.bundle_version, dag_version.version_data, dag_version.created_at, dag_version.last_updated F
00:28:39.454|20074|idle in transaction|Client|SELECT dag_version.id, dag_version.version_number, dag_version.dag_id, dag_version.bundle_name, dag_version.bundle_version, dag_version.version_data, dag_version.created_at, dag_version.last_updated F
00:28:39.454|5113|active||SELECT asset_partition_dag_run.id, asset_partition_dag_run.target_dag_id, asset_partition_dag_run.created_dag_run_id, asset_partition_dag_run.partition_key, asset_partition_dag_run.partition_date, ass
00:28:40.023|20074|active||SELECT dag_run.id, dag_run.dag_id, dag_run.queued_at, dag_run.logical_date, dag_run.start_date, dag_run.end_date, dag_run.state, dag_run.run_id, dag_run.creating_job_id, dag_run.run_type, dag_run.trig
00:28:40.023|5113|idle in transaction|Client|SELECT asset_partition_dag_run.id, asset_partition_dag_run.target_dag_id, asset_partition_dag_run.created_dag_run_id, asset_partition_dag_run.partition_key, asset_partition_dag_run.partition_date, ass
00:28:40.597|20074|idle in transaction|Client|SELECT task_instance.id, task_instance.task_id, task_instance.dag_id, task_instance.run_id, task_instance.map_index, task_instance.start_date, task_instance.end_date, task_instance.duration, task_inst
00:28:40.597|5113|idle in transaction|Client|SELECT asset.id, asset.name, asset.uri, asset."group", asset.extra, asset.created_at, asset.updated_at, asset_active_1.name AS name_1, asset_active_1.uri AS uri_1, dag_1.dag_id, dag_1.is_paused, dag_1
00:28:41.169|20074|idle in transaction|Client|SELECT task_instance.id, task_instance.task_id, task_instance.dag_id, task_instance.run_id, task_instance.map_index, task_instance.start_date, task_instance.end_date, task_instance.duration, task_inst
00:28:41.169|5113|idle in transaction|Client|SELECT asset.id FROM asset WHERE asset.id = 1 FOR NO KEY UPDATE
00:28:41.740|5113|idle in transaction|Client|SELECT asset.id, asset.name, asset.uri, asset."group", asset.extra, asset.created_at, asset.updated_at FROM asset WHERE asset.id = 1
00:28:42.316|20074|idle in transaction|Client|UPDATE dag_run SET start_date='2026-09-30T00:28:42.093289+00:00'::timestamptz, state='running', updated_at='2026-09-30T00:28:42.230732+00:00'::timestamptz WHERE dag_run.id = 50908
00:28:42.316|5113|idle in transaction|Client|SELECT serialized_dag.id, serialized_dag.dag_id, serialized_dag.data, serialized_dag.data_compressed, serialized_dag.created_at, serialized_dag.last_updated, serialized_dag.dag_hash, serialized_dag.da
00:28:42.925|20046|idle in transaction|Client|SELECT dag_warning.dag_id, dag_warning.warning_type, dag_warning.message, dag_warning.timestamp FROM dag_warning WHERE dag_warning.dag_id IN ('bench_batched') AND dag_warning.warning_type IN ('non-exi
00:28:42.925|20074|idle in transaction|Client|SELECT task_instance.dag_version_id FROM task_instance WHERE task_instance.dag_id = 'bench_partition_consumer' AND task_instance.dag_version_id = '01a0efa2-2565-7f80-a0a2-753ce7d9a46b'::uuid::UUID AND
00:28:42.925|5113|idle in transaction|Client|INSERT INTO asset_event (asset_id, extra, source_task_id, source_dag_id, source_run_id, source_map_index, timestamp, partition_key) VALUES (1, '{}'::JSON, 'emit', 'bench_partition_producer', 'part_100
00:28:43.497|20074|idle in transaction|Client|SELECT dag_version.id, dag_version.version_number, dag_version.dag_id, dag_version.bundle_name, dag_version.bundle_version, dag_version.version_data, dag_version.created_at, dag_version.last_updated F
00:28:43.497|5113|active||SELECT asset_partition_dag_run.id, asset_partition_dag_run.target_dag_id, asset_partition_dag_run.created_dag_run_id, asset_partition_dag_run.partition_key, asset_partition_dag_run.partition_date, ass
00:28:44.063|5113|active||SELECT serialized_dag.id, serialized_dag.dag_id, serialized_dag.data, serialized_dag.data_compressed, serialized_dag.created_at, serialized_dag.last_updated, serialized_dag.dag_hash, serialized_dag.da
00:28:44.639|5113|idle in transaction|Client|INSERT INTO asset_partition_dag_run (target_dag_id, created_dag_run_id, partition_key, partition_date, rollup_fingerprint, created_at, updated_at) VALUES ('bench_partition_consumer', NULL, 'ACCT000442
00:28:45.208|20074|idle in transaction|Client|SELECT task_instance.id, task_instance.task_id, task_instance.dag_id, task_instance.run_id, task_instance.map_index, task_instance.start_date, task_instance.end_date, task_instance.duration, task_inst
00:28:45.778|20074|idle in transaction|Client|UPDATE dag_run SET last_scheduling_decision='2026-09-30T00:28:45.196481+00:00'::timestamptz, updated_at='2026-09-30T00:28:45.631476+00:00'::timestamptz, scheduled_by_job_id=1 WHERE dag_run.id = 51223
00:28:46.359|20074|idle in transaction||SELECT task_instance.id, task_instance.task_id, task_instance.dag_id, task_instance.run_id, task_instance.map_index, task_instance.start_date, task_instance.end_date, task_instance.duration, task_inst
00:28:46.943|20074|idle in transaction|Client|SELECT dag.bundle_version FROM dag WHERE dag.dag_id = 'bench_partition_consumer'
00:28:47.526|20074|idle in transaction|Client|SELECT max(log_template.id) AS max_1 FROM log_template
00:28:47.526|9080|idle in transaction|Client|SELECT serialized_dag.id, serialized_dag.dag_id, serialized_dag.data, serialized_dag.data_compressed, serialized_dag.created_at, serialized_dag.last_updated, serialized_dag.dag_hash, serialized_dag.da
00:28:48.088|20074|idle in transaction|Client|SELECT max(log_template.id) AS max_1 FROM log_template
00:28:48.088|9080|idle in transaction|Client|INSERT INTO asset_event (asset_id, extra, source_task_id, source_dag_id, source_run_id, source_map_index, timestamp, partition_key) VALUES (1, '{}'::JSON, 'emit', 'bench_partition_producer', 'part_100
00:28:48.655|20074|idle in transaction|Client|INSERT INTO task_instance (id, task_id, dag_id, run_id, map_index, try_number, max_tries, hostname, unixname, pool, pool_slots, queue, priority_weight, operator, custom_operator_name, executor_config,
00:28:48.655|9080|idle in transaction|Client|SELECT asset_partition_dag_run.id, asset_partition_dag_run.target_dag_id, asset_partition_dag_run.created_dag_run_id, asset_partition_dag_run.partition_key, asset_partition_dag_run.partition_date, ass
00:28:49.219|20074|idle in transaction|Client|UPDATE asset_partition_dag_run SET created_dag_run_id=55490, updated_at='2026-09-30T00:28:49.133184+00:00'::timestamptz WHERE asset_partition_dag_run.id = 55483
00:28:49.219|9080|idle in transaction|Client|INSERT INTO partitioned_asset_key_log (asset_id, asset_event_id, asset_partition_dag_run_id, source_partition_key, target_dag_id, target_partition_key, created_at) VALUES (1, 55666, 55666, 'ACCT000449
00:28:49.786|20074|idle in transaction|Client|SELECT dag_version.id, dag_version.version_number, dag_version.dag_id, dag_version.bundle_name, dag_version.bundle_version, dag_version.version_data, dag_version.created_at, dag_version.last_updated F
00:28:49.786|9080|idle in transaction|Client|INSERT INTO partitioned_asset_key_log (asset_id, asset_event_id, asset_partition_dag_run_id, source_partition_key, target_dag_id, target_partition_key, created_at) VALUES (1, 55715, 55715, 'ACCT000445
00:28:50.365|20074|idle in transaction|Client|SELECT task_instance.id, task_instance.task_id, task_instance.dag_id, task_instance.run_id, task_instance.map_index, task_instance.start_date, task_instance.end_date, task_instance.duration, task_inst
00:28:50.365|9080|active||SELECT serialized_dag.id, serialized_dag.dag_id, serialized_dag.data, serialized_dag.data_compressed, serialized_dag.created_at, serialized_dag.last_updated, serialized_dag.dag_hash, serialized_dag.da
00:28:50.925|9080|active||SELECT asset_partition_dag_run.id, asset_partition_dag_run.target_dag_id, asset_partition_dag_run.created_dag_run_id, asset_partition_dag_run.partition_key, asset_partition_dag_run.partition_date, ass
00:28:51.499|20074|idle in transaction|Client|SELECT dag_version.id, dag_version.version_number, dag_version.dag_id, dag_version.bundle_name, dag_version.bundle_version, dag_version.version_data, dag_version.created_at, dag_version.last_updated F
00:28:51.499|9080|idle in transaction|Client|INSERT INTO asset_partition_dag_run (target_dag_id, created_dag_run_id, partition_key, partition_date, rollup_fingerprint, created_at, updated_at) VALUES ('bench_partition_consumer', NULL, 'ACCT000449
00:28:52.070|20046|idle in transaction|Client|SELECT dag_priority_parsing_request.id, dag_priority_parsing_request.bundle_name, dag_priority_parsing_request.relative_fileloc FROM dag_priority_parsing_request WHERE dag_priority_parsing_request.bun
00:28:52.070|20074|idle in transaction|Client|SELECT task_instance.dag_version_id FROM task_instance WHERE task_instance.dag_id = 'bench_partition_consumer' AND task_instance.dag_version_id = '01a0efa2-2565-7f80-a0a2-753ce7d9a46b'::uuid::UUID AND
00:28:52.070|9080|active||SELECT asset_partition_dag_run.id, asset_partition_dag_run.target_dag_id, asset_partition_dag_run.created_dag_run_id, asset_partition_dag_run.partition_key, asset_partition_dag_run.partition_date, ass
00:28:52.644|20074|idle in transaction|Client|SELECT task_instance.id, task_instance.task_id, task_instance.dag_id, task_instance.run_id, task_instance.map_index, task_instance.start_date, task_instance.end_date, task_instance.duration, task_inst
00:28:52.644|9080|idle in transaction|Client|SELECT asset.id, asset.name, asset.uri, asset."group", asset.extra, asset.created_at, asset.updated_at, asset_active_1.name AS name_1, asset_active_1.uri AS uri_1, dag_1.dag_id, dag_1.is_paused, dag_1
00:28:53.800|20074|idle in transaction||INSERT INTO task_instance (id, task_id, dag_id, run_id, map_index, try_number, max_tries, hostname, unixname, pool, pool_slots, queue, priority_weight, operator, custom_operator_name, executor_config,
00:28:53.800|23673|active||autovacuum: VACUUM ANALYZE public.dag_run
00:28:54.372|20074|idle in transaction|Client|SELECT max(log_template.id) AS max_1 FROM log_template
00:28:54.935|20074|idle in transaction|Client|SELECT max(log_template.id) AS max_1 FROM log_template
00:28:55.506|20074|idle in transaction|Client|SELECT max(log_template.id) AS max_1 FROM log_template
00:28:56.083|20046|idle in transaction|Client|SELECT dag.dag_id, dag.is_stale, dag.relative_fileloc FROM dag WHERE dag.bundle_name = 'dags-folder'
00:28:56.083|20074|idle in transaction|Client|SELECT task_instance.id, task_instance.task_id, task_instance.dag_id, task_instance.run_id, task_instance.map_index, task_instance.start_date, task_instance.end_date, task_instance.duration, task_inst
00:28:56.676|20074|idle in transaction|Client|SELECT dag_version.id, dag_version.version_number, dag_version.dag_id, dag_version.bundle_name, dag_version.bundle_version, dag_version.version_data, dag_version.created_at, dag_version.last_updated F
00:28:57.246|20074|idle in transaction|Client|SELECT dag_version.id, dag_version.version_number, dag_version.dag_id, dag_version.bundle_name, dag_version.bundle_version, dag_version.version_data, dag_version.created_at, dag_version.last_updated F
00:28:57.246|15180|active||select count(*) from dagrun_asset_event x join dag_run r on r.id=x.dag_run_id where r.dag_id='bench_partition_consumer'
00:28:57.825|20074|idle in transaction|Client|SELECT dag.dag_id AS dag_dag_id, dag.is_paused AS dag_is_paused, dag.is_stale AS dag_is_stale, dag.exceeds_max_non_backfill AS dag_exceeds_max_non_backfill, dag.last_parsed_time AS dag_last_parsed_tim
00:28:58.416|20074|idle in transaction|Client|UPDATE task_instance SET start_date='2026-09-30T00:28:58.330306+00:00'::timestamptz, end_date='2026-09-30T00:28:58.330308+00:00'::timestamptz, duration=0, state='success', try_number=(task_instance.tr
00:28:58.985|20074|idle in transaction|Client|SELECT dag_version.id, dag_version.version_number, dag_version.dag_id, dag_version.bundle_name, dag_version.bundle_version, dag_version.version_data, dag_version.created_at, dag_version.last_updated F
00:28:59.560|20074|idle in transaction|Client|SELECT task_instance.id, task_instance.task_id, task_instance.dag_id, task_instance.run_id, task_instance.map_index, task_instance.start_date, task_instance.end_date, task_instance.duration, task_inst
00:29:00.122|20074|active||SELECT task_instance.id, task_instance.task_id, task_instance.dag_id, task_instance.run_id, task_instance.map_index, task_instance.start_date, task_instance.end_date, task_instance.duration, task_inst
00:29:00.690|8775|idle in transaction|Client|SELECT dag.dag_id, dag.is_paused, dag.is_stale, dag.exceeds_max_non_backfill, dag.last_parsed_time, dag.last_parse_duration, dag.last_expired, dag.fileloc, dag.relative_fileloc, dag.bundle_name, dag.b
00:29:01.281|20074|active||SELECT dag_run.id, dag_run.dag_id, dag_run.queued_at, dag_run.logical_date, dag_run.start_date, dag_run.end_date, dag_run.state, dag_run.run_id, dag_run.creating_job_id, dag_run.run_type, dag_run.trig
00:29:01.281|8775|idle in transaction|Client|INSERT INTO asset_event (asset_id, extra, source_task_id, source_dag_id, source_run_id, source_map_index, timestamp, partition_key) VALUES (1, '{}'::JSON, 'emit', 'bench_partition_producer', 'part_100
00:29:01.860|20074|idle in transaction|Client|SELECT dag.dag_id AS dag_dag_id, dag.is_paused AS dag_is_paused, dag.is_stale AS dag_is_stale, dag.exceeds_max_non_backfill AS dag_exceeds_max_non_backfill, dag.last_parsed_time AS dag_last_parsed_tim
00:29:01.860|8775|active||SELECT asset_partition_dag_run.id, asset_partition_dag_run.target_dag_id, asset_partition_dag_run.created_dag_run_id, asset_partition_dag_run.partition_key, asset_partition_dag_run.partition_date, ass
00:29:02.436|20074|active||UPDATE dag_run SET last_scheduling_decision='2026-09-30T00:29:02.188039+00:00'::timestamptz, updated_at='2026-09-30T00:29:02.224226+00:00'::timestamptz, scheduled_by_job_id=1 WHERE dag_run.id = 52302
00:29:02.436|8775|idle in transaction|Client|INSERT INTO asset_event (asset_id, extra, source_task_id, source_dag_id, source_run_id, source_map_index, timestamp, partition_key) VALUES (1, '{}'::JSON, 'emit', 'bench_partition_producer', 'part_100
00:29:03.008|8775|active||SELECT asset_partition_dag_run.id, asset_partition_dag_run.target_dag_id, asset_partition_dag_run.created_dag_run_id, asset_partition_dag_run.partition_key, asset_partition_dag_run.partition_date, ass
00:29:03.607|20074|active||SELECT dag_run.id, dag_run.dag_id, dag_run.queued_at, dag_run.logical_date, dag_run.start_date, dag_run.end_date, dag_run.state, dag_run.run_id, dag_run.creating_job_id, dag_run.run_type, dag_run.trig
00:29:03.607|8775|idle in transaction||SELECT dag.dag_id, dag.is_paused, dag.is_stale, dag.exceeds_max_non_backfill, dag.last_parsed_time, dag.last_parse_duration, dag.last_expired, dag.fileloc, dag.relative_fileloc, dag.bundle_name, dag.b
00:29:04.174|20074|idle in transaction|Client|SELECT dag_version.id, dag_version.version_number, dag_version.dag_id, dag_version.bundle_name, dag_version.bundle_version, dag_version.version_data, dag_version.created_at, dag_version.last_updated F
00:29:04.174|8775|idle in transaction|Client|SELECT dag.dag_id, dag.is_paused, dag.is_stale, dag.exceeds_max_non_backfill, dag.last_parsed_time, dag.last_parse_duration, dag.last_expired, dag.fileloc, dag.relative_fileloc, dag.bundle_name, dag.b
00:29:04.741|20074|idle in transaction|Client|UPDATE dag_run SET last_scheduling_decision='2026-09-30T00:29:03.871266+00:00'::timestamptz, updated_at='2026-09-30T00:29:04.632429+00:00'::timestamptz, scheduled_by_job_id=1 WHERE dag_run.id = 52352
00:29:04.741|8775|idle in transaction||SELECT asset.id, asset.name, asset.uri, asset."group", asset.extra, asset.created_at, asset.updated_at FROM asset WHERE asset.id = 1
00:29:05.324|8775|idle in transaction|Client|SELECT asset.id, asset.name, asset.uri, asset."group", asset.extra, asset.created_at, asset.updated_at, asset_active_1.name AS name_1, asset_active_1.uri AS uri_1, dag_1.dag_id, dag_1.is_paused, dag_1
00:29:05.895|20074|idle in transaction|Client|SELECT task_instance.id, task_instance.task_id, task_instance.dag_id, task_instance.run_id, task_instance.map_index, task_instance.start_date, task_instance.end_date, task_instance.duration, task_inst
00:29:05.895|8775|active||SELECT asset_partition_dag_run.id, asset_partition_dag_run.target_dag_id, asset_partition_dag_run.created_dag_run_id, asset_partition_dag_run.partition_key, asset_partition_dag_run.partition_date, ass
00:29:06.455|20074|idle in transaction|Client|SELECT task_instance.dag_version_id FROM task_instance WHERE task_instance.dag_id = 'bench_partition_consumer' AND task_instance.dag_version_id = '01a0efa2-2565-7f80-a0a2-753ce7d9a46b'::uuid::UUID AND
00:29:07.022|20074|idle in transaction|Client|SELECT dag_version.id, dag_version.version_number, dag_version.dag_id, dag_version.bundle_name, dag_version.bundle_version, dag_version.version_data, dag_version.created_at, dag_version.last_updated F
00:29:07.626|20074|idle in transaction|Client|SELECT dag_version.id, dag_version.version_number, dag_version.dag_id, dag_version.bundle_name, dag_version.bundle_version, dag_version.version_data, dag_version.created_at, dag_version.last_updated F
00:29:08.199|20074|active||SELECT task_instance.id, task_instance.task_id, task_instance.dag_id, task_instance.run_id, task_instance.map_index, task_instance.start_date, task_instance.end_date, task_instance.duration, task_inst
00:29:08.199|21625|idle in transaction|Client|SELECT xcom.dag_run_id, xcom.task_id, xcom.map_index, xcom.key, xcom.dag_result, xcom.dag_id, xcom.run_id, xcom.value, xcom.timestamp, dag_run_1.id, dag_run_1.dag_id AS dag_id_1, dag_run_1.queued_at, 
00:29:08.767|20074|idle in transaction|Client|SELECT task_instance.id, task_instance.task_id, task_instance.dag_id, task_instance.run_id, task_instance.map_index, task_instance.start_date, task_instance.end_date, task_instance.duration, task_inst
00:29:08.767|8478|active||SELECT asset_partition_dag_run.id, asset_partition_dag_run.target_dag_id, asset_partition_dag_run.created_dag_run_id, asset_partition_dag_run.partition_key, asset_partition_dag_run.partition_date, ass
00:29:09.331|20074|idle in transaction|Client|INSERT INTO dagrun_asset_event (dag_run_id, event_id) VALUES (56362, 56355)
00:29:09.331|8478|idle in transaction|Client|SELECT dag.dag_id, dag.is_paused, dag.is_stale, dag.exceeds_max_non_backfill, dag.last_parsed_time, dag.last_parse_duration, dag.last_expired, dag.fileloc, dag.relative_fileloc, dag.bundle_name, dag.b
00:29:09.895|20074|idle in transaction|Client|INSERT INTO task_instance (id, task_id, dag_id, run_id, map_index, try_number, max_tries, hostname, unixname, pool, pool_slots, queue, priority_weight, operator, custom_operator_name, executor_config,
00:29:09.895|8478|active||SELECT asset.id, asset.name, asset.uri, asset."group", asset.extra, asset.created_at, asset.updated_at, asset_active_1.name AS name_1, asset_active_1.uri AS uri_1, dag_1.dag_id, dag_1.is_paused, dag_1
00:29:10.452|20074|idle in transaction|Client|SELECT dag_version.id, dag_version.version_number, dag_version.dag_id, dag_version.bundle_name, dag_version.bundle_version, dag_version.version_data, dag_version.created_at, dag_version.last_updated F
00:29:10.452|8478|active||SELECT asset.id, asset.name, asset.uri, asset."group", asset.extra, asset.created_at, asset.updated_at, asset_active_1.name AS name_1, asset_active_1.uri AS uri_1, dag_1.dag_id, dag_1.is_paused, dag_1
00:29:11.016|20074|idle in transaction|Client|SELECT task_instance.id, task_instance.task_id, task_instance.dag_id, task_instance.run_id, task_instance.map_index, task_instance.start_date, task_instance.end_date, task_instance.duration, task_inst
00:29:11.016|8478|idle in transaction|Client|SELECT dag.dag_id, dag.is_paused, dag.is_stale, dag.exceeds_max_non_backfill, dag.last_parsed_time, dag.last_parse_duration, dag.last_expired, dag.fileloc, dag.relative_fileloc, dag.bundle_name, dag.b
00:29:11.604|20074|idle in transaction|Client|SELECT task_instance.id, task_instance.task_id, task_instance.dag_id, task_instance.run_id, task_instance.map_index, task_instance.start_date, task_instance.end_date, task_instance.duration, task_inst
00:29:11.604|8478|idle in transaction|Client|INSERT INTO asset_partition_dag_run (target_dag_id, created_dag_run_id, partition_key, partition_date, rollup_fingerprint, created_at, updated_at) VALUES ('bench_partition_consumer', NULL, 'ACCT000456
00:29:12.172|8478|idle in transaction|Client|SELECT dag.dag_id, dag.is_paused, dag.is_stale, dag.exceeds_max_non_backfill, dag.last_parsed_time, dag.last_parse_duration, dag.last_expired, dag.fileloc, dag.relative_fileloc, dag.bundle_name, dag.b
00:29:12.735|20074|active||SELECT dag_run.id, dag_run.dag_id, dag_run.queued_at, dag_run.logical_date, dag_run.start_date, dag_run.end_date, dag_run.state, dag_run.run_id, dag_run.creating_job_id, dag_run.run_type, dag_run.trig
00:29:12.735|8478|idle in transaction|Client|SELECT asset.id, asset.name, asset.uri, asset."group", asset.extra, asset.created_at, asset.updated_at, asset_active_1.name AS name_1, asset_active_1.uri AS uri_1, dag_1.dag_id, dag_1.is_paused, dag_1
00:29:13.296|20074|idle in transaction|Client|SELECT dag_version.id, dag_version.version_number, dag_version.dag_id, dag_version.bundle_name, dag_version.bundle_version, dag_version.version_data, dag_version.created_at, dag_version.last_updated F
00:29:13.296|8478|idle in transaction|Client|INSERT INTO partitioned_asset_key_log (asset_id, asset_event_id, asset_partition_dag_run_id, source_partition_key, target_dag_id, target_partition_key, created_at) VALUES (1, 56928, 56928, 'ACCT000458
00:29:13.864|20074|idle in transaction|Client|SELECT dag_version.id, dag_version.version_number, dag_version.dag_id, dag_version.bundle_name, dag_version.bundle_version, dag_version.version_data, dag_version.created_at, dag_version.last_updated F
00:29:13.864|8478|active||SELECT asset_partition_dag_run.id, asset_partition_dag_run.target_dag_id, asset_partition_dag_run.created_dag_run_id, asset_partition_dag_run.partition_key, asset_partition_dag_run.partition_date, ass
00:29:15.075|20074|idle in transaction|Client|INSERT INTO dagrun_asset_event (dag_run_id, event_id) VALUES (56573, 56566)
00:29:15.691|20074|idle in transaction|Client|INSERT INTO dagrun_asset_event (dag_run_id, event_id) VALUES (56635, 56628)
00:29:16.287|20074|idle in transaction|Client|SELECT task_instance.id, task_instance.task_id, task_instance.dag_id, task_instance.run_id, task_instance.map_index, task_instance.start_date, task_instance.end_date, task_instance.duration, task_inst
00:29:16.868|20074|idle in transaction|Client|SELECT dag_version.id, dag_version.version_number, dag_version.dag_id, dag_version.bundle_name, dag_version.bundle_version, dag_version.version_data, dag_version.created_at, dag_version.last_updated F
00:29:17.456|20074|idle in transaction|Client|UPDATE asset_partition_dag_run SET created_dag_run_id=56822, updated_at='2026-09-30T00:29:17.370109+00:00'::timestamptz WHERE asset_partition_dag_run.id = 56815
00:29:18.017|20074|idle in transaction|Client|SELECT task_instance.id, task_instance.task_id, task_instance.dag_id, task_instance.run_id, task_instance.map_index, task_instance.start_date, task_instance.end_date, task_instance.duration, task_inst
00:29:18.602|20074|idle in transaction|Client|INSERT INTO task_instance (id, task_id, dag_id, run_id, map_index, try_number, max_tries, hostname, unixname, pool, pool_slots, queue, priority_weight, operator, custom_operator_name, executor_config,
00:29:19.170|20074|active||SELECT dag_run.id, dag_run.dag_id, dag_run.queued_at, dag_run.logical_date, dag_run.start_date, dag_run.end_date, dag_run.state, dag_run.run_id, dag_run.creating_job_id, dag_run.run_type, dag_run.trig
00:29:19.766|20046|idle in transaction|Client|SELECT callback.id, callback.type, callback.fetch_method, callback.data, callback.bundle_name, callback.state, callback.output, callback.priority_weight, callback.created_at, callback.trigger_id FROM 
00:29:19.766|20074|idle in transaction|Client|SELECT task_instance.id, task_instance.task_id, task_instance.dag_id, task_instance.run_id, task_instance.map_index, task_instance.start_date, task_instance.end_date, task_instance.duration, task_inst
00:29:20.386|20074|idle in transaction||UPDATE task_instance SET start_date='2026-09-30T00:29:20.299021+00:00'::timestamptz, end_date='2026-09-30T00:29:20.299023+00:00'::timestamptz, duration=0, state='success', try_number=(task_instance.tr
00:29:20.956|20074|idle in transaction|Client|UPDATE dag_run SET last_scheduling_decision='2026-09-30T00:29:20.497576+00:00'::timestamptz, updated_at='2026-09-30T00:29:20.768808+00:00'::timestamptz, scheduled_by_job_id=1 WHERE dag_run.id = 53281
00:29:21.541|20074|idle in transaction|Client|SELECT dag.dag_id AS dag_dag_id, dag.is_paused AS dag_is_paused, dag.is_stale AS dag_is_stale, dag.exceeds_max_non_backfill AS dag_exceeds_max_non_backfill, dag.last_parsed_time AS dag_last_parsed_tim
00:29:22.113|20074|active||SELECT task_instance.id, task_instance.task_id, task_instance.dag_id, task_instance.run_id, task_instance.map_index, task_instance.start_date, task_instance.end_date, task_instance.duration, task_inst
00:29:22.678|20074|idle in transaction|Client|SELECT dag_version.id, dag_version.version_number, dag_version.dag_id, dag_version.bundle_name, dag_version.bundle_version, dag_version.version_data, dag_version.created_at, dag_version.last_updated F
00:29:22.678|21625|idle in transaction|Client|INSERT INTO asset_partition_dag_run (target_dag_id, created_dag_run_id, partition_key, partition_date, rollup_fingerprint, created_at, updated_at) VALUES ('bench_partition_consumer', NULL, 'ACCT000462
00:29:23.287|20074|active||SELECT dag_run.dag_id, dag_run.backfill_id, count(dag_run.id) AS num_running FROM dag_run WHERE dag_run.state = 'running' GROUP BY dag_run.dag_id, dag_run.backfill_id
00:29:23.287|21625|idle in transaction||SELECT asset.id, asset.name, asset.uri, asset."group", asset.extra, asset.created_at, asset.updated_at FROM asset WHERE asset.id = 1
00:29:23.859|20074|idle in transaction|Client|SELECT dag.dag_id AS dag_dag_id, dag.is_paused AS dag_is_paused, dag.is_stale AS dag_is_stale, dag.exceeds_max_non_backfill AS dag_exceeds_max_non_backfill, dag.last_parsed_time AS dag_last_parsed_tim
00:29:23.859|21625|active||SELECT asset_partition_dag_run.id, asset_partition_dag_run.target_dag_id, asset_partition_dag_run.created_dag_run_id, asset_partition_dag_run.partition_key, asset_partition_dag_run.partition_date, ass
00:29:24.425|20074|idle in transaction|Client|SELECT dag.dag_id AS dag_dag_id, dag.is_paused AS dag_is_paused, dag.is_stale AS dag_is_stale, dag.exceeds_max_non_backfill AS dag_exceeds_max_non_backfill, dag.last_parsed_time AS dag_last_parsed_tim
00:29:24.425|21625|idle in transaction|Client|SELECT dag.dag_id, dag.is_paused, dag.is_stale, dag.exceeds_max_non_backfill, dag.last_parsed_time, dag.last_parse_duration, dag.last_expired, dag.fileloc, dag.relative_fileloc, dag.bundle_name, dag.b
00:29:24.987|21625|active||SELECT asset_partition_dag_run.id, asset_partition_dag_run.target_dag_id, asset_partition_dag_run.created_dag_run_id, asset_partition_dag_run.partition_key, asset_partition_dag_run.partition_date, ass
00:29:25.557|20074|idle in transaction||UPDATE dag_run SET start_date='2026-09-30T00:29:25.359302+00:00'::timestamptz, state='running', updated_at='2026-09-30T00:29:25.427315+00:00'::timestamptz WHERE dag_run.id = 53795
00:29:25.557|21625|idle in transaction|Client|SELECT dag.dag_id, dag.is_paused, dag.is_stale, dag.exceeds_max_non_backfill, dag.last_parsed_time, dag.last_parse_duration, dag.last_expired, dag.fileloc, dag.relative_fileloc, dag.bundle_name, dag.b
00:29:26.132|20074|idle in transaction|Client|SELECT task_instance.id, task_instance.task_id, task_instance.dag_id, task_instance.run_id, task_instance.map_index, task_instance.start_date, task_instance.end_date, task_instance.duration, task_inst
00:29:26.132|21625|active||SELECT asset_partition_dag_run.id, asset_partition_dag_run.target_dag_id, asset_partition_dag_run.created_dag_run_id, asset_partition_dag_run.partition_key, asset_partition_dag_run.partition_date, ass
00:29:26.698|20074|idle in transaction|Client|SELECT task_instance.id, task_instance.task_id, task_instance.dag_id, task_instance.run_id, task_instance.map_index, task_instance.start_date, task_instance.end_date, task_instance.duration, task_inst
00:29:26.698|21625|idle in transaction|Client|SELECT asset.id, asset.name, asset.uri, asset."group", asset.extra, asset.created_at, asset.updated_at FROM asset WHERE asset.id = 1
00:29:27.257|21625|active||SELECT asset_partition_dag_run.id, asset_partition_dag_run.target_dag_id, asset_partition_dag_run.created_dag_run_id, asset_partition_dag_run.partition_key, asset_partition_dag_run.partition_date, ass
00:29:27.822|20074|active||SELECT dag_run.id, dag_run.dag_id, dag_run.queued_at, dag_run.logical_date, dag_run.start_date, dag_run.end_date, dag_run.state, dag_run.run_id, dag_run.creating_job_id, dag_run.run_type, dag_run.trig
00:29:27.822|21625|active||SELECT asset_partition_dag_run.id, asset_partition_dag_run.target_dag_id, asset_partition_dag_run.created_dag_run_id, asset_partition_dag_run.partition_key, asset_partition_dag_run.partition_date, ass
00:29:28.380|20074|idle in transaction|Client|SELECT dag_version.id, dag_version.version_number, dag_version.dag_id, dag_version.bundle_name, dag_version.bundle_version, dag_version.version_data, dag_version.created_at, dag_version.last_updated F
00:29:28.945|20074|active|Client|SELECT task_instance.id, task_instance.task_id, task_instance.dag_id, task_instance.run_id, task_instance.map_index, task_instance.start_date, task_instance.end_date, task_instance.duration, task_inst
00:29:29.520|20074|active||INSERT INTO task_instance (id, task_id, dag_id, run_id, map_index, try_number, max_tries, hostname, unixname, pool, pool_slots, queue, priority_weight, operator, custom_operator_name, executor_config,
00:29:30.117|20074|idle in transaction|Client|SELECT task_instance.id, task_instance.task_id, task_instance.dag_id, task_instance.run_id, task_instance.map_index, task_instance.start_date, task_instance.end_date, task_instance.duration, task_inst
00:29:30.700|20074|idle in transaction|Client|SELECT task_instance.id, task_instance.task_id, task_instance.dag_id, task_instance.run_id, task_instance.map_index, task_instance.start_date, task_instance.end_date, task_instance.duration, task_inst
00:29:30.700|8860|active||SELECT asset_partition_dag_run.id, asset_partition_dag_run.target_dag_id, asset_partition_dag_run.created_dag_run_id, asset_partition_dag_run.partition_key, asset_partition_dag_run.partition_date, ass
00:29:31.266|20074|idle in transaction|Client|SELECT asset_event.id, asset_event.asset_id, asset_event.extra, asset_event.source_task_id, asset_event.source_dag_id, asset_event.source_run_id, asset_event.source_map_index, asset_event.timestamp, a
00:29:31.266|8860|active||SELECT asset_partition_dag_run.id, asset_partition_dag_run.target_dag_id, asset_partition_dag_run.created_dag_run_id, asset_partition_dag_run.partition_key, asset_partition_dag_run.partition_date, ass
00:29:31.843|20074|idle in transaction|Client|INSERT INTO dagrun_asset_event (dag_run_id, event_id) VALUES (57417, 57410)
00:29:31.843|8860|idle in transaction|Client|SELECT serialized_dag.id, serialized_dag.dag_id, serialized_dag.data, serialized_dag.data_compressed, serialized_dag.created_at, serialized_dag.last_updated, serialized_dag.dag_hash, serialized_dag.da
00:29:32.419|20074|idle in transaction|Client|INSERT INTO task_instance (id, task_id, dag_id, run_id, map_index, try_number, max_tries, hostname, unixname, pool, pool_slots, queue, priority_weight, operator, custom_operator_name, executor_config,
00:29:32.419|8860|active||SELECT asset_partition_dag_run.id, asset_partition_dag_run.target_dag_id, asset_partition_dag_run.created_dag_run_id, asset_partition_dag_run.partition_key, asset_partition_dag_run.partition_date, ass
00:29:32.992|20074|active||SELECT task_instance.id, task_instance.task_id, task_instance.dag_id, task_instance.run_id, task_instance.map_index, task_instance.start_date, task_instance.end_date, task_instance.duration, task_inst
00:29:32.992|8860|idle in transaction|Client|SELECT asset_partition_dag_run.id, asset_partition_dag_run.target_dag_id, asset_partition_dag_run.created_dag_run_id, asset_partition_dag_run.partition_key, asset_partition_dag_run.partition_date, ass
00:29:33.580|20074|idle in transaction|Client|UPDATE task_instance SET start_date='2026-09-30T00:29:33.492967+00:00'::timestamptz, end_date='2026-09-30T00:29:33.492968+00:00'::timestamptz, duration=0, state='success', try_number=(task_instance.tr
00:29:33.580|8860|idle in transaction|Client|SELECT asset.id FROM asset WHERE asset.id = 1 FOR NO KEY UPDATE
00:29:34.145|20074|active||SELECT task_instance.id, task_instance.task_id, task_instance.dag_id, task_instance.run_id, task_instance.map_index, task_instance.start_date, task_instance.end_date, task_instance.duration, task_inst
00:29:34.145|8860|idle in transaction|Client|SELECT asset.id, asset.name, asset.uri, asset."group", asset.extra, asset.created_at, asset.updated_at FROM asset WHERE asset.id = 1
00:29:34.719|20074|active||SELECT dag_run.id, dag_run.dag_id, dag_run.queued_at, dag_run.logical_date, dag_run.start_date, dag_run.end_date, dag_run.state, dag_run.run_id, dag_run.creating_job_id, dag_run.run_type, dag_run.trig
00:29:34.719|8860|active||SELECT asset_partition_dag_run.id, asset_partition_dag_run.target_dag_id, asset_partition_dag_run.created_dag_run_id, asset_partition_dag_run.partition_key, asset_partition_dag_run.partition_date, ass
00:29:35.291|20074|idle in transaction|Client|SELECT dag_version.id, dag_version.version_number, dag_version.dag_id, dag_version.bundle_name, dag_version.bundle_version, dag_version.version_data, dag_version.created_at, dag_version.last_updated F
00:29:35.291|8860|active||SELECT asset_partition_dag_run.id, asset_partition_dag_run.target_dag_id, asset_partition_dag_run.created_dag_run_id, asset_partition_dag_run.partition_key, asset_partition_dag_run.partition_date, ass
00:29:35.881|20074|idle in transaction|Client|SELECT dag_version.id, dag_version.version_number, dag_version.dag_id, dag_version.bundle_name, dag_version.bundle_version, dag_version.version_data, dag_version.created_at, dag_version.last_updated F
00:29:35.881|8860|active||SELECT asset_partition_dag_run.id, asset_partition_dag_run.target_dag_id, asset_partition_dag_run.created_dag_run_id, asset_partition_dag_run.partition_key, asset_partition_dag_run.partition_date, ass
00:29:36.470|8860|idle in transaction|Client|SELECT serialized_dag.id, serialized_dag.dag_id, serialized_dag.data, serialized_dag.data_compressed, serialized_dag.created_at, serialized_dag.last_updated, serialized_dag.dag_hash, serialized_dag.da
00:29:37.065|20074|idle in transaction|Client|SELECT asset_event.id, asset_event.asset_id, asset_event.extra, asset_event.source_task_id, asset_event.source_dag_id, asset_event.source_run_id, asset_event.source_map_index, asset_event.timestamp, a
00:29:37.664|20074|idle in transaction|Client|INSERT INTO dagrun_asset_event (dag_run_id, event_id) VALUES (57571, 57564)
00:29:38.268|20074|active||INSERT INTO task_instance (id, task_id, dag_id, run_id, map_index, try_number, max_tries, hostname, unixname, pool, pool_slots, queue, priority_weight, operator, custom_operator_name, executor_config,
00:29:38.832|20074|idle in transaction|Client|UPDATE asset_partition_dag_run SET created_dag_run_id=57713, updated_at='2026-09-30T00:29:38.744445+00:00'::timestamptz WHERE asset_partition_dag_run.id = 57706
00:29:39.416|20074|idle in transaction|Client|UPDATE asset_partition_dag_run SET created_dag_run_id=57778, updated_at='2026-09-30T00:29:39.327941+00:00'::timestamptz WHERE asset_partition_dag_run.id = 57771
00:29:40.020|20074|idle in transaction|Client|INSERT INTO dag_run (dag_id, queued_at, logical_date, start_date, end_date, state, run_id, creating_job_id, run_type, triggered_by, triggering_user_name, conf, data_interval_start, data_interval_end, 
00:29:40.607|20074|idle in transaction|Client|SELECT asset_event.id, asset_event.asset_id, asset_event.extra, asset_event.source_task_id, asset_event.source_dag_id, asset_event.source_run_id, asset_event.source_map_index, asset_event.timestamp, a
00:29:41.214|20074|idle in transaction|Client|INSERT INTO dagrun_asset_event (dag_run_id, event_id) VALUES (57947, 57940)
00:29:41.818|20074|active||SELECT asset_dag_run_queue.asset_id, asset_dag_run_queue.target_dag_id, asset_dag_run_queue.created_at, asset_1.id, asset_1.name, asset_1.uri, asset_1."group", asset_1.extra, asset_1.created_at AS cre
00:29:42.392|20074|active||SELECT task_instance.id, task_instance.task_id, task_instance.dag_id, task_instance.run_id, task_instance.map_index, task_instance.start_date, task_instance.end_date, task_instance.duration, task_inst
00:29:42.975|20074|active||SELECT task_instance.dag_version_id FROM task_instance WHERE task_instance.dag_id = 'bench_partition_consumer' AND task_instance.dag_version_id = '01a0efa2-2565-7f80-a0a2-753ce7d9a46b'::uuid::UUID AND
00:29:43.549|20074|idle in transaction||UPDATE dag_run SET last_scheduling_decision='2026-09-30T00:29:42.539497+00:00'::timestamptz, updated_at='2026-09-30T00:29:43.416162+00:00'::timestamptz, scheduled_by_job_id=1 WHERE dag_run.id = 54593
00:29:43.549|15180|active||select count(*) from task_instance where dag_id='bench_partition_consumer'
00:29:44.138|20074|idle in transaction|Client|SELECT dag.dag_id AS dag_dag_id, dag.is_paused AS dag_is_paused, dag.is_stale AS dag_is_stale, dag.exceeds_max_non_backfill AS dag_exceeds_max_non_backfill, dag.last_parsed_time AS dag_last_parsed_tim
00:29:44.706|20074|idle in transaction|Client|SELECT task_instance.id, task_instance.task_id, task_instance.dag_id, task_instance.run_id, task_instance.map_index, task_instance.start_date, task_instance.end_date, task_instance.duration, task_inst
00:29:45.274|20074|active||SELECT dag_version.id, dag_version.version_number, dag_version.dag_id, dag_version.bundle_name, dag_version.bundle_version, dag_version.version_data, dag_version.created_at, dag_version.last_updated F
00:29:45.274|5014|idle in transaction|Client|SELECT asset.id, asset.name, asset.uri, asset."group", asset.extra, asset.created_at, asset.updated_at, asset_active_1.name AS name_1, asset_active_1.uri AS uri_1, dag_1.dag_id, dag_1.is_paused, dag_1
00:29:45.840|20074|active||SELECT dag_run.id, dag_run.dag_id, dag_run.queued_at, dag_run.logical_date, dag_run.start_date, dag_run.end_date, dag_run.state, dag_run.run_id, dag_run.creating_job_id, dag_run.run_type, dag_run.trig
00:29:45.840|5014|active||SELECT asset_partition_dag_run.id, asset_partition_dag_run.target_dag_id, asset_partition_dag_run.created_dag_run_id, asset_partition_dag_run.partition_key, asset_partition_dag_run.partition_date, ass
00:29:46.411|20074|idle in transaction||SELECT dag_version.id, dag_version.version_number, dag_version.dag_id, dag_version.bundle_name, dag_version.bundle_version, dag_version.version_data, dag_version.created_at, dag_version.last_updated F
00:29:46.411|5014|idle in transaction|Client|SELECT asset_partition_dag_run.id, asset_partition_dag_run.target_dag_id, asset_partition_dag_run.created_dag_run_id, asset_partition_dag_run.partition_key, asset_partition_dag_run.partition_date, ass
00:29:46.974|20074|idle in transaction|Client|UPDATE task_instance SET start_date='2026-09-30T00:29:46.885943+00:00'::timestamptz, end_date='2026-09-30T00:29:46.885944+00:00'::timestamptz, duration=0, state='success', try_number=(task_instance.tr
00:29:46.974|5014|idle in transaction|Client|INSERT INTO asset_event (asset_id, extra, source_task_id, source_dag_id, source_run_id, source_map_index, timestamp, partition_key) VALUES (1, '{}'::JSON, 'emit', 'bench_partition_producer', 'part_100
00:29:47.544|5014|idle in transaction|Client|SELECT asset.id, asset.name, asset.uri, asset."group", asset.extra, asset.created_at, asset.updated_at, asset_active_1.name AS name_1, asset_active_1.uri AS uri_1, dag_1.dag_id, dag_1.is_paused, dag_1
00:29:48.123|20074|idle in transaction|Client|UPDATE dag_run SET start_date='2026-09-30T00:29:47.920582+00:00'::timestamptz, state='running', updated_at='2026-09-30T00:29:47.996087+00:00'::timestamptz WHERE dag_run.id = 55180
00:29:48.123|5014|idle in transaction|Client|SELECT asset.id FROM asset WHERE asset.id = 1 FOR NO KEY UPDATE
00:29:48.730|20074|idle in transaction|Client|SELECT task_instance.dag_version_id FROM task_instance WHERE task_instance.dag_id = 'bench_partition_consumer' AND task_instance.dag_version_id = '01a0efa2-2565-7f80-a0a2-753ce7d9a46b'::uuid::UUID AND
00:29:48.730|5014|idle in transaction|Client|INSERT INTO partitioned_asset_key_log (asset_id, asset_event_id, asset_partition_dag_run_id, source_partition_key, target_dag_id, target_partition_key, created_at) VALUES (1, 58312, 58312, 'ACCT000472
00:29:49.294|20074|idle in transaction|Client|SELECT task_instance.dag_version_id FROM task_instance WHERE task_instance.dag_id = 'bench_partition_consumer' AND task_instance.dag_version_id = '01a0efa2-2565-7f80-a0a2-753ce7d9a46b'::uuid::UUID AND
00:29:49.294|5014|active||SELECT asset_partition_dag_run.id, asset_partition_dag_run.target_dag_id, asset_partition_dag_run.created_dag_run_id, asset_partition_dag_run.partition_key, asset_partition_dag_run.partition_date, ass
00:29:49.853|5014|idle in transaction|Client|INSERT INTO asset_partition_dag_run (target_dag_id, created_dag_run_id, partition_key, partition_date, rollup_fingerprint, created_at, updated_at) VALUES ('bench_partition_consumer', NULL, 'ACCT000474
00:29:50.427|20074|active||SELECT dag_run.id, dag_run.dag_id, dag_run.queued_at, dag_run.logical_date, dag_run.start_date, dag_run.end_date, dag_run.state, dag_run.run_id, dag_run.creating_job_id, dag_run.run_type, dag_run.trig
00:29:50.427|5014|idle in transaction|Client|SELECT serialized_dag.id, serialized_dag.dag_id, serialized_dag.data, serialized_dag.data_compressed, serialized_dag.created_at, serialized_dag.last_updated, serialized_dag.dag_hash, serialized_dag.da
00:29:50.990|20074|idle in transaction|Client|UPDATE task_instance SET start_date='2026-09-30T00:29:50.901054+00:00'::timestamptz, end_date='2026-09-30T00:29:50.901055+00:00'::timestamptz, duration=0, state='success', try_number=(task_instance.tr
00:29:51.546|20074|idle in transaction|Client|SELECT dag_version.id, dag_version.version_number, dag_version.dag_id, dag_version.bundle_name, dag_version.bundle_version, dag_version.version_data, dag_version.created_at, dag_version.last_updated F
00:29:52.111|20074|idle in transaction|Client|UPDATE asset_partition_dag_run SET created_dag_run_id=58068, updated_at='2026-09-30T00:29:52.023010+00:00'::timestamptz WHERE asset_partition_dag_run.id = 58061
00:29:52.690|20074|idle in transaction|Client|UPDATE asset_partition_dag_run SET created_dag_run_id=58163, updated_at='2026-09-30T00:29:52.602361+00:00'::timestamptz WHERE asset_partition_dag_run.id = 58156
00:29:53.259|20074|idle in transaction|Client|SELECT dag_version.id, dag_version.version_number, dag_version.dag_id, dag_version.bundle_name, dag_version.bundle_version, dag_version.version_data, dag_version.created_at, dag_version.last_updated F
00:29:53.259|8696|idle in transaction|Client|INSERT INTO asset_partition_dag_run (target_dag_id, created_dag_run_id, partition_key, partition_date, rollup_fingerprint, created_at, updated_at) VALUES ('bench_partition_consumer', NULL, 'ACCT000478
00:29:53.847|20074|idle in transaction|Client|INSERT INTO dagrun_asset_event (dag_run_id, event_id) VALUES (58333, 58326)
00:29:53.847|15180|active||select count(*) from dagrun_asset_event x join dag_run r on r.id=x.dag_run_id where r.dag_id='bench_partition_consumer'
00:29:53.847|8696|active||SELECT asset_partition_dag_run.id, asset_partition_dag_run.target_dag_id, asset_partition_dag_run.created_dag_run_id, asset_partition_dag_run.partition_key, asset_partition_dag_run.partition_date, ass
00:29:53.847|24421|active|Timeout|autovacuum: ANALYZE public.dag_run
00:29:54.413|20074|idle in transaction|Client|SELECT dag.bundle_version FROM dag WHERE dag.dag_id = 'bench_partition_consumer'
00:29:54.413|8696|active||SELECT asset_partition_dag_run.id, asset_partition_dag_run.target_dag_id, asset_partition_dag_run.created_dag_run_id, asset_partition_dag_run.partition_key, asset_partition_dag_run.partition_date, ass
00:29:54.413|24421|active||autovacuum: VACUUM ANALYZE public.asset_partition_dag_run
00:29:54.977|20074|idle in transaction|Client|SELECT dag_version.id, dag_version.version_number, dag_version.dag_id, dag_version.bundle_name, dag_version.bundle_version, dag_version.version_data, dag_version.created_at, dag_version.last_updated F
00:29:54.977|8696|idle in transaction|Client|SELECT asset_alias.id, asset_alias.name, asset_alias."group" FROM asset_alias WHERE asset_alias.name IN (NULL) AND (1 != 1)
00:29:54.977|24421|active|Timeout|autovacuum: VACUUM ANALYZE public.task_instance
00:29:55.550|20074|active||SELECT task_instance.dag_version_id FROM task_instance WHERE task_instance.dag_id = 'bench_partition_consumer' AND task_instance.dag_version_id = '01a0efa2-2565-7f80-a0a2-753ce7d9a46b'::uuid::UUID AND
00:29:55.550|8696|idle in transaction||SELECT dag.dag_id, dag.is_paused, dag.is_stale, dag.exceeds_max_non_backfill, dag.last_parsed_time, dag.last_parse_duration, dag.last_expired, dag.fileloc, dag.relative_fileloc, dag.bundle_name, dag.b
00:29:55.550|24421|active|Timeout|autovacuum: VACUUM ANALYZE public.task_instance
00:29:56.133|20074|idle in transaction|Client|SELECT dag_version.id, dag_version.version_number, dag_version.dag_id, dag_version.bundle_name, dag_version.bundle_version, dag_version.version_data, dag_version.created_at, dag_version.last_updated F
00:29:56.133|8696|idle in transaction|Client|SELECT serialized_dag.id, serialized_dag.dag_id, serialized_dag.data, serialized_dag.data_compressed, serialized_dag.created_at, serialized_dag.last_updated, serialized_dag.dag_hash, serialized_dag.da
00:29:56.133|24421|active||autovacuum: VACUUM ANALYZE public.task_instance
00:29:56.698|20074|idle in transaction|Client|SELECT dag_version.id, dag_version.version_number, dag_version.dag_id, dag_version.bundle_name, dag_version.bundle_version, dag_version.version_data, dag_version.created_at, dag_version.last_updated F
00:29:56.698|8696|active||SELECT asset_partition_dag_run.id, asset_partition_dag_run.target_dag_id, asset_partition_dag_run.created_dag_run_id, asset_partition_dag_run.partition_key, asset_partition_dag_run.partition_date, ass
00:29:57.265|8696|active||SELECT asset_partition_dag_run.id, asset_partition_dag_run.target_dag_id, asset_partition_dag_run.created_dag_run_id, asset_partition_dag_run.partition_key, asset_partition_dag_run.partition_date, ass
00:29:57.831|20074|idle in transaction|Client|SELECT task_instance.id, task_instance.task_id, task_instance.dag_id, task_instance.run_id, task_instance.map_index, task_instance.start_date, task_instance.end_date, task_instance.duration, task_inst
00:29:57.831|8696|idle in transaction|Client|INSERT INTO partitioned_asset_key_log (asset_id, asset_event_id, asset_partition_dag_run_id, source_partition_key, target_dag_id, target_partition_key, created_at) VALUES (1, 58897, 58897, 'ACCT000479
00:29:58.406|20074|idle in transaction|Client|SELECT dag_version.id, dag_version.version_number, dag_version.dag_id, dag_version.bundle_name, dag_version.bundle_version, dag_version.version_data, dag_version.created_at, dag_version.last_updated F
00:29:58.406|8696|active||SELECT asset_partition_dag_run.id, asset_partition_dag_run.target_dag_id, asset_partition_dag_run.created_dag_run_id, asset_partition_dag_run.partition_key, asset_partition_dag_run.partition_date, ass
00:29:59.003|8696|active||SELECT asset_partition_dag_run.id, asset_partition_dag_run.target_dag_id, asset_partition_dag_run.created_dag_run_id, asset_partition_dag_run.partition_key, asset_partition_dag_run.partition_date, ass
00:29:59.003|8775|active|Lock|SELECT task_instance.state, task_instance.try_number, task_instance.max_tries, task_instance.dag_id, task_instance.task_id, task_instance.run_id, task_instance.map_index, task_instance.hostname, dag_r
00:29:59.562|20074|idle in transaction|Client|SELECT dag.bundle_version FROM dag WHERE dag.dag_id = 'bench_partition_consumer'
00:30:00.135|20074|idle in transaction|Client|SELECT task_instance.id, task_instance.task_id, task_instance.dag_id, task_instance.run_id, task_instance.map_index, task_instance.start_date, task_instance.end_date, task_instance.duration, task_inst
00:30:00.721|20074|idle in transaction|Client|SELECT max(log_template.id) AS max_1 FROM log_template
00:30:01.305|20074|idle in transaction|Client|INSERT INTO task_instance (id, task_id, dag_id, run_id, map_index, try_number, max_tries, hostname, unixname, pool, pool_slots, queue, priority_weight, operator, custom_operator_name, executor_config,
00:30:01.912|20074|idle in transaction|Client|INSERT INTO dagrun_asset_event (dag_run_id, event_id) VALUES (58835, 58828)
00:30:02.514|20074|idle in transaction|Client|SELECT task_instance.id, task_instance.task_id, task_instance.dag_id, task_instance.run_id, task_instance.map_index, task_instance.start_date, task_instance.end_date, task_instance.duration, task_inst
00:30:03.072|20074|idle in transaction|Client|INSERT INTO dag_run (dag_id, queued_at, logical_date, start_date, end_date, state, run_id, creating_job_id, run_type, triggered_by, triggering_user_name, conf, data_interval_start, data_interval_end, 
00:30:03.639|20074|active||SELECT dag_run.id, dag_run.dag_id, dag_run.queued_at, dag_run.logical_date, dag_run.start_date, dag_run.end_date, dag_run.state, dag_run.run_id, dag_run.creating_job_id, dag_run.run_type, dag_run.trig
00:30:04.210|20074|idle in transaction|Client|SELECT task_instance.dag_version_id FROM task_instance WHERE task_instance.dag_id = 'bench_partition_consumer' AND task_instance.dag_version_id = '01a0efa2-2565-7f80-a0a2-753ce7d9a46b'::uuid::UUID AND
00:30:04.776|20074|active||UPDATE dag_run SET last_scheduling_decision='2026-09-30T00:30:03.790228+00:00'::timestamptz, updated_at='2026-09-30T00:30:04.672221+00:00'::timestamptz, scheduled_by_job_id=1 WHERE dag_run.id = 55943
00:30:05.346|20074|idle in transaction|Client|SELECT dag_run.id, dag_run.dag_id, dag_run.queued_at, dag_run.logical_date, dag_run.start_date, dag_run.end_date, dag_run.state, dag_run.run_id, dag_run.creating_job_id, dag_run.run_type, dag_run.trig
00:30:05.910|20074|idle in transaction|Client|SELECT dag_version.id, dag_version.version_number, dag_version.dag_id, dag_version.bundle_name, dag_version.bundle_version, dag_version.version_data, dag_version.created_at, dag_version.last_updated F
00:30:06.495|8379|idle in transaction|Client|SELECT asset_partition_dag_run.id, asset_partition_dag_run.target_dag_id, asset_partition_dag_run.created_dag_run_id, asset_partition_dag_run.partition_key, asset_partition_dag_run.partition_date, ass
00:30:07.064|20074|idle in transaction|Client|SELECT dag_version.id, dag_version.version_number, dag_version.dag_id, dag_version.bundle_name, dag_version.bundle_version, dag_version.version_data, dag_version.created_at, dag_version.last_updated F
00:30:07.064|8379|idle in transaction||INSERT INTO asset_partition_dag_run (target_dag_id, created_dag_run_id, partition_key, partition_date, rollup_fingerprint, created_at, updated_at) VALUES ('bench_partition_consumer', NULL, 'ACCT000481
00:30:07.649|20074|idle in transaction|Client|UPDATE task_instance SET start_date='2026-09-30T00:30:07.560626+00:00'::timestamptz, end_date='2026-09-30T00:30:07.560627+00:00'::timestamptz, duration=0, state='success', try_number=(task_instance.tr
00:30:07.649|8379|active||SELECT asset_partition_dag_run.id, asset_partition_dag_run.target_dag_id, asset_partition_dag_run.created_dag_run_id, asset_partition_dag_run.partition_key, asset_partition_dag_run.partition_date, ass
00:30:08.216|20074|active|Client|SELECT task_instance.dag_version_id FROM task_instance WHERE task_instance.dag_id = 'bench_partition_consumer' AND task_instance.dag_version_id = '01a0efa2-2565-7f80-a0a2-753ce7d9a46b'::uuid::UUID AND
00:30:08.216|8379|active||SELECT asset_partition_dag_run.id, asset_partition_dag_run.target_dag_id, asset_partition_dag_run.created_dag_run_id, asset_partition_dag_run.partition_key, asset_partition_dag_run.partition_date, ass
00:30:08.781|8379|active||SELECT asset_partition_dag_run.id, asset_partition_dag_run.target_dag_id, asset_partition_dag_run.created_dag_run_id, asset_partition_dag_run.partition_key, asset_partition_dag_run.partition_date, ass
00:30:09.354|20074|idle in transaction|Client|SELECT task_instance.id, task_instance.task_id, task_instance.dag_id, task_instance.run_id, task_instance.map_index, task_instance.start_date, task_instance.end_date, task_instance.duration, task_inst
00:30:09.354|8379|idle in transaction|Client|SELECT asset_partition_dag_run.id, asset_partition_dag_run.target_dag_id, asset_partition_dag_run.created_dag_run_id, asset_partition_dag_run.partition_key, asset_partition_dag_run.partition_date, ass
00:30:09.926|20074|idle in transaction|Client|SELECT task_instance.dag_version_id FROM task_instance WHERE task_instance.dag_id = 'bench_partition_consumer' AND task_instance.dag_version_id = '01a0efa2-2565-7f80-a0a2-753ce7d9a46b'::uuid::UUID AND
00:30:09.926|8379|active||SELECT asset.id, asset.name, asset.uri, asset."group", asset.extra, asset.created_at, asset.updated_at, asset_active_1.name AS name_1, asset_active_1.uri AS uri_1, dag_1.dag_id, dag_1.is_paused, dag_1
00:30:10.497|20074|idle in transaction|Client|SELECT dag.dag_id AS dag_dag_id, dag.is_paused AS dag_is_paused, dag.is_stale AS dag_is_stale, dag.exceeds_max_non_backfill AS dag_exceeds_max_non_backfill, dag.last_parsed_time AS dag_last_parsed_tim
00:30:10.497|8379|idle in transaction|Client|SELECT asset.id FROM asset WHERE asset.id = 1 FOR NO KEY UPDATE
00:30:11.079|20074|active||SELECT dag_run.id, dag_run.dag_id, dag_run.queued_at, dag_run.logical_date, dag_run.start_date, dag_run.end_date, dag_run.state, dag_run.run_id, dag_run.creating_job_id, dag_run.run_type, dag_run.trig
00:30:11.079|8379|idle in transaction||SELECT asset_alias.id, asset_alias.name, asset_alias."group" FROM asset_alias WHERE asset_alias.name IN (NULL) AND (1 != 1)
00:30:11.659|20074|idle in transaction|Client|SELECT dag_version.id, dag_version.version_number, dag_version.dag_id, dag_version.bundle_name, dag_version.bundle_version, dag_version.version_data, dag_version.created_at, dag_version.last_updated F
00:30:11.659|8379|idle in transaction|Client|SELECT asset.id, asset.name, asset.uri, asset."group", asset.extra, asset.created_at, asset.updated_at, asset_active_1.name AS name_1, asset_active_1.uri AS uri_1, dag_1.dag_id, dag_1.is_paused, dag_1
00:30:12.223|20074|idle in transaction|Client|SELECT dag_version.id, dag_version.version_number, dag_version.dag_id, dag_version.bundle_name, dag_version.bundle_version, dag_version.version_data, dag_version.created_at, dag_version.last_updated F
00:30:12.795|20074|idle in transaction|Client|SELECT dag_version.id, dag_version.version_number, dag_version.dag_id, dag_version.bundle_name, dag_version.bundle_version, dag_version.version_data, dag_version.created_at, dag_version.last_updated F
00:30:13.384|20074|idle in transaction|Client|SELECT asset_event.id, asset_event.asset_id, asset_event.extra, asset_event.source_task_id, asset_event.source_dag_id, asset_event.source_run_id, asset_event.source_map_index, asset_event.timestamp, a
00:30:13.960|20074|idle in transaction|Client|SELECT task_instance.id, task_instance.task_id, task_instance.dag_id, task_instance.run_id, task_instance.map_index, task_instance.start_date, task_instance.end_date, task_instance.duration, task_inst
00:30:13.960|9080|idle in transaction|Client|SELECT task_instance.id AS task_instance_id, task_instance.task_id AS task_instance_task_id, task_instance.dag_id AS task_instance_dag_id, task_instance.run_id AS task_instance_run_id, task_instance.m
00:30:14.538|20074|idle in transaction|Client|INSERT INTO task_instance (id, task_id, dag_id, run_id, map_index, try_number, max_tries, hostname, unixname, pool, pool_slots, queue, priority_weight, operator, custom_operator_name, executor_config,
00:30:14.538|9080|idle in transaction|Client|SELECT asset.id, asset.name, asset.uri, asset."group", asset.extra, asset.created_at, asset.updated_at FROM asset WHERE asset.id = 1
00:30:15.115|20046|active||SELECT 1
00:30:15.115|20074|idle in transaction||INSERT INTO dag_run (dag_id, queued_at, logical_date, start_date, end_date, state, run_id, creating_job_id, run_type, triggered_by, triggering_user_name, conf, data_interval_start, data_interval_end, 
00:30:15.115|9080|idle in transaction|Client|SELECT serialized_dag.id, serialized_dag.dag_id, serialized_dag.data, serialized_dag.data_compressed, serialized_dag.created_at, serialized_dag.last_updated, serialized_dag.dag_hash, serialized_dag.da
00:30:15.694|20074|idle in transaction|Client|SELECT asset_event.id, asset_event.asset_id, asset_event.extra, asset_event.source_task_id, asset_event.source_dag_id, asset_event.source_run_id, asset_event.source_map_index, asset_event.timestamp, a
00:30:15.694|9080|active||SELECT asset_partition_dag_run.id, asset_partition_dag_run.target_dag_id, asset_partition_dag_run.created_dag_run_id, asset_partition_dag_run.partition_key, asset_partition_dag_run.partition_date, ass
00:30:16.263|20074|active||SELECT dag_run.id, dag_run.dag_id, dag_run.queued_at, dag_run.logical_date, dag_run.start_date, dag_run.end_date, dag_run.state, dag_run.run_id, dag_run.creating_job_id, dag_run.run_type, dag_run.trig
00:30:16.263|9080|idle in transaction|Client|SELECT asset.id, asset.name, asset.uri, asset."group", asset.extra, asset.created_at, asset.updated_at FROM asset WHERE asset.id = 1
00:30:16.830|20074|idle in transaction|Client|SELECT task_instance.dag_version_id FROM task_instance WHERE task_instance.dag_id = 'bench_partition_consumer' AND task_instance.dag_version_id = '01a0efa2-2565-7f80-a0a2-753ce7d9a46b'::uuid::UUID AND
00:30:16.830|9080|idle in transaction|Client|SELECT serialized_dag.id, serialized_dag.dag_id, serialized_dag.data, serialized_dag.data_compressed, serialized_dag.created_at, serialized_dag.last_updated, serialized_dag.dag_hash, serialized_dag.da
00:30:17.389|20074|idle in transaction|Client|SELECT dag_version.id, dag_version.version_number, dag_version.dag_id, dag_version.bundle_name, dag_version.bundle_version, dag_version.version_data, dag_version.created_at, dag_version.last_updated F
00:30:17.389|9080|idle in transaction|Client|INSERT INTO asset_partition_dag_run (target_dag_id, created_dag_run_id, partition_key, partition_date, rollup_fingerprint, created_at, updated_at) VALUES ('bench_partition_consumer', NULL, 'ACCT000486
00:30:17.968|20074|idle in transaction|Client|SELECT dag.dag_id, dag.is_paused, dag.is_stale, dag.exceeds_max_non_backfill, dag.last_parsed_time, dag.last_parse_duration, dag.last_expired, dag.fileloc, dag.relative_fileloc, dag.bundle_name, dag.b
00:30:17.968|9080|idle in transaction|Client|SELECT asset.id, asset.name, asset.uri, asset."group", asset.extra, asset.created_at, asset.updated_at, asset_active_1.name AS name_1, asset_active_1.uri AS uri_1, dag_1.dag_id, dag_1.is_paused, dag_1
00:30:18.530|20074|idle in transaction|Client|SELECT dag.dag_id AS dag_dag_id, dag.is_paused AS dag_is_paused, dag.is_stale AS dag_is_stale, dag.exceeds_max_non_backfill AS dag_exceeds_max_non_backfill, dag.last_parsed_time AS dag_last_parsed_tim
00:30:18.530|9080|active||SELECT asset_partition_dag_run.id, asset_partition_dag_run.target_dag_id, asset_partition_dag_run.created_dag_run_id, asset_partition_dag_run.partition_key, asset_partition_dag_run.partition_date, ass
00:30:19.090|20074|idle in transaction|Client|SELECT dag_version.id, dag_version.version_number, dag_version.dag_id, dag_version.bundle_name, dag_version.bundle_version, dag_version.version_data, dag_version.created_at, dag_version.last_updated F
00:30:19.090|9080|idle in transaction|Client|SELECT asset_alias.id, asset_alias.name, asset_alias."group" FROM asset_alias WHERE asset_alias.name IN (NULL) AND (1 != 1)
00:30:19.657|9080|idle in transaction|Client|INSERT INTO asset_event (asset_id, extra, source_task_id, source_dag_id, source_run_id, source_map_index, timestamp, partition_key) VALUES (1, '{}'::JSON, 'emit', 'bench_partition_producer', 'part_100
00:30:20.222|20074|active|Client|INSERT INTO task_instance (id, task_id, dag_id, run_id, map_index, try_number, max_tries, hostname, unixname, pool, pool_slots, queue, priority_weight, operator, custom_operator_name, executor_config,
00:30:20.795|20074|idle in transaction|Client|INSERT INTO dag_run (dag_id, queued_at, logical_date, start_date, end_date, state, run_id, creating_job_id, run_type, triggered_by, triggering_user_name, conf, data_interval_start, data_interval_end, 
00:30:21.400|20074|idle in transaction|Client|INSERT INTO dagrun_asset_event (dag_run_id, event_id) VALUES (59677, 59670)
00:30:22.000|20074|idle in transaction|Client|SELECT max(log_template.id) AS max_1 FROM log_template
00:30:22.584|20074|idle in transaction|Client|INSERT INTO dagrun_asset_event (dag_run_id, event_id) VALUES (59807, 59800)
00:30:23.199|20074|idle in transaction|Client|SELECT asset_event.id, asset_event.asset_id, asset_event.extra, asset_event.source_task_id, asset_event.source_dag_id, asset_event.source_run_id, asset_event.source_map_index, asset_event.timestamp, a
00:30:23.795|20074|idle in transaction|Client|SELECT max(log_template.id) AS max_1 FROM log_template
00:30:24.405|20074|active||INSERT INTO dag_run (dag_id, queued_at, logical_date, start_date, end_date, state, run_id, creating_job_id, run_type, triggered_by, triggering_user_name, conf, data_interval_start, data_interval_end, 
00:30:24.968|20074|active||SELECT dag_run.id, dag_run.dag_id, dag_run.queued_at, dag_run.logical_date, dag_run.start_date, dag_run.end_date, dag_run.state, dag_run.run_id, dag_run.creating_job_id, dag_run.run_type, dag_run.trig
00:30:25.539|20074|idle in transaction|Client|SELECT dag_version.id, dag_version.version_number, dag_version.dag_id, dag_version.bundle_name, dag_version.bundle_version, dag_version.version_data, dag_version.created_at, dag_version.last_updated F
00:30:26.164|20074|idle in transaction|Client|SELECT dag.dag_id AS dag_dag_id, dag.is_paused AS dag_is_paused, dag.is_stale AS dag_is_stale, dag.exceeds_max_non_backfill AS dag_exceeds_max_non_backfill, dag.last_parsed_time AS dag_last_parsed_tim
00:30:26.755|20074|active||SELECT dag_run.dag_id, dag_run.backfill_id, count(dag_run.id) AS num_running FROM dag_run WHERE dag_run.state = 'running' GROUP BY dag_run.dag_id, dag_run.backfill_id
00:30:27.342|20074|idle in transaction|Client|SELECT task_instance.dag_version_id FROM task_instance WHERE task_instance.dag_id = 'bench_partition_consumer' AND task_instance.dag_version_id = '01a0efa2-2565-7f80-a0a2-753ce7d9a46b'::uuid::UUID AND
00:30:27.923|20074|active|Client|SELECT task_instance.id, task_instance.task_id, task_instance.dag_id, task_instance.run_id, task_instance.map_index, task_instance.start_date, task_instance.end_date, task_instance.duration, task_inst
00:30:28.494|20046|idle in transaction|Client|UPDATE job SET latest_heartbeat='2026-09-30T00:30:23.352718+00:00'::timestamptz WHERE job.id = 2
00:30:28.494|5014|idle in transaction|Client|SELECT serialized_dag.id, serialized_dag.dag_id, serialized_dag.data, serialized_dag.data_compressed, serialized_dag.created_at, serialized_dag.last_updated, serialized_dag.dag_hash, serialized_dag.da
00:30:29.065|20074|active||SELECT dag_run.id, dag_run.dag_id, dag_run.queued_at, dag_run.logical_date, dag_run.start_date, dag_run.end_date, dag_run.state, dag_run.run_id, dag_run.creating_job_id, dag_run.run_type, dag_run.trig
00:30:29.065|5014|idle in transaction|Client|SELECT asset.id FROM asset WHERE asset.id = 1 FOR NO KEY UPDATE
00:30:29.634|20074|idle in transaction|Client|SELECT dag_version.id, dag_version.version_number, dag_version.dag_id, dag_version.bundle_name, dag_version.bundle_version, dag_version.version_data, dag_version.created_at, dag_version.last_updated F
00:30:29.634|5014|idle in transaction|Client|SELECT asset_alias.id, asset_alias.name, asset_alias."group" FROM asset_alias WHERE asset_alias.name IN (NULL) AND (1 != 1)
00:30:29.634|15180|active||select count(*) from dag_run where dag_id='bench_partition_consumer'
00:30:30.206|20074|idle in transaction|Client|SELECT dag_version.id, dag_version.version_number, dag_version.dag_id, dag_version.bundle_name, dag_version.bundle_version, dag_version.version_data, dag_version.created_at, dag_version.last_updated F
00:30:30.206|5014|active||SELECT asset_partition_dag_run.id, asset_partition_dag_run.target_dag_id, asset_partition_dag_run.created_dag_run_id, asset_partition_dag_run.partition_key, asset_partition_dag_run.partition_date, ass
00:30:30.768|5014|idle in transaction|Client|SELECT asset_alias.id, asset_alias.name, asset_alias."group" FROM asset_alias WHERE asset_alias.name IN (NULL) AND (1 != 1)
00:30:31.336|20074|idle in transaction|Client|SELECT task_instance.id, task_instance.task_id, task_instance.dag_id, task_instance.run_id, task_instance.map_index, task_instance.start_date, task_instance.end_date, task_instance.duration, task_inst
00:30:31.336|5014|active||INSERT INTO asset_event (asset_id, extra, source_task_id, source_dag_id, source_run_id, source_map_index, timestamp, partition_key) VALUES (1, '{}'::JSON, 'emit', 'bench_partition_producer', 'part_100
00:30:31.902|20074|idle in transaction|Client|SELECT dag_version.id, dag_version.version_number, dag_version.dag_id, dag_version.bundle_name, dag_version.bundle_version, dag_version.version_data, dag_version.created_at, dag_version.last_updated F
00:30:31.902|5014|idle in transaction|Client|INSERT INTO partitioned_asset_key_log (asset_id, asset_event_id, asset_partition_dag_run_id, source_partition_key, target_dag_id, target_partition_key, created_at) VALUES (1, 60334, 60334, 'ACCT000492
00:30:32.598|20074|active||SELECT dag_run.dag_id, dag_run.backfill_id, count(dag_run.id) AS num_running FROM dag_run WHERE dag_run.state = 'running' GROUP BY dag_run.dag_id, dag_run.backfill_id
00:30:32.598|5014|idle in transaction|Client|SELECT asset.id, asset.name, asset.uri, asset."group", asset.extra, asset.created_at, asset.updated_at FROM asset WHERE asset.id = 1
00:30:33.175|20074|idle in transaction|Client|SELECT dag.dag_id AS dag_dag_id, dag.is_paused AS dag_is_paused, dag.is_stale AS dag_is_stale, dag.exceeds_max_non_backfill AS dag_exceeds_max_non_backfill, dag.last_parsed_time AS dag_last_parsed_tim
00:30:33.175|5014|idle in transaction|Client|SELECT serialized_dag.id, serialized_dag.dag_id, serialized_dag.data, serialized_dag.data_compressed, serialized_dag.created_at, serialized_dag.last_updated, serialized_dag.dag_hash, serialized_dag.da
00:30:33.756|20074|idle in transaction|Client|UPDATE task_instance SET start_date='2026-09-30T00:30:33.665374+00:00'::timestamptz, end_date='2026-09-30T00:30:33.665375+00:00'::timestamptz, duration=0, state='success', try_number=(task_instance.tr
00:30:33.756|5014|idle in transaction|Client|INSERT INTO asset_event (asset_id, extra, source_task_id, source_dag_id, source_run_id, source_map_index, timestamp, partition_key) VALUES (1, '{}'::JSON, 'emit', 'bench_partition_producer', 'part_100
00:30:34.333|20074|idle in transaction|Client|INSERT INTO task_instance (id, task_id, dag_id, run_id, map_index, try_number, max_tries, hostname, unixname, pool, pool_slots, queue, priority_weight, operator, custom_operator_name, executor_config,
00:30:34.901|20074|idle in transaction|Client|SELECT dag_version.id, dag_version.version_number, dag_version.dag_id, dag_version.bundle_name, dag_version.bundle_version, dag_version.version_data, dag_version.created_at, dag_version.last_updated F
00:30:35.490|20074|idle in transaction|Client|INSERT INTO dag_run (dag_id, queued_at, logical_date, start_date, end_date, state, run_id, creating_job_id, run_type, triggered_by, triggering_user_name, conf, data_interval_start, data_interval_end, 
00:30:35.490|5014|idle in transaction|Client|SELECT task_instance.id AS task_instance_id, task_instance.task_id AS task_instance_task_id, task_instance.dag_id AS task_instance_dag_id, task_instance.run_id AS task_instance_run_id, task_instance.m
00:30:36.068|20074|idle in transaction|Client|SELECT task_instance.id, task_instance.task_id, task_instance.dag_id, task_instance.run_id, task_instance.map_index, task_instance.start_date, task_instance.end_date, task_instance.duration, task_inst
00:30:36.068|5014|idle in transaction|Client|SELECT asset.id FROM asset WHERE asset.id = 1 FOR NO KEY UPDATE
00:30:36.636|20074|idle in transaction|Client|SELECT max(log_template.id) AS max_1 FROM log_template
00:30:36.636|5014|active||SELECT asset_partition_dag_run.id, asset_partition_dag_run.target_dag_id, asset_partition_dag_run.created_dag_run_id, asset_partition_dag_run.partition_key, asset_partition_dag_run.partition_date, ass
00:30:37.203|20074|idle in transaction|Client|INSERT INTO task_instance (id, task_id, dag_id, run_id, map_index, try_number, max_tries, hostname, unixname, pool, pool_slots, queue, priority_weight, operator, custom_operator_name, executor_config,
00:30:37.203|5014|active||SELECT asset_partition_dag_run.id, asset_partition_dag_run.target_dag_id, asset_partition_dag_run.created_dag_run_id, asset_partition_dag_run.partition_key, asset_partition_dag_run.partition_date, ass
00:30:37.794|20074|active||SELECT dag_run.id, dag_run.dag_id, dag_run.queued_at, dag_run.logical_date, dag_run.start_date, dag_run.end_date, dag_run.state, dag_run.run_id, dag_run.creating_job_id, dag_run.run_type, dag_run.trig
00:30:37.794|5014|active||SELECT asset_partition_dag_run.id, asset_partition_dag_run.target_dag_id, asset_partition_dag_run.created_dag_run_id, asset_partition_dag_run.partition_key, asset_partition_dag_run.partition_date, ass
00:30:38.386|20074|idle in transaction|Client|SELECT dag.dag_id AS dag_dag_id, dag.is_paused AS dag_is_paused, dag.is_stale AS dag_is_stale, dag.exceeds_max_non_backfill AS dag_exceeds_max_non_backfill, dag.last_parsed_time AS dag_last_parsed_tim
00:30:38.386|5014|idle in transaction|Client|SELECT asset.id, asset.name, asset.uri, asset."group", asset.extra, asset.created_at, asset.updated_at, asset_active_1.name AS name_1, asset_active_1.uri AS uri_1, dag_1.dag_id, dag_1.is_paused, dag_1
00:30:38.955|20074|idle in transaction|Client|UPDATE dag_run SET last_scheduling_decision='2026-09-30T00:30:38.710191+00:00'::timestamptz, updated_at='2026-09-30T00:30:38.780926+00:00'::timestamptz, scheduled_by_job_id=1 WHERE dag_run.id = 58493
00:30:38.955|5014|active||SELECT asset_partition_dag_run.id, asset_partition_dag_run.target_dag_id, asset_partition_dag_run.created_dag_run_id, asset_partition_dag_run.partition_key, asset_partition_dag_run.partition_date, ass
00:30:39.520|5014|idle in transaction|Client|SELECT asset.id FROM asset WHERE asset.id = 1 FOR NO KEY UPDATE
00:30:40.085|20074|idle in transaction|Client|SELECT task_instance.dag_version_id FROM task_instance WHERE task_instance.dag_id = 'bench_partition_consumer' AND task_instance.dag_version_id = '01a0efa2-2565-7f80-a0a2-753ce7d9a46b'::uuid::UUID AND
00:30:40.085|5014|active||SELECT asset_partition_dag_run.id, asset_partition_dag_run.target_dag_id, asset_partition_dag_run.created_dag_run_id, asset_partition_dag_run.partition_key, asset_partition_dag_run.partition_date, ass
00:30:40.661|20074|active||SELECT task_instance.id, task_instance.task_id, task_instance.dag_id, task_instance.run_id, task_instance.map_index, task_instance.start_date, task_instance.end_date, task_instance.duration, task_inst
00:30:40.661|5014|idle in transaction|Client|SELECT asset.id, asset.name, asset.uri, asset."group", asset.extra, asset.created_at, asset.updated_at, asset_active_1.name AS name_1, asset_active_1.uri AS uri_1, dag_1.dag_id, dag_1.is_paused, dag_1
00:30:41.237|20074|idle in transaction|Client|SELECT dag_version.id, dag_version.version_number, dag_version.dag_id, dag_version.bundle_name, dag_version.bundle_version, dag_version.version_data, dag_version.created_at, dag_version.last_updated F
00:30:41.237|5014|idle in transaction|Client|SELECT asset.id, asset.name, asset.uri, asset."group", asset.extra, asset.created_at, asset.updated_at, asset_active_1.name AS name_1, asset_active_1.uri AS uri_1, dag_1.dag_id, dag_1.is_paused, dag_1
00:30:41.828|20074|idle in transaction|Client|SELECT asset_partition_dag_run.id, asset_partition_dag_run.target_dag_id, asset_partition_dag_run.created_dag_run_id, asset_partition_dag_run.partition_key, asset_partition_dag_run.partition_date, ass
00:30:42.418|20074|active||SELECT asset_event.id, asset_event.asset_id, asset_event.extra, asset_event.source_task_id, asset_event.source_dag_id, asset_event.source_run_id, asset_event.source_map_index, asset_event.timestamp, a
00:30:43.005|20074|idle in transaction|Client|SELECT dag_version.id, dag_version.version_number, dag_version.dag_id, dag_version.bundle_name, dag_version.bundle_version, dag_version.version_data, dag_version.created_at, dag_version.last_updated F
00:30:43.601|20074|idle in transaction|Client|INSERT INTO dagrun_asset_event (dag_run_id, event_id) VALUES (60743, 60736)
00:30:44.201|20074|idle in transaction|Client|SELECT task_instance.id, task_instance.task_id, task_instance.dag_id, task_instance.run_id, task_instance.map_index, task_instance.start_date, task_instance.end_date, task_instance.duration, task_inst
00:30:44.823|20074|idle in transaction|Client|SELECT asset_event.id, asset_event.asset_id, asset_event.extra, asset_event.source_task_id, asset_event.source_dag_id, asset_event.source_run_id, asset_event.source_map_index, asset_event.timestamp, a
00:30:45.382|20074|idle in transaction||SELECT asset_event.id, asset_event.asset_id, asset_event.extra, asset_event.source_task_id, asset_event.source_dag_id, asset_event.source_run_id, asset_event.source_map_index, asset_event.timestamp, a
00:30:45.946|20046|active||SELECT dag.dag_id, dag.is_paused, dag.is_stale, dag.exceeds_max_non_backfill, dag.last_parsed_time, dag.last_parse_duration, dag.last_expired, dag.fileloc, dag.relative_fileloc, dag.bundle_name, dag.b
00:30:45.946|20074|idle in transaction|Client|SELECT dag_version.id, dag_version.version_number, dag_version.dag_id, dag_version.bundle_name, dag_version.bundle_version, dag_version.version_data, dag_version.created_at, dag_version.last_updated F
00:30:46.506|20074|idle in transaction|Client|SELECT task_instance.dag_version_id FROM task_instance WHERE task_instance.dag_id = 'bench_partition_consumer' AND task_instance.dag_version_id = '01a0efa2-2565-7f80-a0a2-753ce7d9a46b'::uuid::UUID AND
00:30:47.072|20074|idle in transaction|Client|SELECT pg_try_advisory_xact_lock(2)
00:30:47.658|20074|idle in transaction|Client|SELECT dag_version.id, dag_version.version_number, dag_version.dag_id, dag_version.bundle_name, dag_version.bundle_version, dag_version.version_data, dag_version.created_at, dag_version.last_updated F
00:30:48.245|20074|idle in transaction|Client|SELECT task_instance.dag_version_id FROM task_instance WHERE task_instance.dag_id = 'bench_partition_consumer' AND task_instance.dag_version_id = '01a0efa2-2565-7f80-a0a2-753ce7d9a46b'::uuid::UUID AND
00:30:48.245|5113|idle in transaction|Client|SELECT xcom.dag_run_id, xcom.task_id, xcom.map_index, xcom.key, xcom.dag_result, xcom.dag_id, xcom.run_id, xcom.value, xcom.timestamp, dag_run_1.id, dag_run_1.dag_id AS dag_id_1, dag_run_1.queued_at, 
00:30:48.816|5014|active||SELECT asset_partition_dag_run.id, asset_partition_dag_run.target_dag_id, asset_partition_dag_run.created_dag_run_id, asset_partition_dag_run.partition_key, asset_partition_dag_run.partition_date, ass
00:30:49.391|20074|idle in transaction|Client|UPDATE dag_run SET start_date='2026-09-30T00:30:49.197846+00:00'::timestamptz, state='running', updated_at='2026-09-30T00:30:49.220923+00:00'::timestamptz WHERE dag_run.id = 59274
00:30:49.391|5014|active||SELECT asset_partition_dag_run.id, asset_partition_dag_run.target_dag_id, asset_partition_dag_run.created_dag_run_id, asset_partition_dag_run.partition_key, asset_partition_dag_run.partition_date, ass
00:30:49.971|20074|idle in transaction|Client|SELECT task_instance.id, task_instance.task_id, task_instance.dag_id, task_instance.run_id, task_instance.map_index, task_instance.start_date, task_instance.end_date, task_instance.duration, task_inst
00:30:49.971|5014|idle in transaction||SELECT serialized_dag.id, serialized_dag.dag_id, serialized_dag.data, serialized_dag.data_compressed, serialized_dag.created_at, serialized_dag.last_updated, serialized_dag.dag_hash, serialized_dag.da
00:30:50.544|20074|idle in transaction|Client|UPDATE dag_run SET last_scheduling_decision='2026-09-30T00:30:50.013201+00:00'::timestamptz, updated_at='2026-09-30T00:30:50.390604+00:00'::timestamptz, scheduled_by_job_id=1 WHERE dag_run.id = 59226
00:30:50.544|5014|idle in transaction||SELECT dag.dag_id, dag.is_paused, dag.is_stale, dag.exceeds_max_non_backfill, dag.last_parsed_time, dag.last_parse_duration, dag.last_expired, dag.fileloc, dag.relative_fileloc, dag.bundle_name, dag.b
00:30:51.114|5014|active||SELECT asset_partition_dag_run.id, asset_partition_dag_run.target_dag_id, asset_partition_dag_run.created_dag_run_id, asset_partition_dag_run.partition_key, asset_partition_dag_run.partition_date, ass
00:30:51.686|20074|idle in transaction|Client|SELECT dag_version.id, dag_version.version_number, dag_version.dag_id, dag_version.bundle_name, dag_version.bundle_version, dag_version.version_data, dag_version.created_at, dag_version.last_updated F
00:30:51.686|5014|active||SELECT asset_partition_dag_run.id, asset_partition_dag_run.target_dag_id, asset_partition_dag_run.created_dag_run_id, asset_partition_dag_run.partition_key, asset_partition_dag_run.partition_date, ass
00:30:52.248|20074|idle in transaction|Client|SELECT dag.dag_id AS dag_dag_id, dag.is_paused AS dag_is_paused, dag.is_stale AS dag_is_stale, dag.exceeds_max_non_backfill AS dag_exceeds_max_non_backfill, dag.last_parsed_time AS dag_last_parsed_tim
00:30:52.248|5014|idle in transaction|Client|SELECT asset.id, asset.name, asset.uri, asset."group", asset.extra, asset.created_at, asset.updated_at FROM asset WHERE asset.id = 1
00:30:52.806|5014|active||SELECT asset_partition_dag_run.id, asset_partition_dag_run.target_dag_id, asset_partition_dag_run.created_dag_run_id, asset_partition_dag_run.partition_key, asset_partition_dag_run.partition_date, ass
00:30:53.380|20074|idle in transaction|Client|SELECT dag_version.id, dag_version.version_number, dag_version.dag_id, dag_version.bundle_name, dag_version.bundle_version, dag_version.version_data, dag_version.created_at, dag_version.last_updated F
00:30:53.380|5014|active||SELECT asset_partition_dag_run.id, asset_partition_dag_run.target_dag_id, asset_partition_dag_run.created_dag_run_id, asset_partition_dag_run.partition_key, asset_partition_dag_run.partition_date, ass
00:30:53.945|20074|idle in transaction|Client|SELECT task_instance.id, task_instance.task_id, task_instance.dag_id, task_instance.run_id, task_instance.map_index, task_instance.start_date, task_instance.end_date, task_instance.duration, task_inst
00:30:53.945|5014|idle in transaction|Client|SELECT dag.dag_id, dag.is_paused, dag.is_stale, dag.exceeds_max_non_backfill, dag.last_parsed_time, dag.last_parse_duration, dag.last_expired, dag.fileloc, dag.relative_fileloc, dag.bundle_name, dag.b
00:30:53.945|25151|active|Timeout|autovacuum: VACUUM ANALYZE public.dag_run
00:30:54.516|20074|active||UPDATE task_instance SET start_date='2026-09-30T00:30:54.424839+00:00'::timestamptz, end_date='2026-09-30T00:30:54.424839+00:00'::timestamptz, duration=0, state='success', try_number=(task_instance.tr
00:30:55.119|20074|active||SELECT task_instance.id, task_instance.task_id, task_instance.dag_id, task_instance.run_id, task_instance.map_index, task_instance.start_date, task_instance.end_date, task_instance.duration, task_inst
00:30:55.699|20074|idle in transaction|Client|SELECT asset_event.id, asset_event.asset_id, asset_event.extra, asset_event.source_task_id, asset_event.source_dag_id, asset_event.source_run_id, asset_event.source_map_index, asset_event.timestamp, a
00:30:56.262|20046|idle in transaction|Client|SELECT callback.id, callback.type, callback.fetch_method, callback.data, callback.bundle_name, callback.state, callback.output, callback.priority_weight, callback.created_at, callback.trigger_id FROM 
00:30:56.262|20074|idle in transaction|Client|UPDATE asset_partition_dag_run SET created_dag_run_id=61195, updated_at='2026-09-30T00:30:56.170565+00:00'::timestamptz WHERE asset_partition_dag_run.id = 61188
00:30:56.835|20074|idle in transaction|Client|SELECT task_instance.id, task_instance.task_id, task_instance.dag_id, task_instance.run_id, task_instance.map_index, task_instance.start_date, task_instance.end_date, task_instance.duration, task_inst
00:30:56.835|8952|idle in transaction|Client|SELECT asset_partition_dag_run.id, asset_partition_dag_run.target_dag_id, asset_partition_dag_run.created_dag_run_id, asset_partition_dag_run.partition_key, asset_partition_dag_run.partition_date, ass
00:30:57.402|20074|idle in transaction|Client|INSERT INTO dag_run (dag_id, queued_at, logical_date, start_date, end_date, state, run_id, creating_job_id, run_type, triggered_by, triggering_user_name, conf, data_interval_start, data_interval_end, 
00:30:57.402|8952|idle in transaction|Client|INSERT INTO asset_partition_dag_run (target_dag_id, created_dag_run_id, partition_key, partition_date, rollup_fingerprint, created_at, updated_at) VALUES ('bench_partition_consumer', NULL, 'ACCT000505
00:30:57.963|20074|active||UPDATE asset_partition_dag_run SET created_dag_run_id=61452, updated_at='2026-09-30T00:30:57.871629+00:00'::timestamptz WHERE asset_partition_dag_run.id = 61445
00:30:57.963|8952|active||SELECT asset_partition_dag_run.id, asset_partition_dag_run.target_dag_id, asset_partition_dag_run.created_dag_run_id, asset_partition_dag_run.partition_key, asset_partition_dag_run.partition_date, ass
00:30:58.524|20074|idle in transaction||UPDATE dag_run SET start_date='2026-09-30T00:30:58.312620+00:00'::timestamptz, state='running', updated_at='2026-09-30T00:30:58.420308+00:00'::timestamptz WHERE dag_run.id = 59736
00:30:58.524|8952|idle in transaction|Client|SELECT asset.id FROM asset WHERE asset.id = 1 FOR NO KEY UPDATE
00:30:59.093|20074|idle in transaction|Client|SELECT task_instance.id, task_instance.task_id, task_instance.dag_id, task_instance.run_id, task_instance.map_index, task_instance.start_date, task_instance.end_date, task_instance.duration, task_inst
00:30:59.093|8952|active||SELECT asset_partition_dag_run.id, asset_partition_dag_run.target_dag_id, asset_partition_dag_run.created_dag_run_id, asset_partition_dag_run.partition_key, asset_partition_dag_run.partition_date, ass
00:30:59.655|20074|idle in transaction|Client|UPDATE task_instance SET start_date='2026-09-30T00:30:59.562754+00:00'::timestamptz, end_date='2026-09-30T00:30:59.562755+00:00'::timestamptz, duration=0, state='success', try_number=(task_instance.tr
00:30:59.655|8952|idle in transaction|Client|SELECT asset.id, asset.name, asset.uri, asset."group", asset.extra, asset.created_at, asset.updated_at FROM asset WHERE asset.id = 1
00:31:00.246|15180|active||select coalesce(state,'none'), count(*) from task_instance where dag_id='bench_partition_consumer' group by 1
00:31:00.246|8952|idle in transaction|Client|INSERT INTO asset_event (asset_id, extra, source_task_id, source_dag_id, source_run_id, source_map_index, timestamp, partition_key) VALUES (1, '{}'::JSON, 'emit', 'bench_partition_producer', 'part_100
00:31:00.834|20074|active||SELECT dag_run.id, dag_run.dag_id, dag_run.queued_at, dag_run.logical_date, dag_run.start_date, dag_run.end_date, dag_run.state, dag_run.run_id, dag_run.creating_job_id, dag_run.run_type, dag_run.trig
00:31:00.834|8952|idle in transaction|Client|SELECT asset.id, asset.name, asset.uri, asset."group", asset.extra, asset.created_at, asset.updated_at, asset_active_1.name AS name_1, asset_active_1.uri AS uri_1, dag_1.dag_id, dag_1.is_paused, dag_1
00:31:01.392|20074|idle in transaction|Client|SELECT task_instance.dag_version_id FROM task_instance WHERE task_instance.dag_id = 'bench_partition_consumer' AND task_instance.dag_version_id = '01a0efa2-2565-7f80-a0a2-753ce7d9a46b'::uuid::UUID AND
00:31:01.392|8952|idle in transaction|Client|SELECT asset.id, asset.name, asset.uri, asset."group", asset.extra, asset.created_at, asset.updated_at, asset_active_1.name AS name_1, asset_active_1.uri AS uri_1, dag_1.dag_id, dag_1.is_paused, dag_1
00:31:01.962|20074|idle in transaction|Client|SELECT dag_version.id, dag_version.version_number, dag_version.dag_id, dag_version.bundle_name, dag_version.bundle_version, dag_version.version_data, dag_version.created_at, dag_version.last_updated F
00:31:01.962|8952|idle in transaction|Client|SELECT asset_alias.id, asset_alias.name, asset_alias."group" FROM asset_alias WHERE asset_alias.name IN (NULL) AND (1 != 1)
00:31:03.158|20074|idle in transaction|Client|SELECT dag.bundle_version FROM dag WHERE dag.dag_id = 'bench_partition_consumer'
00:31:03.764|20074|idle in transaction|Client|SELECT asset_event.id, asset_event.asset_id, asset_event.extra, asset_event.source_task_id, asset_event.source_dag_id, asset_event.source_run_id, asset_event.source_map_index, asset_event.timestamp, a
00:31:04.368|20074|idle in transaction|Client|UPDATE asset_partition_dag_run SET created_dag_run_id=61671, updated_at='2026-09-30T00:31:04.276320+00:00'::timestamptz WHERE asset_partition_dag_run.id = 61664
00:31:04.932|20074|idle in transaction|Client|SELECT max(log_template.id) AS max_1 FROM log_template
00:31:05.557|20074|idle in transaction|Client|INSERT INTO dag_run (dag_id, queued_at, logical_date, start_date, end_date, state, run_id, creating_job_id, run_type, triggered_by, triggering_user_name, conf, data_interval_start, data_interval_end, 
00:31:06.134|20074|idle in transaction|Client|INSERT INTO task_instance (id, task_id, dag_id, run_id, map_index, try_number, max_tries, hostname, unixname, pool, pool_slots, queue, priority_weight, operator, custom_operator_name, executor_config,
00:31:06.697|20074|idle in transaction|Client|SELECT dag_version.id, dag_version.version_number, dag_version.dag_id, dag_version.bundle_name, dag_version.bundle_version, dag_version.version_data, dag_version.created_at, dag_version.last_updated F
00:31:07.260|20074|idle in transaction|Client|SELECT dag_version.id, dag_version.version_number, dag_version.dag_id, dag_version.bundle_name, dag_version.bundle_version, dag_version.version_data, dag_version.created_at, dag_version.last_updated F
00:31:07.868|20074|idle in transaction|Client|UPDATE task_instance SET start_date='2026-09-30T00:31:07.775922+00:00'::timestamptz, end_date='2026-09-30T00:31:07.775923+00:00'::timestamptz, duration=0, state='success', try_number=(task_instance.tr
00:31:08.477|20074|idle in transaction|Client|SELECT dag.dag_id AS dag_dag_id, dag.is_paused AS dag_is_paused, dag.is_stale AS dag_is_stale, dag.exceeds_max_non_backfill AS dag_exceeds_max_non_backfill, dag.last_parsed_time AS dag_last_parsed_tim
00:31:09.065|20074|active||SELECT asset_partition_dag_run.id, asset_partition_dag_run.target_dag_id, asset_partition_dag_run.created_dag_run_id, asset_partition_dag_run.partition_key, asset_partition_dag_run.partition_date, ass
00:31:09.679|20074|active||SELECT task_instance.id, task_instance.task_id, task_instance.dag_id, task_instance.run_id, task_instance.map_index, task_instance.start_date, task_instance.end_date, task_instance.duration, task_inst
00:31:10.253|20074|idle in transaction|Client|SELECT task_instance.dag_version_id FROM task_instance WHERE task_instance.dag_id = 'bench_partition_consumer' AND task_instance.dag_version_id = '01a0efa2-2565-7f80-a0a2-753ce7d9a46b'::uuid::UUID AND
00:31:10.831|5113|active||SELECT asset_partition_dag_run.id, asset_partition_dag_run.target_dag_id, asset_partition_dag_run.created_dag_run_id, asset_partition_dag_run.partition_key, asset_partition_dag_run.partition_date, ass
00:31:11.424|20074|active||SELECT dag_run.id, dag_run.dag_id, dag_run.queued_at, dag_run.logical_date, dag_run.start_date, dag_run.end_date, dag_run.state, dag_run.run_id, dag_run.creating_job_id, dag_run.run_type, dag_run.trig
00:31:11.424|5113|active||SELECT asset_partition_dag_run.id, asset_partition_dag_run.target_dag_id, asset_partition_dag_run.created_dag_run_id, asset_partition_dag_run.partition_key, asset_partition_dag_run.partition_date, ass
00:31:12.015|20074|active||SELECT dag_version.id, dag_version.version_number, dag_version.dag_id, dag_version.bundle_name, dag_version.bundle_version, dag_version.version_data, dag_version.created_at, dag_version.last_updated F
00:31:12.015|5113|active||SELECT asset_partition_dag_run.id, asset_partition_dag_run.target_dag_id, asset_partition_dag_run.created_dag_run_id, asset_partition_dag_run.partition_key, asset_partition_dag_run.partition_date, ass
00:31:12.591|20074|idle in transaction|Client|SELECT dag.dag_id AS dag_dag_id, dag.is_paused AS dag_is_paused, dag.is_stale AS dag_is_stale, dag.exceeds_max_non_backfill AS dag_exceeds_max_non_backfill, dag.last_parsed_time AS dag_last_parsed_tim
00:31:12.591|5113|active|Client|SELECT asset.id, asset.name, asset.uri, asset."group", asset.extra, asset.created_at, asset.updated_at, asset_active_1.name AS name_1, asset_active_1.uri AS uri_1, dag_1.dag_id, dag_1.is_paused, dag_1
00:31:13.173|5113|active||SELECT asset_partition_dag_run.id, asset_partition_dag_run.target_dag_id, asset_partition_dag_run.created_dag_run_id, asset_partition_dag_run.partition_key, asset_partition_dag_run.partition_date, ass
00:31:13.751|20074|active||UPDATE dag_run SET start_date='2026-09-30T00:31:13.537125+00:00'::timestamptz, state='running', updated_at='2026-09-30T00:31:13.642650+00:00'::timestamptz WHERE dag_run.id = 60740
00:31:13.751|5113|idle in transaction|Client|INSERT INTO partitioned_asset_key_log (asset_id, asset_event_id, asset_partition_dag_run_id, source_partition_key, target_dag_id, target_partition_key, created_at) VALUES (1, 62254, 62254, 'ACCT000512
00:31:14.326|20074|idle in transaction|Client|SELECT task_instance.dag_version_id FROM task_instance WHERE task_instance.dag_id = 'bench_partition_consumer' AND task_instance.dag_version_id = '01a0efa2-2565-7f80-a0a2-753ce7d9a46b'::uuid::UUID AND
00:31:14.326|5113|active||SELECT asset_partition_dag_run.id, asset_partition_dag_run.target_dag_id, asset_partition_dag_run.created_dag_run_id, asset_partition_dag_run.partition_key, asset_partition_dag_run.partition_date, ass
00:31:14.891|20074|idle in transaction|Client|SELECT dag_version.id, dag_version.version_number, dag_version.dag_id, dag_version.bundle_name, dag_version.bundle_version, dag_version.version_data, dag_version.created_at, dag_version.last_updated F
00:31:14.891|5113|idle in transaction|Client|INSERT INTO partitioned_asset_key_log (asset_id, asset_event_id, asset_partition_dag_run_id, source_partition_key, target_dag_id, target_partition_key, created_at) VALUES (1, 62346, 62346, 'ACCT000514
00:31:15.455|5113|active||SELECT asset.id, asset.name, asset.uri, asset."group", asset.extra, asset.created_at, asset.updated_at, asset_active_1.name AS name_1, asset_active_1.uri AS uri_1, dag_1.dag_id, dag_1.is_paused, dag_1
00:31:16.036|20074|active||SELECT dag_run.id, dag_run.dag_id, dag_run.queued_at, dag_run.logical_date, dag_run.start_date, dag_run.end_date, dag_run.state, dag_run.run_id, dag_run.creating_job_id, dag_run.run_type, dag_run.trig
00:31:16.036|5113|active||SELECT asset_partition_dag_run.id, asset_partition_dag_run.target_dag_id, asset_partition_dag_run.created_dag_run_id, asset_partition_dag_run.partition_key, asset_partition_dag_run.partition_date, ass
00:31:16.668|20074|idle in transaction|Client|SELECT dag_version.id, dag_version.version_number, dag_version.dag_id, dag_version.bundle_name, dag_version.bundle_version, dag_version.version_data, dag_version.created_at, dag_version.last_updated F
00:31:16.668|5014|active|Lock|SELECT task_instance.state, task_instance.try_number, task_instance.max_tries, task_instance.dag_id, task_instance.task_id, task_instance.run_id, task_instance.map_index, task_instance.hostname, dag_r
00:31:16.668|5113|idle in transaction|Client|SELECT asset_partition_dag_run.id, asset_partition_dag_run.target_dag_id, asset_partition_dag_run.created_dag_run_id, asset_partition_dag_run.partition_key, asset_partition_dag_run.partition_date, ass
00:31:17.228|20074|active||UPDATE dag_run SET last_scheduling_decision='2026-09-30T00:31:16.708551+00:00'::timestamptz, updated_at='2026-09-30T00:31:17.084339+00:00'::timestamptz, scheduled_by_job_id=1 WHERE dag_run.id = 61028
00:31:17.792|20074|idle in transaction|Client|SELECT max(log_template.id) AS max_1 FROM log_template
00:31:18.362|20074|idle in transaction|Client|SELECT max(log_template.id) AS max_1 FROM log_template
00:31:18.965|20074|idle in transaction|Client|SELECT task_instance.id, task_instance.task_id, task_instance.dag_id, task_instance.run_id, task_instance.map_index, task_instance.start_date, task_instance.end_date, task_instance.duration, task_inst
00:31:18.965|8696|active||SELECT asset_partition_dag_run.id, asset_partition_dag_run.target_dag_id, asset_partition_dag_run.created_dag_run_id, asset_partition_dag_run.partition_key, asset_partition_dag_run.partition_date, ass
00:31:19.537|20074|idle in transaction|Client|INSERT INTO task_instance (id, task_id, dag_id, run_id, map_index, try_number, max_tries, hostname, unixname, pool, pool_slots, queue, priority_weight, operator, custom_operator_name, executor_config,
00:31:19.537|8696|active||SELECT asset.id, asset.name, asset.uri, asset."group", asset.extra, asset.created_at, asset.updated_at, asset_active_1.name AS name_1, asset_active_1.uri AS uri_1, dag_1.dag_id, dag_1.is_paused, dag_1
00:31:20.150|20074|idle in transaction|Client|INSERT INTO dag_run (dag_id, queued_at, logical_date, start_date, end_date, state, run_id, creating_job_id, run_type, triggered_by, triggering_user_name, conf, data_interval_start, data_interval_end, 
00:31:20.150|8696|idle in transaction|Client|SELECT asset.id, asset.name, asset.uri, asset."group", asset.extra, asset.created_at, asset.updated_at, asset_active_1.name AS name_1, asset_active_1.uri AS uri_1, dag_1.dag_id, dag_1.is_paused, dag_1
00:31:20.752|20074|idle in transaction|Client|INSERT INTO dagrun_asset_event (dag_run_id, event_id) VALUES (62470, 62463)
00:31:20.752|8696|idle in transaction|Client|INSERT INTO asset_partition_dag_run (target_dag_id, created_dag_run_id, partition_key, partition_date, rollup_fingerprint, created_at, updated_at) VALUES ('bench_partition_consumer', NULL, 'ACCT000518
00:31:21.336|20074|idle in transaction||SELECT dag_version.id, dag_version.version_number, dag_version.dag_id, dag_version.bundle_name, dag_version.bundle_version, dag_version.version_data, dag_version.created_at, dag_version.last_updated F
00:31:21.336|8696|active||SELECT asset_partition_dag_run.id, asset_partition_dag_run.target_dag_id, asset_partition_dag_run.created_dag_run_id, asset_partition_dag_run.partition_key, asset_partition_dag_run.partition_date, ass
00:31:21.944|20074|idle in transaction|Client|SELECT task_instance.dag_version_id FROM task_instance WHERE task_instance.dag_id = 'bench_partition_consumer' AND task_instance.dag_version_id = '01a0efa2-2565-7f80-a0a2-753ce7d9a46b'::uuid::UUID AND
00:31:21.944|8696|active||SELECT asset_partition_dag_run.id, asset_partition_dag_run.target_dag_id, asset_partition_dag_run.created_dag_run_id, asset_partition_dag_run.partition_key, asset_partition_dag_run.partition_date, ass
00:31:22.524|20074|idle in transaction|Client|SELECT dag.dag_id AS dag_dag_id, dag.is_paused AS dag_is_paused, dag.is_stale AS dag_is_stale, dag.exceeds_max_non_backfill AS dag_exceeds_max_non_backfill, dag.last_parsed_time AS dag_last_parsed_tim
00:31:22.524|8696|active||SELECT asset_partition_dag_run.id, asset_partition_dag_run.target_dag_id, asset_partition_dag_run.created_dag_run_id, asset_partition_dag_run.partition_key, asset_partition_dag_run.partition_date, ass
00:31:23.093|20074|idle in transaction||SELECT dag_version.id, dag_version.version_number, dag_version.dag_id, dag_version.bundle_name, dag_version.bundle_version, dag_version.version_data, dag_version.created_at, dag_version.last_updated F
00:31:23.093|8696|idle in transaction|Client|SELECT asset.id, asset.name, asset.uri, asset."group", asset.extra, asset.created_at, asset.updated_at, asset_active_1.name AS name_1, asset_active_1.uri AS uri_1, dag_1.dag_id, dag_1.is_paused, dag_1
00:31:23.647|20074|idle in transaction|Client|SELECT task_instance.dag_version_id FROM task_instance WHERE task_instance.dag_id = 'bench_partition_consumer' AND task_instance.dag_version_id = '01a0efa2-2565-7f80-a0a2-753ce7d9a46b'::uuid::UUID AND
00:31:23.647|8696|idle in transaction|Client|SELECT serialized_dag.id, serialized_dag.dag_id, serialized_dag.data, serialized_dag.data_compressed, serialized_dag.created_at, serialized_dag.last_updated, serialized_dag.dag_hash, serialized_dag.da
00:31:24.210|20074|idle in transaction||SELECT dag.dag_id AS dag_dag_id, dag.is_paused AS dag_is_paused, dag.is_stale AS dag_is_stale, dag.exceeds_max_non_backfill AS dag_exceeds_max_non_backfill, dag.last_parsed_time AS dag_last_parsed_tim
00:31:24.210|8696|active||SELECT asset_partition_dag_run.id, asset_partition_dag_run.target_dag_id, asset_partition_dag_run.created_dag_run_id, asset_partition_dag_run.partition_key, asset_partition_dag_run.partition_date, ass
00:31:24.782|8696|active||INSERT INTO asset_event (asset_id, extra, source_task_id, source_dag_id, source_run_id, source_map_index, timestamp, partition_key) VALUES (1, '{}'::JSON, 'emit', 'bench_partition_producer', 'part_100
00:31:25.348|20074|idle in transaction|Client|UPDATE dag_run SET start_date='2026-09-30T00:31:25.139324+00:00'::timestamptz, state='running', updated_at='2026-09-30T00:31:25.208267+00:00'::timestamptz WHERE dag_run.id = 61603
00:31:25.348|8696|active||SELECT asset_partition_dag_run.id, asset_partition_dag_run.target_dag_id, asset_partition_dag_run.created_dag_run_id, asset_partition_dag_run.partition_key, asset_partition_dag_run.partition_date, ass
00:31:25.348|8775|active|Lock|SELECT task_instance.state, task_instance.try_number, task_instance.max_tries, task_instance.dag_id, task_instance.task_id, task_instance.run_id, task_instance.map_index, task_instance.hostname, dag_r
00:31:25.919|20074|idle in transaction|Client|SELECT dag_version.id, dag_version.version_number, dag_version.dag_id, dag_version.bundle_name, dag_version.bundle_version, dag_version.version_data, dag_version.created_at, dag_version.last_updated F
00:31:26.500|20074|idle in transaction|Client|SELECT dag_version.id, dag_version.version_number, dag_version.dag_id, dag_version.bundle_name, dag_version.bundle_version, dag_version.version_data, dag_version.created_at, dag_version.last_updated F
00:31:27.081|20074|idle in transaction|Client|INSERT INTO dagrun_asset_event (dag_run_id, event_id) VALUES (62558, 62551)
00:31:27.667|20074|idle in transaction|Client|INSERT INTO dag_run (dag_id, queued_at, logical_date, start_date, end_date, state, run_id, creating_job_id, run_type, triggered_by, triggering_user_name, conf, data_interval_start, data_interval_end, 
00:31:28.245|20074|idle in transaction|Client|INSERT INTO dag_run (dag_id, queued_at, logical_date, start_date, end_date, state, run_id, creating_job_id, run_type, triggered_by, triggering_user_name, conf, data_interval_start, data_interval_end, 
00:31:28.245|8379|idle in transaction|Client|INSERT INTO asset_event (asset_id, extra, source_task_id, source_dag_id, source_run_id, source_map_index, timestamp, partition_key) VALUES (1, '{}'::JSON, 'emit', 'bench_partition_producer', 'part_100
00:31:28.807|20074|idle in transaction||SELECT dag_version.id, dag_version.version_number, dag_version.dag_id, dag_version.bundle_name, dag_version.bundle_version, dag_version.version_data, dag_version.created_at, dag_version.last_updated F
00:31:28.807|8379|idle in transaction|Client|SELECT asset_alias.id, asset_alias.name, asset_alias."group" FROM asset_alias WHERE asset_alias.name IN (NULL) AND (1 != 1)
00:31:29.377|20074|idle in transaction|Client|SELECT max(log_template.id) AS max_1 FROM log_template
00:31:29.377|8379|idle in transaction|Client|SELECT serialized_dag.id, serialized_dag.dag_id, serialized_dag.data, serialized_dag.data_compressed, serialized_dag.created_at, serialized_dag.last_updated, serialized_dag.dag_hash, serialized_dag.da
00:31:29.954|20074|active||SELECT dag_run.id, dag_run.dag_id, dag_run.queued_at, dag_run.logical_date, dag_run.start_date, dag_run.end_date, dag_run.state, dag_run.run_id, dag_run.creating_job_id, dag_run.run_type, dag_run.trig
00:31:29.954|8379|idle in transaction|Client|SELECT asset.id, asset.name, asset.uri, asset."group", asset.extra, asset.created_at, asset.updated_at, asset_active_1.name AS name_1, asset_active_1.uri AS uri_1, dag_1.dag_id, dag_1.is_paused, dag_1
00:31:30.526|20074|active||SELECT task_instance.id, task_instance.task_id, task_instance.dag_id, task_instance.run_id, task_instance.map_index, task_instance.start_date, task_instance.end_date, task_instance.duration, task_inst
00:31:30.526|8379|idle in transaction|Client|INSERT INTO asset_event (asset_id, extra, source_task_id, source_dag_id, source_run_id, source_map_index, timestamp, partition_key) VALUES (1, '{}'::JSON, 'emit', 'bench_partition_producer', 'part_100
00:31:31.085|20074|idle in transaction|Client|SELECT task_instance.dag_version_id FROM task_instance WHERE task_instance.dag_id = 'bench_partition_consumer' AND task_instance.dag_version_id = '01a0efa2-2565-7f80-a0a2-753ce7d9a46b'::uuid::UUID AND
00:31:31.085|8379|idle in transaction|Client|SELECT asset.id FROM asset WHERE asset.id = 1 FOR NO KEY UPDATE
00:31:31.659|8379|active||SELECT asset_partition_dag_run.id, asset_partition_dag_run.target_dag_id, asset_partition_dag_run.created_dag_run_id, asset_partition_dag_run.partition_key, asset_partition_dag_run.partition_date, ass
00:31:32.227|20074|idle in transaction|Client|SELECT dag_version.id, dag_version.version_number, dag_version.dag_id, dag_version.bundle_name, dag_version.bundle_version, dag_version.version_data, dag_version.created_at, dag_version.last_updated F
00:31:32.227|8379|active||SELECT asset_partition_dag_run.id, asset_partition_dag_run.target_dag_id, asset_partition_dag_run.created_dag_run_id, asset_partition_dag_run.partition_key, asset_partition_dag_run.partition_date, ass
00:31:32.812|20074|idle in transaction|Client|UPDATE task_instance SET start_date='2026-09-30T00:31:32.718405+00:00'::timestamptz, end_date='2026-09-30T00:31:32.718409+00:00'::timestamptz, duration=0, state='success', try_number=(task_instance.tr
00:31:32.812|8379|active||SELECT asset.id, asset.name, asset.uri, asset."group", asset.extra, asset.created_at, asset.updated_at, asset_active_1.name AS name_1, asset_active_1.uri AS uri_1, dag_1.dag_id, dag_1.is_paused, dag_1
00:31:33.378|20074|idle in transaction|Client|SELECT dag_version.id, dag_version.version_number, dag_version.dag_id, dag_version.bundle_name, dag_version.bundle_version, dag_version.version_data, dag_version.created_at, dag_version.last_updated F
00:31:33.378|8379|active||SELECT asset_partition_dag_run.id, asset_partition_dag_run.target_dag_id, asset_partition_dag_run.created_dag_run_id, asset_partition_dag_run.partition_key, asset_partition_dag_run.partition_date, ass
00:31:33.940|8379|active||SELECT asset_partition_dag_run.id, asset_partition_dag_run.target_dag_id, asset_partition_dag_run.created_dag_run_id, asset_partition_dag_run.partition_key, asset_partition_dag_run.partition_date, ass
00:31:34.520|20074|idle in transaction|Client|SELECT dag.bundle_version FROM dag WHERE dag.dag_id = 'bench_partition_consumer'
00:31:35.100|20074|idle in transaction|Client|UPDATE asset_partition_dag_run SET created_dag_run_id=63099, updated_at='2026-09-30T00:31:35.007707+00:00'::timestamptz WHERE asset_partition_dag_run.id = 63092
00:31:35.674|20074|idle in transaction|Client|SELECT max(log_template.id) AS max_1 FROM log_template
00:31:36.240|20074|idle in transaction|Client|INSERT INTO dag_run (dag_id, queued_at, logical_date, start_date, end_date, state, run_id, creating_job_id, run_type, triggered_by, triggering_user_name, conf, data_interval_start, data_interval_end, 
00:31:36.806|20074|idle in transaction|Client|INSERT INTO task_instance (id, task_id, dag_id, run_id, map_index, try_number, max_tries, hostname, unixname, pool, pool_slots, queue, priority_weight, operator, custom_operator_name, executor_config,
00:31:37.397|20074|idle in transaction|Client|SELECT task_instance.id, task_instance.task_id, task_instance.dag_id, task_instance.run_id, task_instance.map_index, task_instance.start_date, task_instance.end_date, task_instance.duration, task_inst
00:31:37.973|20074|idle in transaction|Client|SELECT dag_version.id, dag_version.version_number, dag_version.dag_id, dag_version.bundle_name, dag_version.bundle_version, dag_version.version_data, dag_version.created_at, dag_version.last_updated F
00:31:38.555|20074|idle in transaction|Client|SELECT task_instance.dag_version_id FROM task_instance WHERE task_instance.dag_id = 'bench_partition_consumer' AND task_instance.dag_version_id = '01a0efa2-2565-7f80-a0a2-753ce7d9a46b'::uuid::UUID AND
00:31:39.135|20074|active||SELECT task_instance.id, task_instance.task_id, task_instance.dag_id, task_instance.run_id, task_instance.map_index, task_instance.start_date, task_instance.end_date, task_instance.duration, task_inst
00:31:39.701|20074|idle in transaction|Client|SELECT dag_version.id, dag_version.version_number, dag_version.dag_id, dag_version.bundle_name, dag_version.bundle_version, dag_version.version_data, dag_version.created_at, dag_version.last_updated F
00:31:40.271|20074|idle in transaction|Client|SELECT task_instance.id, task_instance.task_id, task_instance.dag_id, task_instance.run_id, task_instance.map_index, task_instance.start_date, task_instance.end_date, task_instance.duration, task_inst
00:31:40.842|20074|idle in transaction|Client|SELECT dag_version.id, dag_version.version_number, dag_version.dag_id, dag_version.bundle_name, dag_version.bundle_version, dag_version.version_data, dag_version.created_at, dag_version.last_updated F
00:31:41.429|15180|active||select coalesce(state,'none'), count(*) from task_instance where dag_id='bench_partition_consumer' group by 1
00:31:41.429|9080|active||SELECT asset_partition_dag_run.id, asset_partition_dag_run.target_dag_id, asset_partition_dag_run.created_dag_run_id, asset_partition_dag_run.partition_key, asset_partition_dag_run.partition_date, ass
00:31:42.005|20074|idle in transaction|Client|SELECT task_instance.dag_version_id FROM task_instance WHERE task_instance.dag_id = 'bench_partition_consumer' AND task_instance.dag_version_id = '01a0efa2-2565-7f80-a0a2-753ce7d9a46b'::uuid::UUID AND
00:31:42.005|9080|active||SELECT dag.dag_id, dag.is_paused, dag.is_stale, dag.exceeds_max_non_backfill, dag.last_parsed_time, dag.last_parse_duration, dag.last_expired, dag.fileloc, dag.relative_fileloc, dag.bundle_name, dag.b
00:31:42.572|20074|idle in transaction|Client|SELECT dag_version.id, dag_version.version_number, dag_version.dag_id, dag_version.bundle_name, dag_version.bundle_version, dag_version.version_data, dag_version.created_at, dag_version.last_updated F
00:31:42.572|9080|idle in transaction|Client|SELECT asset.id, asset.name, asset.uri, asset."group", asset.extra, asset.created_at, asset.updated_at FROM asset WHERE asset.id = 1
00:31:43.143|20074|idle in transaction|Client|SELECT dag_version.id, dag_version.version_number, dag_version.dag_id, dag_version.bundle_name, dag_version.bundle_version, dag_version.version_data, dag_version.created_at, dag_version.last_updated F
00:31:43.143|9080|idle in transaction|Client|SELECT asset.id, asset.name, asset.uri, asset."group", asset.extra, asset.created_at, asset.updated_at FROM asset WHERE asset.id = 1
00:31:43.739|20074|active||SELECT dag_run.id, dag_run.dag_id, dag_run.queued_at, dag_run.logical_date, dag_run.start_date, dag_run.end_date, dag_run.state, dag_run.run_id, dag_run.creating_job_id, dag_run.run_type, dag_run.trig
00:31:43.739|9080|idle in transaction|Client|SELECT asset.id, asset.name, asset.uri, asset."group", asset.extra, asset.created_at, asset.updated_at, asset_active_1.name AS name_1, asset_active_1.uri AS uri_1, dag_1.dag_id, dag_1.is_paused, dag_1
00:31:44.329|20074|idle in transaction|Client|SELECT task_instance.dag_version_id FROM task_instance WHERE task_instance.dag_id = 'bench_partition_consumer' AND task_instance.dag_version_id = '01a0efa2-2565-7f80-a0a2-753ce7d9a46b'::uuid::UUID AND
00:31:44.329|9080|idle in transaction|Client|SELECT asset_partition_dag_run.id, asset_partition_dag_run.target_dag_id, asset_partition_dag_run.created_dag_run_id, asset_partition_dag_run.partition_key, asset_partition_dag_run.partition_date, ass
00:31:44.911|20074|idle in transaction|Client|SELECT dag_version.id, dag_version.version_number, dag_version.dag_id, dag_version.bundle_name, dag_version.bundle_version, dag_version.version_data, dag_version.created_at, dag_version.last_updated F
00:31:44.911|9080|idle in transaction|Client|INSERT INTO asset_partition_dag_run (target_dag_id, created_dag_run_id, partition_key, partition_date, rollup_fingerprint, created_at, updated_at) VALUES ('bench_partition_consumer', NULL, 'ACCT000529
00:31:45.471|9080|active||SELECT asset_partition_dag_run.id, asset_partition_dag_run.target_dag_id, asset_partition_dag_run.created_dag_run_id, asset_partition_dag_run.partition_key, asset_partition_dag_run.partition_date, ass
00:31:46.034|20074|idle in transaction|Client|SELECT dag_version.id, dag_version.version_number, dag_version.dag_id, dag_version.bundle_name, dag_version.bundle_version, dag_version.version_data, dag_version.created_at, dag_version.last_updated F
00:31:46.034|9080|idle in transaction|Client|SELECT asset.id, asset.name, asset.uri, asset."group", asset.extra, asset.created_at, asset.updated_at, asset_active_1.name AS name_1, asset_active_1.uri AS uri_1, dag_1.dag_id, dag_1.is_paused, dag_1
00:31:46.603|20074|idle in transaction|Client|UPDATE task_instance SET start_date='2026-09-30T00:31:46.507447+00:00'::timestamptz, end_date='2026-09-30T00:31:46.507448+00:00'::timestamptz, duration=0, state='success', try_number=(task_instance.tr
00:31:46.603|15180|active||select count(*) from asset_partition_dag_run where target_dag_id='bench_partition_consumer'
00:31:46.603|9080|idle in transaction|Client|SELECT asset.id FROM asset WHERE asset.id = 1 FOR NO KEY UPDATE
00:31:47.173|20074|active||SELECT dag_version.id, dag_version.version_number, dag_version.dag_id, dag_version.bundle_name, dag_version.bundle_version, dag_version.version_data, dag_version.created_at, dag_version.last_updated F
00:31:47.173|21625|active|Lock|SELECT task_instance.state, task_instance.try_number, task_instance.max_tries, task_instance.dag_id, task_instance.task_id, task_instance.run_id, task_instance.map_index, task_instance.hostname, dag_r
00:31:47.173|9080|idle in transaction|Client|SELECT asset.id FROM asset WHERE asset.id = 1 FOR NO KEY UPDATE
00:31:47.748|20074|idle in transaction||UPDATE asset_partition_dag_run SET created_dag_run_id=63518, updated_at='2026-09-30T00:31:47.653263+00:00'::timestamptz WHERE asset_partition_dag_run.id = 63511
00:31:48.367|20074|idle in transaction||INSERT INTO dagrun_asset_event (dag_run_id, event_id) VALUES (63584, 63577)
00:31:48.950|20074|idle in transaction|Client|SELECT dag_version.id, dag_version.version_number, dag_version.dag_id, dag_version.bundle_name, dag_version.bundle_version, dag_version.version_data, dag_version.created_at, dag_version.last_updated F
00:31:49.536|20074|idle in transaction|Client|SELECT asset_event.id, asset_event.asset_id, asset_event.extra, asset_event.source_task_id, asset_event.source_dag_id, asset_event.source_run_id, asset_event.source_map_index, asset_event.timestamp, a
00:31:49.536|8775|idle in transaction||SELECT asset.id, asset.name, asset.uri, asset."group", asset.extra, asset.created_at, asset.updated_at FROM asset WHERE asset.id = 1
00:31:50.240|20074|idle in transaction|Client|SELECT task_instance.id, task_instance.task_id, task_instance.dag_id, task_instance.run_id, task_instance.map_index, task_instance.start_date, task_instance.end_date, task_instance.duration, task_inst
00:31:50.240|8775|active|Client|SELECT dag.dag_id, dag.is_paused, dag.is_stale, dag.exceeds_max_non_backfill, dag.last_parsed_time, dag.last_parse_duration, dag.last_expired, dag.fileloc, dag.relative_fileloc, dag.bundle_name, dag.b
00:31:50.827|20074|idle in transaction|Client|SELECT asset_event.id, asset_event.asset_id, asset_event.extra, asset_event.source_task_id, asset_event.source_dag_id, asset_event.source_run_id, asset_event.source_map_index, asset_event.timestamp, a
00:31:50.827|8775|idle in transaction|Client|SELECT asset_partition_dag_run.id, asset_partition_dag_run.target_dag_id, asset_partition_dag_run.created_dag_run_id, asset_partition_dag_run.partition_key, asset_partition_dag_run.partition_date, ass
00:31:51.392|20074|idle in transaction|Client|SELECT task_instance.id, task_instance.task_id, task_instance.dag_id, task_instance.run_id, task_instance.map_index, task_instance.start_date, task_instance.end_date, task_instance.duration, task_inst
00:31:51.392|8775|idle in transaction|Client|SELECT dag.dag_id, dag.is_paused, dag.is_stale, dag.exceeds_max_non_backfill, dag.last_parsed_time, dag.last_parse_duration, dag.last_expired, dag.fileloc, dag.relative_fileloc, dag.bundle_name, dag.b
00:31:51.975|20074|idle in transaction|Client|SELECT dag.dag_id AS dag_dag_id, dag.is_paused AS dag_is_paused, dag.is_stale AS dag_is_stale, dag.exceeds_max_non_backfill AS dag_exceeds_max_non_backfill, dag.last_parsed_time AS dag_last_parsed_tim
00:31:51.975|8775|active||SELECT asset_partition_dag_run.id, asset_partition_dag_run.target_dag_id, asset_partition_dag_run.created_dag_run_id, asset_partition_dag_run.partition_key, asset_partition_dag_run.partition_date, ass
00:31:52.543|20074|idle in transaction|Client|SELECT dag_version.id, dag_version.version_number, dag_version.dag_id, dag_version.bundle_name, dag_version.bundle_version, dag_version.version_data, dag_version.created_at, dag_version.last_updated F
00:31:52.543|8775|active||SELECT asset_partition_dag_run.id, asset_partition_dag_run.target_dag_id, asset_partition_dag_run.created_dag_run_id, asset_partition_dag_run.partition_key, asset_partition_dag_run.partition_date, ass
00:31:53.110|8775|active||SELECT asset_partition_dag_run.id, asset_partition_dag_run.target_dag_id, asset_partition_dag_run.created_dag_run_id, asset_partition_dag_run.partition_key, asset_partition_dag_run.partition_date, ass
00:31:53.669|20074|idle in transaction|Client|SELECT dag_version.id, dag_version.version_number, dag_version.dag_id, dag_version.bundle_name, dag_version.bundle_version, dag_version.version_data, dag_version.created_at, dag_version.last_updated F
00:31:53.669|8775|idle in transaction|Client|INSERT INTO asset_partition_dag_run (target_dag_id, created_dag_run_id, partition_key, partition_date, rollup_fingerprint, created_at, updated_at) VALUES ('bench_partition_consumer', NULL, 'ACCT000533
00:31:54.233|20074|idle in transaction|Client|SELECT task_instance.id, task_instance.task_id, task_instance.dag_id, task_instance.run_id, task_instance.map_index, task_instance.start_date, task_instance.end_date, task_instance.duration, task_inst
00:31:54.233|8775|idle in transaction|Client|SELECT dag.dag_id, dag.is_paused, dag.is_stale, dag.exceeds_max_non_backfill, dag.last_parsed_time, dag.last_parse_duration, dag.last_expired, dag.fileloc, dag.relative_fileloc, dag.bundle_name, dag.b
00:31:54.233|25879|active||autovacuum: ANALYZE public.dag_run
00:31:54.792|20074|idle in transaction|Client|SELECT dag.dag_id AS dag_dag_id, dag.is_paused AS dag_is_paused, dag.is_stale AS dag_is_stale, dag.exceeds_max_non_backfill AS dag_exceeds_max_non_backfill, dag.last_parsed_time AS dag_last_parsed_tim
00:31:54.792|8775|idle in transaction|Client|SELECT asset.id, asset.name, asset.uri, asset."group", asset.extra, asset.created_at, asset.updated_at FROM asset WHERE asset.id = 1
00:31:55.373|8775|idle in transaction|Client|SELECT dag.dag_id, dag.is_paused, dag.is_stale, dag.exceeds_max_non_backfill, dag.last_parsed_time, dag.last_parse_duration, dag.last_expired, dag.fileloc, dag.relative_fileloc, dag.bundle_name, dag.b
00:31:55.373|8860|active|Lock|SELECT task_instance.state, task_instance.try_number, task_instance.max_tries, task_instance.dag_id, task_instance.task_id, task_instance.run_id, task_instance.map_index, task_instance.hostname, dag_r
00:31:55.953|20074|idle in transaction|Client|SELECT task_instance.id, task_instance.task_id, task_instance.dag_id, task_instance.run_id, task_instance.map_index, task_instance.start_date, task_instance.end_date, task_instance.duration, task_inst
00:31:56.538|20074|idle in transaction|Client|SELECT max(log_template.id) AS max_1 FROM log_template
00:31:57.094|20074|idle in transaction|Client|INSERT INTO task_instance (id, task_id, dag_id, run_id, map_index, try_number, max_tries, hostname, unixname, pool, pool_slots, queue, priority_weight, operator, custom_operator_name, executor_config,
00:31:57.678|20074|idle in transaction|Client|INSERT INTO task_instance (id, task_id, dag_id, run_id, map_index, try_number, max_tries, hostname, unixname, pool, pool_slots, queue, priority_weight, operator, custom_operator_name, executor_config,
00:31:58.272|20074|idle in transaction|Client|INSERT INTO task_instance (id, task_id, dag_id, run_id, map_index, try_number, max_tries, hostname, unixname, pool, pool_slots, queue, priority_weight, operator, custom_operator_name, executor_config,
00:31:58.878|20074|idle in transaction|Client|SELECT task_instance.id, task_instance.task_id, task_instance.dag_id, task_instance.run_id, task_instance.map_index, task_instance.start_date, task_instance.end_date, task_instance.duration, task_inst
00:31:59.436|20074|idle in transaction|Client|UPDATE asset_partition_dag_run SET created_dag_run_id=64466, updated_at='2026-09-30T00:31:59.341460+00:00'::timestamptz WHERE asset_partition_dag_run.id = 64459
00:32:00.004|20074|active||SELECT dag_run.id, dag_run.dag_id, dag_run.queued_at, dag_run.logical_date, dag_run.start_date, dag_run.end_date, dag_run.state, dag_run.run_id, dag_run.creating_job_id, dag_run.run_type, dag_run.trig
00:32:00.592|20074|idle in transaction|Client|SELECT dag_version.id, dag_version.version_number, dag_version.dag_id, dag_version.bundle_name, dag_version.bundle_version, dag_version.version_data, dag_version.created_at, dag_version.last_updated F
00:32:01.192|20074|idle in transaction|Client|SELECT dag_version.id, dag_version.version_number, dag_version.dag_id, dag_version.bundle_name, dag_version.bundle_version, dag_version.version_data, dag_version.created_at, dag_version.last_updated F
00:32:01.765|20074|idle in transaction|Client|SELECT dag_version.id, dag_version.version_number, dag_version.dag_id, dag_version.bundle_name, dag_version.bundle_version, dag_version.version_data, dag_version.created_at, dag_version.last_updated F
00:32:02.334|20074|active||SELECT task_instance.id, task_instance.task_id, task_instance.dag_id, task_instance.run_id, task_instance.map_index, task_instance.start_date, task_instance.end_date, task_instance.duration, task_inst
00:32:02.919|20074|idle in transaction|Client|SELECT task_instance.dag_version_id FROM task_instance WHERE task_instance.dag_id = 'bench_partition_consumer' AND task_instance.dag_version_id = '01a0efa2-2565-7f80-a0a2-753ce7d9a46b'::uuid::UUID AND
00:32:02.919|21886|idle in transaction|Client|SELECT task_instance.id, task_instance.task_id, task_instance.dag_id, task_instance.run_id, task_instance.map_index, task_instance.start_date, task_instance.end_date, task_instance.duration, task_inst
00:32:03.508|8478|active||SELECT asset_partition_dag_run.id, asset_partition_dag_run.target_dag_id, asset_partition_dag_run.created_dag_run_id, asset_partition_dag_run.partition_key, asset_partition_dag_run.partition_date, ass
00:32:04.080|20074|active||SELECT dag_run.id, dag_run.dag_id, dag_run.queued_at, dag_run.logical_date, dag_run.start_date, dag_run.end_date, dag_run.state, dag_run.run_id, dag_run.creating_job_id, dag_run.run_type, dag_run.trig
00:32:04.080|8478|active||SELECT asset_partition_dag_run.id, asset_partition_dag_run.target_dag_id, asset_partition_dag_run.created_dag_run_id, asset_partition_dag_run.partition_key, asset_partition_dag_run.partition_date, ass
00:32:04.644|20074|idle in transaction|Client|SELECT task_instance.id, task_instance.task_id, task_instance.dag_id, task_instance.run_id, task_instance.map_index, task_instance.start_date, task_instance.end_date, task_instance.duration, task_inst
00:32:04.644|8478|active||SELECT dag.dag_id, dag.is_paused, dag.is_stale, dag.exceeds_max_non_backfill, dag.last_parsed_time, dag.last_parse_duration, dag.last_expired, dag.fileloc, dag.relative_fileloc, dag.bundle_name, dag.b
00:32:05.208|20074|active||UPDATE dag_run SET last_scheduling_decision='2026-09-30T00:32:04.390362+00:00'::timestamptz, updated_at='2026-09-30T00:32:05.084503+00:00'::timestamptz, scheduled_by_job_id=1 WHERE dag_run.id = 63962
00:32:05.208|8478|idle in transaction|Client|SELECT serialized_dag.id, serialized_dag.dag_id, serialized_dag.data, serialized_dag.data_compressed, serialized_dag.created_at, serialized_dag.last_updated, serialized_dag.dag_hash, serialized_dag.da
00:32:05.778|8478|active||SELECT asset_partition_dag_run.id, asset_partition_dag_run.target_dag_id, asset_partition_dag_run.created_dag_run_id, asset_partition_dag_run.partition_key, asset_partition_dag_run.partition_date, ass
00:32:06.351|20074|idle in transaction|Client|SELECT task_instance.id, task_instance.task_id, task_instance.dag_id, task_instance.run_id, task_instance.map_index, task_instance.start_date, task_instance.end_date, task_instance.duration, task_inst
00:32:06.351|8478|active||SELECT asset.id, asset.name, asset.uri, asset."group", asset.extra, asset.created_at, asset.updated_at, asset_active_1.name AS name_1, asset_active_1.uri AS uri_1, dag_1.dag_id, dag_1.is_paused, dag_1
00:32:06.912|20074|idle in transaction|Client|SELECT dag.dag_id AS dag_dag_id, dag.is_paused AS dag_is_paused, dag.is_stale AS dag_is_stale, dag.exceeds_max_non_backfill AS dag_exceeds_max_non_backfill, dag.last_parsed_time AS dag_last_parsed_tim
00:32:06.912|8478|idle in transaction|Client|INSERT INTO partitioned_asset_key_log (asset_id, asset_event_id, asset_partition_dag_run_id, source_partition_key, target_dag_id, target_partition_key, created_at) VALUES (1, 64812, 64812, 'ACCT000537
00:32:07.476|20074|idle in transaction|Client|SELECT task_instance.dag_id, task_instance.task_id, task_instance.run_id, task_instance.state, count('*') AS count_1 FROM task_instance WHERE task_instance.state IN ('awaiting_input', 'running', 'defe
00:32:07.476|8478|idle in transaction|Client|SELECT asset.id, asset.name, asset.uri, asset."group", asset.extra, asset.created_at, asset.updated_at FROM asset WHERE asset.id = 1
00:32:08.047|20074|active||SELECT dag_run.dag_id, dag_run.backfill_id, count(dag_run.id) AS num_running FROM dag_run WHERE dag_run.state = 'running' GROUP BY dag_run.dag_id, dag_run.backfill_id
00:32:08.047|8478|active||SELECT asset_partition_dag_run.id, asset_partition_dag_run.target_dag_id, asset_partition_dag_run.created_dag_run_id, asset_partition_dag_run.partition_key, asset_partition_dag_run.partition_date, ass
00:32:08.609|20074|idle in transaction|Client|SELECT dag.dag_id AS dag_dag_id, dag.is_paused AS dag_is_paused, dag.is_stale AS dag_is_stale, dag.exceeds_max_non_backfill AS dag_exceeds_max_non_backfill, dag.last_parsed_time AS dag_last_parsed_tim
00:32:08.609|8478|idle in transaction|Client|INSERT INTO asset_partition_dag_run (target_dag_id, created_dag_run_id, partition_key, partition_date, rollup_fingerprint, created_at, updated_at) VALUES ('bench_partition_consumer', NULL, 'ACCT000537
00:32:09.181|20074|idle in transaction|Client|SELECT task_instance.id, task_instance.task_id, task_instance.dag_id, task_instance.run_id, task_instance.map_index, task_instance.start_date, task_instance.end_date, task_instance.duration, task_inst
00:32:09.181|8478|active||SELECT asset_partition_dag_run.id, asset_partition_dag_run.target_dag_id, asset_partition_dag_run.created_dag_run_id, asset_partition_dag_run.partition_key, asset_partition_dag_run.partition_date, ass
00:32:09.181|8632|active|Lock|SELECT task_instance.state, task_instance.try_number, task_instance.max_tries, task_instance.dag_id, task_instance.task_id, task_instance.run_id, task_instance.map_index, task_instance.hostname, dag_r
00:32:09.754|20074|active|Client|INSERT INTO dagrun_asset_event (dag_run_id, event_id) VALUES (64520, 64513)
00:32:10.324|20074|idle in transaction|Client|SELECT max(log_template.id) AS max_1 FROM log_template
00:32:10.893|20074|idle in transaction|Client|UPDATE asset_partition_dag_run SET created_dag_run_id=64700, updated_at='2026-09-30T00:32:10.797327+00:00'::timestamptz WHERE asset_partition_dag_run.id = 64693
00:32:11.511|20074|idle in transaction|Client|INSERT INTO task_instance (id, task_id, dag_id, run_id, map_index, try_number, max_tries, hostname, unixname, pool, pool_slots, queue, priority_weight, operator, custom_operator_name, executor_config,
00:32:11.511|5014|active||SELECT asset_partition_dag_run.id, asset_partition_dag_run.target_dag_id, asset_partition_dag_run.created_dag_run_id, asset_partition_dag_run.partition_key, asset_partition_dag_run.partition_date, ass
00:32:12.121|20074|idle in transaction|Client|SELECT task_instance.id, task_instance.task_id, task_instance.dag_id, task_instance.run_id, task_instance.map_index, task_instance.start_date, task_instance.end_date, task_instance.duration, task_inst
00:32:12.121|5014|active||SELECT asset_partition_dag_run.id, asset_partition_dag_run.target_dag_id, asset_partition_dag_run.created_dag_run_id, asset_partition_dag_run.partition_key, asset_partition_dag_run.partition_date, ass
00:32:12.121|15180|active||select coalesce(state,'none'), count(*) from dag_run where dag_id='bench_partition_consumer' group by 1
00:32:12.688|20074|idle in transaction|Client|INSERT INTO dag_run (dag_id, queued_at, logical_date, start_date, end_date, state, run_id, creating_job_id, run_type, triggered_by, triggering_user_name, conf, data_interval_start, data_interval_end, 
00:32:12.688|5014|idle in transaction|Client|SELECT asset_alias.id, asset_alias.name, asset_alias."group" FROM asset_alias WHERE asset_alias.name IN (NULL) AND (1 != 1)
00:32:13.258|20074|idle in transaction|Client|UPDATE dag_run SET start_date='2026-09-30T00:32:13.030522+00:00'::timestamptz, state='running', updated_at='2026-09-30T00:32:13.157373+00:00'::timestamptz WHERE dag_run.id = 64514
00:32:13.258|5014|active||SELECT asset_partition_dag_run.id, asset_partition_dag_run.target_dag_id, asset_partition_dag_run.created_dag_run_id, asset_partition_dag_run.partition_key, asset_partition_dag_run.partition_date, ass
00:32:13.820|20074|idle in transaction|Client|SELECT task_instance.dag_version_id FROM task_instance WHERE task_instance.dag_id = 'bench_partition_consumer' AND task_instance.dag_version_id = '01a0efa2-2565-7f80-a0a2-753ce7d9a46b'::uuid::UUID AND
00:32:13.820|5014|idle in transaction|Client|INSERT INTO partitioned_asset_key_log (asset_id, asset_event_id, asset_partition_dag_run_id, source_partition_key, target_dag_id, target_partition_key, created_at) VALUES (1, 65210, 65210, 'ACCT000544
00:32:14.385|20074|idle in transaction|Client|UPDATE task_instance SET start_date='2026-09-30T00:32:14.287476+00:00'::timestamptz, end_date='2026-09-30T00:32:14.287477+00:00'::timestamptz, duration=0, state='success', try_number=(task_instance.tr
00:32:14.385|5014|active||SELECT asset_partition_dag_run.id, asset_partition_dag_run.target_dag_id, asset_partition_dag_run.created_dag_run_id, asset_partition_dag_run.partition_key, asset_partition_dag_run.partition_date, ass
00:32:14.958|5014|active||SELECT asset_partition_dag_run.id, asset_partition_dag_run.target_dag_id, asset_partition_dag_run.created_dag_run_id, asset_partition_dag_run.partition_key, asset_partition_dag_run.partition_date, ass
00:32:15.524|20074|active||SELECT dag_run.id, dag_run.dag_id, dag_run.queued_at, dag_run.logical_date, dag_run.start_date, dag_run.end_date, dag_run.state, dag_run.run_id, dag_run.creating_job_id, dag_run.run_type, dag_run.trig
00:32:15.524|5014|active||SELECT asset_partition_dag_run.id, asset_partition_dag_run.target_dag_id, asset_partition_dag_run.created_dag_run_id, asset_partition_dag_run.partition_key, asset_partition_dag_run.partition_date, ass
00:32:16.087|20074|idle in transaction|Client|SELECT dag_version.id, dag_version.version_number, dag_version.dag_id, dag_version.bundle_name, dag_version.bundle_version, dag_version.version_data, dag_version.created_at, dag_version.last_updated F
00:32:16.087|5014|active||SELECT asset_partition_dag_run.id, asset_partition_dag_run.target_dag_id, asset_partition_dag_run.created_dag_run_id, asset_partition_dag_run.partition_key, asset_partition_dag_run.partition_date, ass
00:32:16.654|20074|idle in transaction|Client|UPDATE dag_run SET last_scheduling_decision='2026-09-30T00:32:16.255904+00:00'::timestamptz, updated_at='2026-09-30T00:32:16.480017+00:00'::timestamptz, scheduled_by_job_id=1 WHERE dag_run.id = 64861
00:32:16.654|5014|idle in transaction|Client|SELECT asset.id FROM asset WHERE asset.id = 1 FOR NO KEY UPDATE
00:32:17.234|5014|idle in transaction|Client|SELECT asset.id FROM asset WHERE asset.id = 1 FOR NO KEY UPDATE
00:32:17.234|5113|active|Lock|SELECT task_instance.state, task_instance.try_number, task_instance.max_tries, task_instance.dag_id, task_instance.task_id, task_instance.run_id, task_instance.map_index, task_instance.hostname, dag_r
00:32:17.796|20074|idle in transaction|Client|SELECT dag_version.id, dag_version.version_number, dag_version.dag_id, dag_version.bundle_name, dag_version.bundle_version, dag_version.version_data, dag_version.created_at, dag_version.last_updated F
00:32:18.358|20074|active||SELECT dag_run.dag_id, count('*') AS count_1 FROM dag_run WHERE dag_run.dag_id IN ('bench_partition_consumer') AND dag_run.state IN ('running', 'queued') AND dag_run.run_type != 'backfill' GROUP BY da
00:32:18.935|20074|idle in transaction|Client|SELECT dag_run.dag_id, count('*') AS count_1 FROM dag_run WHERE dag_run.dag_id IN ('bench_partition_consumer') AND dag_run.state IN ('running', 'queued') AND dag_run.run_type != 'backfill' GROUP BY da
00:32:19.508|20074|active||SELECT dag_run.dag_id, count('*') AS count_1 FROM dag_run WHERE dag_run.dag_id IN ('bench_partition_consumer') AND dag_run.state IN ('running', 'queued') AND dag_run.run_type != 'backfill' GROUP BY da
00:32:20.083|20074|idle in transaction|Client|SELECT dag_version.id, dag_version.version_number, dag_version.dag_id, dag_version.bundle_name, dag_version.bundle_version, dag_version.version_data, dag_version.created_at, dag_version.last_updated F
00:32:20.656|20074|idle in transaction|Client|SELECT asset_event.id, asset_event.asset_id, asset_event.extra, asset_event.source_task_id, asset_event.source_dag_id, asset_event.source_run_id, asset_event.source_map_index, asset_event.timestamp, a
00:32:21.240|20074|idle in transaction|Client|INSERT INTO task_instance (id, task_id, dag_id, run_id, map_index, try_number, max_tries, hostname, unixname, pool, pool_slots, queue, priority_weight, operator, custom_operator_name, executor_config,
00:32:21.842|20046|active||UPDATE job SET latest_heartbeat='2026-09-30T00:32:16.260365+00:00'::timestamptz WHERE job.id = 2
00:32:21.842|20074|idle in transaction|Client|SELECT task_instance.id, task_instance.task_id, task_instance.dag_id, task_instance.run_id, task_instance.map_index, task_instance.start_date, task_instance.end_date, task_instance.duration, task_inst
00:32:21.842|21625|active||SELECT asset_partition_dag_run.id, asset_partition_dag_run.target_dag_id, asset_partition_dag_run.created_dag_run_id, asset_partition_dag_run.partition_key, asset_partition_dag_run.partition_date, ass
00:32:22.458|20074|idle in transaction|Client|SELECT max(log_template.id) AS max_1 FROM log_template
00:32:22.458|21625|idle in transaction|Client|SELECT asset.id, asset.name, asset.uri, asset."group", asset.extra, asset.created_at, asset.updated_at FROM asset WHERE asset.id = 1
00:32:22.458|15180|active||select count(*) from asset_event e join asset a on a.id=e.asset_id where a.name='bench_accounts'
00:32:23.036|20074|idle in transaction|Client|SELECT asset_event.id, asset_event.asset_id, asset_event.extra, asset_event.source_task_id, asset_event.source_dag_id, asset_event.source_run_id, asset_event.source_map_index, asset_event.timestamp, a
00:32:23.036|21625|active||SELECT asset_partition_dag_run.id, asset_partition_dag_run.target_dag_id, asset_partition_dag_run.created_dag_run_id, asset_partition_dag_run.partition_key, asset_partition_dag_run.partition_date, ass
00:32:23.613|20074|idle in transaction|Client|SELECT task_instance.id, task_instance.task_id, task_instance.dag_id, task_instance.run_id, task_instance.map_index, task_instance.start_date, task_instance.end_date, task_instance.duration, task_inst
00:32:23.613|21625|idle in transaction|Client|SELECT asset.id, asset.name, asset.uri, asset."group", asset.extra, asset.created_at, asset.updated_at, asset_active_1.name AS name_1, asset_active_1.uri AS uri_1, dag_1.dag_id, dag_1.is_paused, dag_1
00:32:24.187|20074|idle in transaction|Client|UPDATE dag_run SET start_date='2026-09-30T00:32:23.965607+00:00'::timestamptz, state='running', updated_at='2026-09-30T00:32:24.090157+00:00'::timestamptz WHERE dag_run.id = 65008
00:32:24.187|21625|active||SELECT asset_partition_dag_run.id, asset_partition_dag_run.target_dag_id, asset_partition_dag_run.created_dag_run_id, asset_partition_dag_run.partition_key, asset_partition_dag_run.partition_date, ass
00:32:24.759|20074|idle in transaction|Client|SELECT dag_version.id, dag_version.version_number, dag_version.dag_id, dag_version.bundle_name, dag_version.bundle_version, dag_version.version_data, dag_version.created_at, dag_version.last_updated F
00:32:24.759|21625|active||SELECT asset_partition_dag_run.id, asset_partition_dag_run.target_dag_id, asset_partition_dag_run.created_dag_run_id, asset_partition_dag_run.partition_key, asset_partition_dag_run.partition_date, ass
00:32:25.327|20074|idle in transaction|Client|SELECT dag.dag_id AS dag_dag_id, dag.is_paused AS dag_is_paused, dag.is_stale AS dag_is_stale, dag.exceeds_max_non_backfill AS dag_exceeds_max_non_backfill, dag.last_parsed_time AS dag_last_parsed_tim
00:32:25.327|21625|idle in transaction|Client|SELECT asset.id FROM asset WHERE asset.id = 1 FOR NO KEY UPDATE
00:32:25.892|21625|active||SELECT asset_partition_dag_run.id, asset_partition_dag_run.target_dag_id, asset_partition_dag_run.created_dag_run_id, asset_partition_dag_run.partition_key, asset_partition_dag_run.partition_date, ass
00:32:26.453|20074|active||SELECT dag_run.id, dag_run.dag_id, dag_run.queued_at, dag_run.logical_date, dag_run.start_date, dag_run.end_date, dag_run.state, dag_run.run_id, dag_run.creating_job_id, dag_run.run_type, dag_run.trig
00:32:26.453|21625|idle in transaction|Client|SELECT asset.id, asset.name, asset.uri, asset."group", asset.extra, asset.created_at, asset.updated_at, asset_active_1.name AS name_1, asset_active_1.uri AS uri_1, dag_1.dag_id, dag_1.is_paused, dag_1
00:32:27.028|20074|idle in transaction||SELECT dag.dag_id AS dag_dag_id, dag.is_paused AS dag_is_paused, dag.is_stale AS dag_is_stale, dag.exceeds_max_non_backfill AS dag_exceeds_max_non_backfill, dag.last_parsed_time AS dag_last_parsed_tim
00:32:27.028|21625|active||SELECT asset_partition_dag_run.id, asset_partition_dag_run.target_dag_id, asset_partition_dag_run.created_dag_run_id, asset_partition_dag_run.partition_key, asset_partition_dag_run.partition_date, ass
00:32:27.589|20074|idle in transaction|Client|UPDATE dag_run SET last_scheduling_decision='2026-09-30T00:32:27.328151+00:00'::timestamptz, updated_at='2026-09-30T00:32:27.399937+00:00'::timestamptz, scheduled_by_job_id=1 WHERE dag_run.id = 65393
00:32:27.589|21625|active||SELECT asset.id FROM asset WHERE asset.id = 1 FOR NO KEY UPDATE
00:32:28.159|21625|active||SELECT asset_partition_dag_run.id, asset_partition_dag_run.target_dag_id, asset_partition_dag_run.created_dag_run_id, asset_partition_dag_run.partition_key, asset_partition_dag_run.partition_date, ass
00:32:28.159|21886|active|Lock|SELECT task_instance.state, task_instance.try_number, task_instance.max_tries, task_instance.dag_id, task_instance.task_id, task_instance.run_id, task_instance.map_index, task_instance.hostname, dag_r
00:32:28.753|20074|active||INSERT INTO dag_run (dag_id, queued_at, logical_date, start_date, end_date, state, run_id, creating_job_id, run_type, triggered_by, triggering_user_name, conf, data_interval_start, data_interval_end, 
00:32:29.365|20074|idle in transaction|Client|INSERT INTO dag_run (dag_id, queued_at, logical_date, start_date, end_date, state, run_id, creating_job_id, run_type, triggered_by, triggering_user_name, conf, data_interval_start, data_interval_end, 
00:32:29.973|20074|idle in transaction|Client|INSERT INTO dagrun_asset_event (dag_run_id, event_id) VALUES (65658, 65651)
00:32:30.543|20074|idle in transaction|Client|SELECT task_instance.id, task_instance.task_id, task_instance.dag_id, task_instance.run_id, task_instance.map_index, task_instance.start_date, task_instance.end_date, task_instance.duration, task_inst
00:32:31.138|20074|idle in transaction|Client|SELECT dag.bundle_version FROM dag WHERE dag.dag_id = 'bench_partition_consumer'
00:32:31.746|20074|idle in transaction|Client|INSERT INTO dagrun_asset_event (dag_run_id, event_id) VALUES (65830, 65823)
00:32:32.374|20074|idle in transaction|Client|SELECT task_instance.id, task_instance.task_id, task_instance.dag_id, task_instance.run_id, task_instance.map_index, task_instance.start_date, task_instance.end_date, task_instance.duration, task_inst
00:32:32.942|20074|idle in transaction|Client|INSERT INTO task_instance (id, task_id, dag_id, run_id, map_index, try_number, max_tries, hostname, unixname, pool, pool_slots, queue, priority_weight, operator, custom_operator_name, executor_config,
00:32:33.512|20074|idle in transaction|Client|SELECT dag_version.id, dag_version.version_number, dag_version.dag_id, dag_version.bundle_name, dag_version.bundle_version, dag_version.version_data, dag_version.created_at, dag_version.last_updated F
00:32:34.092|20074|idle in transaction|Client|SELECT dag.dag_id AS dag_dag_id, dag.is_paused AS dag_is_paused, dag.is_stale AS dag_is_stale, dag.exceeds_max_non_backfill AS dag_exceeds_max_non_backfill, dag.last_parsed_time AS dag_last_parsed_tim
00:32:34.702|20074|idle in transaction|Client|SELECT task_instance.dag_version_id FROM task_instance WHERE task_instance.dag_id = 'bench_partition_consumer' AND task_instance.dag_version_id = '01a0efa2-2565-7f80-a0a2-753ce7d9a46b'::uuid::UUID AND
00:32:35.288|20074|idle in transaction|Client|UPDATE dag_run SET last_scheduling_decision='2026-09-30T00:32:34.050821+00:00'::timestamptz, updated_at='2026-09-30T00:32:35.161400+00:00'::timestamptz, scheduled_by_job_id=1 WHERE dag_run.id = 65463
00:32:35.852|20074|active||SELECT dag_run.id, dag_run.dag_id, dag_run.queued_at, dag_run.logical_date, dag_run.start_date, dag_run.end_date, dag_run.state, dag_run.run_id, dag_run.creating_job_id, dag_run.run_type, dag_run.trig
00:32:36.425|20074|idle in transaction||SELECT dag.dag_id AS dag_dag_id, dag.is_paused AS dag_is_paused, dag.is_stale AS dag_is_stale, dag.exceeds_max_non_backfill AS dag_exceeds_max_non_backfill, dag.last_parsed_time AS dag_last_parsed_tim
00:32:37.003|20074|idle in transaction|Client|SELECT dag_version.id, dag_version.version_number, dag_version.dag_id, dag_version.bundle_name, dag_version.bundle_version, dag_version.version_data, dag_version.created_at, dag_version.last_updated F
00:32:37.003|8860|idle in transaction|Client|SELECT asset.id FROM asset WHERE asset.id = 1 FOR NO KEY UPDATE
00:32:37.574|8860|idle in transaction|Client|SELECT asset.id FROM asset WHERE asset.id = 1 FOR NO KEY UPDATE
00:32:38.160|20074|idle in transaction|Client|SELECT task_instance.id, task_instance.task_id, task_instance.dag_id, task_instance.run_id, task_instance.map_index, task_instance.start_date, task_instance.end_date, task_instance.duration, task_inst
00:32:38.160|8860|active||SELECT asset_partition_dag_run.id, asset_partition_dag_run.target_dag_id, asset_partition_dag_run.created_dag_run_id, asset_partition_dag_run.partition_key, asset_partition_dag_run.partition_date, ass
00:32:38.739|20074|idle in transaction|Client|SELECT dag.dag_id AS dag_dag_id, dag.is_paused AS dag_is_paused, dag.is_stale AS dag_is_stale, dag.exceeds_max_non_backfill AS dag_exceeds_max_non_backfill, dag.last_parsed_time AS dag_last_parsed_tim
00:32:38.739|8860|idle in transaction|Client|SELECT asset.id, asset.name, asset.uri, asset."group", asset.extra, asset.created_at, asset.updated_at, asset_active_1.name AS name_1, asset_active_1.uri AS uri_1, dag_1.dag_id, dag_1.is_paused, dag_1
00:32:39.301|8860|active||SELECT asset_partition_dag_run.id, asset_partition_dag_run.target_dag_id, asset_partition_dag_run.created_dag_run_id, asset_partition_dag_run.partition_key, asset_partition_dag_run.partition_date, ass
00:32:39.887|20074|active||SELECT dag_run.dag_id, count('*') AS count_1 FROM dag_run WHERE dag_run.dag_id IN ('bench_partition_consumer') AND dag_run.state IN ('running', 'queued') AND dag_run.run_type != 'backfill' GROUP BY da
00:32:39.887|8860|idle in transaction|Client|SELECT asset.id, asset.name, asset.uri, asset."group", asset.extra, asset.created_at, asset.updated_at FROM asset WHERE asset.id = 1
00:32:40.445|20074|active||SELECT dag_run.dag_id, count('*') AS count_1 FROM dag_run WHERE dag_run.dag_id IN ('bench_partition_consumer') AND dag_run.state IN ('running', 'queued') AND dag_run.run_type != 'backfill' GROUP BY da
00:32:40.445|8860|idle in transaction|Client|INSERT INTO asset_partition_dag_run (target_dag_id, created_dag_run_id, partition_key, partition_date, rollup_fingerprint, created_at, updated_at) VALUES ('bench_partition_consumer', NULL, 'ACCT000553
00:32:41.004|20074|active||SELECT dag_run.dag_id, count('*') AS count_1 FROM dag_run WHERE dag_run.dag_id IN ('bench_partition_consumer') AND dag_run.state IN ('running', 'queued') AND dag_run.run_type != 'backfill' GROUP BY da
00:32:41.004|8860|idle in transaction|Client|INSERT INTO asset_partition_dag_run (target_dag_id, created_dag_run_id, partition_key, partition_date, rollup_fingerprint, created_at, updated_at) VALUES ('bench_partition_consumer', NULL, 'ACCT000553
00:32:41.577|20074|active||SELECT dag_run.dag_id, count('*') AS count_1 FROM dag_run WHERE dag_run.dag_id IN ('bench_partition_consumer') AND dag_run.state IN ('running', 'queued') AND dag_run.run_type != 'backfill' GROUP BY da
00:32:41.577|8860|idle in transaction|Client|SELECT asset.id, asset.name, asset.uri, asset."group", asset.extra, asset.created_at, asset.updated_at, asset_active_1.name AS name_1, asset_active_1.uri AS uri_1, dag_1.dag_id, dag_1.is_paused, dag_1
00:32:42.143|20074|active||SELECT dag_run.dag_id, count('*') AS count_1 FROM dag_run WHERE dag_run.dag_id IN ('bench_partition_consumer') AND dag_run.state IN ('running', 'queued') AND dag_run.run_type != 'backfill' GROUP BY da
00:32:42.143|8860|idle in transaction|Client|SELECT asset.id, asset.name, asset.uri, asset."group", asset.extra, asset.created_at, asset.updated_at, asset_active_1.name AS name_1, asset_active_1.uri AS uri_1, dag_1.dag_id, dag_1.is_paused, dag_1
00:32:42.720|20074|active||SELECT dag_run.dag_id, count('*') AS count_1 FROM dag_run WHERE dag_run.dag_id IN ('bench_partition_consumer') AND dag_run.state IN ('running', 'queued') AND dag_run.run_type != 'backfill' GROUP BY da
00:32:42.720|8860|active||SELECT asset.id, asset.name, asset.uri, asset."group", asset.extra, asset.created_at, asset.updated_at, asset_active_1.name AS name_1, asset_active_1.uri AS uri_1, dag_1.dag_id, dag_1.is_paused, dag_1
00:32:43.336|20074|active||SELECT dag_run.dag_id, count('*') AS count_1 FROM dag_run WHERE dag_run.dag_id IN ('bench_partition_consumer') AND dag_run.state IN ('running', 'queued') AND dag_run.run_type != 'backfill' GROUP BY da
00:32:43.336|8860|active||SELECT asset_partition_dag_run.id, asset_partition_dag_run.target_dag_id, asset_partition_dag_run.created_dag_run_id, asset_partition_dag_run.partition_key, asset_partition_dag_run.partition_date, ass
00:32:43.336|8952|active|Lock|SELECT task_instance.state, task_instance.try_number, task_instance.max_tries, task_instance.dag_id, task_instance.task_id, task_instance.run_id, task_instance.map_index, task_instance.hostname, dag_r
00:32:43.922|20074|idle in transaction||SELECT dag_version.id, dag_version.version_number, dag_version.dag_id, dag_version.bundle_name, dag_version.bundle_version, dag_version.version_data, dag_version.created_at, dag_version.last_updated F
00:32:44.526|20074|idle in transaction|Client|SELECT max(log_template.id) AS max_1 FROM log_template
00:32:45.100|20074|idle in transaction|Client|INSERT INTO dag_run (dag_id, queued_at, logical_date, start_date, end_date, state, run_id, creating_job_id, run_type, triggered_by, triggering_user_name, conf, data_interval_start, data_interval_end, 
00:32:45.100|21886|idle in transaction|Client|SELECT xcom.dag_run_id, xcom.task_id, xcom.map_index, xcom.key, xcom.dag_result, xcom.dag_id, xcom.run_id, xcom.value, xcom.timestamp, dag_run_1.id, dag_run_1.dag_id AS dag_id_1, dag_run_1.queued_at, 
00:32:45.682|20074|idle in transaction|Client|SELECT asset_event.id, asset_event.asset_id, asset_event.extra, asset_event.source_task_id, asset_event.source_dag_id, asset_event.source_run_id, asset_event.source_map_index, asset_event.timestamp, a
00:32:45.682|8632|idle in transaction|Client|INSERT INTO asset_event (asset_id, extra, source_task_id, source_dag_id, source_run_id, source_map_index, timestamp, partition_key) VALUES (1, '{}'::JSON, 'emit', 'bench_partition_producer', 'part_100
00:32:46.242|20074|idle in transaction|Client|SELECT max(log_template.id) AS max_1 FROM log_template
00:32:46.242|8632|idle in transaction|Client|INSERT INTO asset_partition_dag_run (target_dag_id, created_dag_run_id, partition_key, partition_date, rollup_fingerprint, created_at, updated_at) VALUES ('bench_partition_consumer', NULL, 'ACCT000556
00:32:46.809|20074|idle in transaction|Client|INSERT INTO dag_run (dag_id, queued_at, logical_date, start_date, end_date, state, run_id, creating_job_id, run_type, triggered_by, triggering_user_name, conf, data_interval_start, data_interval_end, 
00:32:46.809|8632|idle in transaction|Client|INSERT INTO asset_partition_dag_run (target_dag_id, created_dag_run_id, partition_key, partition_date, rollup_fingerprint, created_at, updated_at) VALUES ('bench_partition_consumer', NULL, 'ACCT000558
00:32:47.374|20074|idle in transaction|Client|UPDATE dag_run SET start_date='2026-09-30T00:32:47.153031+00:00'::timestamptz, state='running', updated_at='2026-09-30T00:32:47.275298+00:00'::timestamptz WHERE dag_run.id = 66009
00:32:47.374|8632|idle in transaction|Client|SELECT asset.id, asset.name, asset.uri, asset."group", asset.extra, asset.created_at, asset.updated_at, asset_active_1.name AS name_1, asset_active_1.uri AS uri_1, dag_1.dag_id, dag_1.is_paused, dag_1
00:32:47.937|20074|idle in transaction|Client|SELECT task_instance.dag_version_id FROM task_instance WHERE task_instance.dag_id = 'bench_partition_consumer' AND task_instance.dag_version_id = '01a0efa2-2565-7f80-a0a2-753ce7d9a46b'::uuid::UUID AND
00:32:47.937|8632|idle in transaction|Client|SELECT asset_partition_dag_run.id, asset_partition_dag_run.target_dag_id, asset_partition_dag_run.created_dag_run_id, asset_partition_dag_run.partition_key, asset_partition_dag_run.partition_date, ass
00:32:48.500|20074|idle in transaction|Client|UPDATE task_instance SET start_date='2026-09-30T00:32:48.400756+00:00'::timestamptz, end_date='2026-09-30T00:32:48.400757+00:00'::timestamptz, duration=0, state='success', try_number=(task_instance.tr
00:32:48.500|8632|idle in transaction|Client|SELECT asset.id FROM asset WHERE asset.id = 1 FOR NO KEY UPDATE
00:32:49.068|8632|idle in transaction|Client|SELECT asset.id, asset.name, asset.uri, asset."group", asset.extra, asset.created_at, asset.updated_at FROM asset WHERE asset.id = 1
00:32:49.651|20074|active||SELECT dag_run.id, dag_run.dag_id, dag_run.queued_at, dag_run.logical_date, dag_run.start_date, dag_run.end_date, dag_run.state, dag_run.run_id, dag_run.creating_job_id, dag_run.run_type, dag_run.trig
00:32:49.651|8632|idle in transaction|Client|SELECT serialized_dag.id, serialized_dag.dag_id, serialized_dag.data, serialized_dag.data_compressed, serialized_dag.created_at, serialized_dag.last_updated, serialized_dag.dag_hash, serialized_dag.da
00:32:50.211|20074|idle in transaction|Client|SELECT dag_version.id, dag_version.version_number, dag_version.dag_id, dag_version.bundle_name, dag_version.bundle_version, dag_version.version_data, dag_version.created_at, dag_version.last_updated F
00:32:50.211|8632|idle in transaction|Client|SELECT asset.id, asset.name, asset.uri, asset."group", asset.extra, asset.created_at, asset.updated_at, asset_active_1.name AS name_1, asset_active_1.uri AS uri_1, dag_1.dag_id, dag_1.is_paused, dag_1
00:32:50.770|20074|idle in transaction|Client|SELECT dag_version.id, dag_version.version_number, dag_version.dag_id, dag_version.bundle_name, dag_version.bundle_version, dag_version.version_data, dag_version.created_at, dag_version.last_updated F
00:32:50.770|8632|idle in transaction|Client|SELECT asset.id FROM asset WHERE asset.id = 1 FOR NO KEY UPDATE
00:32:51.350|8632|idle in transaction|Client|INSERT INTO asset_event (asset_id, extra, source_task_id, source_dag_id, source_run_id, source_map_index, timestamp, partition_key) VALUES (1, '{}'::JSON, 'emit', 'bench_partition_producer', 'part_100
00:32:51.350|8696|active|Lock|SELECT task_instance.state, task_instance.try_number, task_instance.max_tries, task_instance.dag_id, task_instance.task_id, task_instance.run_id, task_instance.map_index, task_instance.hostname, dag_r
00:32:51.908|20074|idle in transaction||SELECT dag_version.id, dag_version.version_number, dag_version.dag_id, dag_version.bundle_name, dag_version.bundle_version, dag_version.version_data, dag_version.created_at, dag_version.last_updated F
00:32:52.473|20074|active||SELECT dag_run.dag_id, count('*') AS count_1 FROM dag_run WHERE dag_run.dag_id IN ('bench_partition_consumer') AND dag_run.state IN ('running', 'queued') AND dag_run.run_type != 'backfill' GROUP BY da
00:32:53.051|20074|idle in transaction|Client|UPDATE dag_run SET end_date='2026-09-30T00:32:52.952694+00:00'::timestamptz, state='success', last_scheduling_decision='2026-09-30T00:32:52.950344+00:00'::timestamptz, updated_at='2026-09-30T00:32:52.
00:32:53.618|20074|active||SELECT dag_run.dag_id, count('*') AS count_1 FROM dag_run WHERE dag_run.dag_id IN ('bench_partition_consumer') AND dag_run.state IN ('running', 'queued') AND dag_run.run_type != 'backfill' GROUP BY da
00:32:54.194|20074|active||SELECT task_instance.id, task_instance.task_id, task_instance.dag_id, task_instance.run_id, task_instance.map_index, task_instance.start_date, task_instance.end_date, task_instance.duration, task_inst
00:32:54.818|20074|idle in transaction|Client|SELECT task_instance.id, task_instance.task_id, task_instance.dag_id, task_instance.run_id, task_instance.map_index, task_instance.start_date, task_instance.end_date, task_instance.duration, task_inst
00:32:55.400|20074|idle in transaction|Client|UPDATE asset_partition_dag_run SET created_dag_run_id=66670, updated_at='2026-09-30T00:32:55.302112+00:00'::timestamptz WHERE asset_partition_dag_run.id = 66663
00:32:56.019|20074|active||SELECT task_instance.id, task_instance.task_id, task_instance.dag_id, task_instance.run_id, task_instance.map_index, task_instance.start_date, task_instance.end_date, task_instance.duration, task_inst
00:32:56.019|21886|active||SELECT asset_partition_dag_run.id, asset_partition_dag_run.target_dag_id, asset_partition_dag_run.created_dag_run_id, asset_partition_dag_run.partition_key, asset_partition_dag_run.partition_date, ass
00:32:56.583|20074|idle in transaction|Client|SELECT dag.bundle_version FROM dag WHERE dag.dag_id = 'bench_partition_consumer'
00:32:56.583|21886|idle in transaction|Client|SELECT asset_alias.id, asset_alias.name, asset_alias."group" FROM asset_alias WHERE asset_alias.name IN (NULL) AND (1 != 1)
00:32:57.165|20074|idle in transaction|Client|SELECT dag_version.id, dag_version.version_number, dag_version.dag_id, dag_version.bundle_name, dag_version.bundle_version, dag_version.version_data, dag_version.created_at, dag_version.last_updated F
00:32:57.165|21886|idle in transaction|Client|SELECT asset_alias.id, asset_alias.name, asset_alias."group" FROM asset_alias WHERE asset_alias.name IN (NULL) AND (1 != 1)
00:32:57.734|20074|idle in transaction|Client|SELECT asset_event.id, asset_event.asset_id, asset_event.extra, asset_event.source_task_id, asset_event.source_dag_id, asset_event.source_run_id, asset_event.source_map_index, asset_event.timestamp, a
00:32:57.734|21886|idle in transaction|Client|INSERT INTO asset_partition_dag_run (target_dag_id, created_dag_run_id, partition_key, partition_date, rollup_fingerprint, created_at, updated_at) VALUES ('bench_partition_consumer', NULL, 'ACCT000562
00:32:58.348|20074|active|Client|SELECT task_instance.id, task_instance.task_id, task_instance.dag_id, task_instance.run_id, task_instance.map_index, task_instance.start_date, task_instance.end_date, task_instance.duration, task_inst
00:32:58.348|21886|idle in transaction|Client|SELECT asset_alias.id, asset_alias.name, asset_alias."group" FROM asset_alias WHERE asset_alias.name IN (NULL) AND (1 != 1)
00:32:58.348|15180|active||select count(*) from dagrun_asset_event x join dag_run r on r.id=x.dag_run_id where r.dag_id='bench_partition_consumer'
00:32:58.927|20074|idle in transaction|Client|SELECT dag_version.id, dag_version.version_number, dag_version.dag_id, dag_version.bundle_name, dag_version.bundle_version, dag_version.version_data, dag_version.created_at, dag_version.last_updated F
00:32:58.927|21886|active||SELECT asset_partition_dag_run.id, asset_partition_dag_run.target_dag_id, asset_partition_dag_run.created_dag_run_id, asset_partition_dag_run.partition_key, asset_partition_dag_run.partition_date, ass
00:32:59.507|20074|idle in transaction|Client|SELECT dag_version.id, dag_version.version_number, dag_version.dag_id, dag_version.bundle_name, dag_version.bundle_version, dag_version.version_data, dag_version.created_at, dag_version.last_updated F
00:32:59.507|21886|active||SELECT asset_partition_dag_run.id, asset_partition_dag_run.target_dag_id, asset_partition_dag_run.created_dag_run_id, asset_partition_dag_run.partition_key, asset_partition_dag_run.partition_date, ass
00:33:00.084|20074|active||SELECT dag_run.id, dag_run.dag_id, dag_run.queued_at, dag_run.logical_date, dag_run.start_date, dag_run.end_date, dag_run.state, dag_run.run_id, dag_run.creating_job_id, dag_run.run_type, dag_run.trig
00:33:00.084|21886|active||SELECT asset.id, asset.name, asset.uri, asset."group", asset.extra, asset.created_at, asset.updated_at, asset_active_1.name AS name_1, asset_active_1.uri AS uri_1, dag_1.dag_id, dag_1.is_paused, dag_1
00:33:00.703|20074|active||SELECT task_instance.dag_version_id FROM task_instance WHERE task_instance.dag_id = 'bench_partition_consumer' AND task_instance.dag_version_id = '01a0efa2-2565-7f80-a0a2-753ce7d9a46b'::uuid::UUID AND
00:33:00.703|21886|idle in transaction|Client|INSERT INTO asset_event (asset_id, extra, source_task_id, source_dag_id, source_run_id, source_map_index, timestamp, partition_key) VALUES (1, '{}'::JSON, 'emit', 'bench_partition_producer', 'part_100
00:33:01.276|20074|idle in transaction|Client|SELECT task_instance.dag_version_id FROM task_instance WHERE task_instance.dag_id = 'bench_partition_consumer' AND task_instance.dag_version_id = '01a0efa2-2565-7f80-a0a2-753ce7d9a46b'::uuid::UUID AND
00:33:01.276|21886|active||SELECT asset_partition_dag_run.id, asset_partition_dag_run.target_dag_id, asset_partition_dag_run.created_dag_run_id, asset_partition_dag_run.partition_key, asset_partition_dag_run.partition_date, ass
00:33:01.842|21886|idle in transaction|Client|SELECT asset.id, asset.name, asset.uri, asset."group", asset.extra, asset.created_at, asset.updated_at FROM asset WHERE asset.id = 1
00:33:01.842|8379|active|Lock|SELECT task_instance.state, task_instance.try_number, task_instance.max_tries, task_instance.dag_id, task_instance.task_id, task_instance.run_id, task_instance.map_index, task_instance.hostname, dag_r
00:33:02.432|20074|idle in transaction|Client|SELECT dag_version.id, dag_version.version_number, dag_version.dag_id, dag_version.bundle_name, dag_version.bundle_version, dag_version.version_data, dag_version.created_at, dag_version.last_updated F
00:33:02.432|21886|active||SELECT asset_partition_dag_run.id, asset_partition_dag_run.target_dag_id, asset_partition_dag_run.created_dag_run_id, asset_partition_dag_run.partition_key, asset_partition_dag_run.partition_date, ass
00:33:02.432|8379|active|Lock|SELECT task_instance.state, task_instance.try_number, task_instance.max_tries, task_instance.dag_id, task_instance.task_id, task_instance.run_id, task_instance.map_index, task_instance.hostname, dag_r
00:33:03.002|20074|active||UPDATE task_instance SET start_date='2026-09-30T00:33:02.903786+00:00'::timestamptz, end_date='2026-09-30T00:33:02.903787+00:00'::timestamptz, duration=0, state='success', try_number=(task_instance.tr
00:33:03.569|20074|active||SELECT dag_run.dag_id, count('*') AS count_1 FROM dag_run WHERE dag_run.dag_id IN ('bench_partition_consumer') AND dag_run.state IN ('running', 'queued') AND dag_run.run_type != 'backfill' GROUP BY da
00:33:04.144|20074|idle in transaction|Client|SELECT task_instance.id, task_instance.task_id, task_instance.dag_id, task_instance.run_id, task_instance.map_index, task_instance.start_date, task_instance.end_date, task_instance.duration, task_inst
00:33:04.706|20074|active||SELECT dag_run.dag_id, count('*') AS count_1 FROM dag_run WHERE dag_run.dag_id IN ('bench_partition_consumer') AND dag_run.state IN ('running', 'queued') AND dag_run.run_type != 'backfill' GROUP BY da
00:33:05.269|20074|active|Client|SELECT dag_version.id, dag_version.version_number, dag_version.dag_id, dag_version.bundle_name, dag_version.bundle_version, dag_version.version_data, dag_version.created_at, dag_version.last_updated F
00:33:05.836|20074|idle in transaction|Client|SELECT task_instance.id, task_instance.task_id, task_instance.dag_id, task_instance.run_id, task_instance.map_index, task_instance.start_date, task_instance.end_date, task_instance.duration, task_inst
00:33:06.430|20074|active|Client|SELECT max(log_template.id) AS max_1 FROM log_template
00:33:07.014|20074|idle in transaction|Client|INSERT INTO task_instance (id, task_id, dag_id, run_id, map_index, try_number, max_tries, hostname, unixname, pool, pool_slots, queue, priority_weight, operator, custom_operator_name, executor_config,
00:33:07.014|8952|idle in transaction|Client|SELECT asset_partition_dag_run.id, asset_partition_dag_run.target_dag_id, asset_partition_dag_run.created_dag_run_id, asset_partition_dag_run.partition_key, asset_partition_dag_run.partition_date, ass
00:33:07.578|20074|idle in transaction|Client|UPDATE asset_partition_dag_run SET created_dag_run_id=67341, updated_at='2026-09-30T00:33:07.479893+00:00'::timestamptz WHERE asset_partition_dag_run.id = 67334
00:33:07.578|8952|active||SELECT asset_partition_dag_run.id, asset_partition_dag_run.target_dag_id, asset_partition_dag_run.created_dag_run_id, asset_partition_dag_run.partition_key, asset_partition_dag_run.partition_date, ass
00:33:08.163|20074|idle in transaction|Client|SELECT dag_version.id, dag_version.version_number, dag_version.dag_id, dag_version.bundle_name, dag_version.bundle_version, dag_version.version_data, dag_version.created_at, dag_version.last_updated F
00:33:08.163|8952|idle in transaction||INSERT INTO asset_partition_dag_run (target_dag_id, created_dag_run_id, partition_key, partition_date, rollup_fingerprint, created_at, updated_at) VALUES ('bench_partition_consumer', NULL, 'ACCT000567
00:33:08.730|20074|idle in transaction|Client|SELECT dag.dag_id, dag.is_paused, dag.is_stale, dag.exceeds_max_non_backfill, dag.last_parsed_time, dag.last_parse_duration, dag.last_expired, dag.fileloc, dag.relative_fileloc, dag.bundle_name, dag.b
00:33:08.730|8952|active||SELECT asset_partition_dag_run.id, asset_partition_dag_run.target_dag_id, asset_partition_dag_run.created_dag_run_id, asset_partition_dag_run.partition_key, asset_partition_dag_run.partition_date, ass
00:33:09.315|20074|idle in transaction|Client|SELECT task_instance.id, task_instance.task_id, task_instance.dag_id, task_instance.run_id, task_instance.map_index, task_instance.start_date, task_instance.end_date, task_instance.duration, task_inst
00:33:09.315|8952|active||SELECT asset_partition_dag_run.id, asset_partition_dag_run.target_dag_id, asset_partition_dag_run.created_dag_run_id, asset_partition_dag_run.partition_key, asset_partition_dag_run.partition_date, ass
00:33:09.888|20074|idle in transaction|Client|SELECT dag.dag_id AS dag_dag_id, dag.is_paused AS dag_is_paused, dag.is_stale AS dag_is_stale, dag.exceeds_max_non_backfill AS dag_exceeds_max_non_backfill, dag.last_parsed_time AS dag_last_parsed_tim
00:33:09.888|8952|idle in transaction|Client|SELECT asset.id, asset.name, asset.uri, asset."group", asset.extra, asset.created_at, asset.updated_at FROM asset WHERE asset.id = 1
00:33:10.534|8952|active||SELECT asset_partition_dag_run.id, asset_partition_dag_run.target_dag_id, asset_partition_dag_run.created_dag_run_id, asset_partition_dag_run.partition_key, asset_partition_dag_run.partition_date, ass
00:33:11.105|20074|active||SELECT dag_run.id, dag_run.dag_id, dag_run.queued_at, dag_run.logical_date, dag_run.start_date, dag_run.end_date, dag_run.state, dag_run.run_id, dag_run.creating_job_id, dag_run.run_type, dag_run.trig
00:33:11.105|8952|active||SELECT asset_partition_dag_run.id, asset_partition_dag_run.target_dag_id, asset_partition_dag_run.created_dag_run_id, asset_partition_dag_run.partition_key, asset_partition_dag_run.partition_date, ass
00:33:11.715|20074|idle in transaction|Client|SELECT dag.dag_id AS dag_dag_id, dag.is_paused AS dag_is_paused, dag.is_stale AS dag_is_stale, dag.exceeds_max_non_backfill AS dag_exceeds_max_non_backfill, dag.last_parsed_time AS dag_last_parsed_tim
00:33:11.715|8952|idle in transaction|Client|SELECT asset.id FROM asset WHERE asset.id = 1 FOR NO KEY UPDATE
00:33:12.186|20074|idle in transaction|Client|SELECT dag_version.id, dag_version.version_number, dag_version.dag_id, dag_version.bundle_name, dag_version.bundle_version, dag_version.version_data, dag_version.created_at, dag_version.last_updated F
00:33:12.186|8952|active||SELECT asset_partition_dag_run.id, asset_partition_dag_run.target_dag_id, asset_partition_dag_run.created_dag_run_id, asset_partition_dag_run.partition_key, asset_partition_dag_run.partition_date, ass
00:33:12.745|8952|active||SELECT asset_partition_dag_run.id, asset_partition_dag_run.target_dag_id, asset_partition_dag_run.created_dag_run_id, asset_partition_dag_run.partition_key, asset_partition_dag_run.partition_date, ass
00:33:12.745|9080|active|Lock|SELECT task_instance.state, task_instance.try_number, task_instance.max_tries, task_instance.dag_id, task_instance.task_id, task_instance.run_id, task_instance.map_index, task_instance.hostname, dag_r
00:33:13.323|20074|idle in transaction|Client|UPDATE dag_run SET start_date='2026-09-30T00:33:13.232878+00:00'::timestamptz, state='running', updated_at='2026-09-30T00:33:13.318033+00:00'::timestamptz WHERE dag_run.id = 67411
00:33:13.323|8952|active||SELECT asset_partition_dag_run.id, asset_partition_dag_run.target_dag_id, asset_partition_dag_run.created_dag_run_id, asset_partition_dag_run.partition_key, asset_partition_dag_run.partition_date, ass
00:33:13.323|9080|active|Lock|SELECT task_instance.state, task_instance.try_number, task_instance.max_tries, task_instance.dag_id, task_instance.task_id, task_instance.run_id, task_instance.map_index, task_instance.hostname, dag_r
00:33:13.891|20074|idle in transaction|Client|SELECT task_instance.id, task_instance.task_id, task_instance.dag_id, task_instance.run_id, task_instance.map_index, task_instance.start_date, task_instance.end_date, task_instance.duration, task_inst
00:33:13.891|26856|active||autovacuum: VACUUM ANALYZE public.dag_run
00:33:14.468|20074|idle in transaction|Client|SELECT task_instance.dag_version_id FROM task_instance WHERE task_instance.dag_id = 'bench_partition_consumer' AND task_instance.dag_version_id = '01a0efa2-2565-7f80-a0a2-753ce7d9a46b'::uuid::UUID AND
00:33:14.468|26856|active||autovacuum: ANALYZE public.task_instance
00:33:15.045|20074|idle in transaction|Client|SELECT task_instance.dag_version_id FROM task_instance WHERE task_instance.dag_id = 'bench_partition_consumer' AND task_instance.dag_version_id = '01a0efa2-2565-7f80-a0a2-753ce7d9a46b'::uuid::UUID AND
00:33:15.624|20074|active||SELECT dag_run.dag_id, count('*') AS count_1 FROM dag_run WHERE dag_run.dag_id IN ('bench_partition_consumer') AND dag_run.state IN ('running', 'queued') AND dag_run.run_type != 'backfill' GROUP BY da
00:33:16.207|20074|active||SELECT dag_run.dag_id, count('*') AS count_1 FROM dag_run WHERE dag_run.dag_id IN ('bench_partition_consumer') AND dag_run.state IN ('running', 'queued') AND dag_run.run_type != 'backfill' GROUP BY da
00:33:16.777|20074|idle in transaction|Client|SELECT dag.bundle_version FROM dag WHERE dag.dag_id = 'bench_partition_consumer'
00:33:17.375|20074|idle in transaction|Client|SELECT max(log_template.id) AS max_1 FROM log_template
00:33:17.963|20074|active||INSERT INTO task_instance (id, task_id, dag_id, run_id, map_index, try_number, max_tries, hostname, unixname, pool, pool_slots, queue, priority_weight, operator, custom_operator_name, executor_config,
00:33:17.963|8696|idle in transaction|Client|SELECT asset_alias.id, asset_alias.name, asset_alias."group" FROM asset_alias WHERE asset_alias.name IN (NULL) AND (1 != 1)
00:33:18.540|20074|idle in transaction|Client|SELECT asset_event.id, asset_event.asset_id, asset_event.extra, asset_event.source_task_id, asset_event.source_dag_id, asset_event.source_run_id, asset_event.source_map_index, asset_event.timestamp, a
00:33:18.540|8696|active||SELECT asset_partition_dag_run.id, asset_partition_dag_run.target_dag_id, asset_partition_dag_run.created_dag_run_id, asset_partition_dag_run.partition_key, asset_partition_dag_run.partition_date, ass
00:33:19.115|20074|idle in transaction|Client|INSERT INTO dagrun_asset_event (dag_run_id, event_id) VALUES (67901, 67894)
00:33:19.115|8696|idle in transaction|Client|INSERT INTO partitioned_asset_key_log (asset_id, asset_event_id, asset_partition_dag_run_id, source_partition_key, target_dag_id, target_partition_key, created_at) VALUES (1, 68092, 68092, 'ACCT000570
00:33:19.680|20074|idle in transaction|Client|INSERT INTO dag_run (dag_id, queued_at, logical_date, start_date, end_date, state, run_id, creating_job_id, run_type, triggered_by, triggering_user_name, conf, data_interval_start, data_interval_end, 
00:33:19.680|8696|active||SELECT asset.id, asset.name, asset.uri, asset."group", asset.extra, asset.created_at, asset.updated_at, asset_active_1.name AS name_1, asset_active_1.uri AS uri_1, dag_1.dag_id, dag_1.is_paused, dag_1
00:33:20.247|20074|idle in transaction|Client|SELECT dag_version.id, dag_version.version_number, dag_version.dag_id, dag_version.bundle_name, dag_version.bundle_version, dag_version.version_data, dag_version.created_at, dag_version.last_updated F
00:33:20.247|8696|idle in transaction|Client|SELECT asset_alias.id, asset_alias.name, asset_alias."group" FROM asset_alias WHERE asset_alias.name IN (NULL) AND (1 != 1)
00:33:20.814|20074|idle in transaction|Client|SELECT task_instance.dag_version_id FROM task_instance WHERE task_instance.dag_id = 'bench_partition_consumer' AND task_instance.dag_version_id = '01a0efa2-2565-7f80-a0a2-753ce7d9a46b'::uuid::UUID AND
00:33:20.814|8696|active||SELECT asset_partition_dag_run.id, asset_partition_dag_run.target_dag_id, asset_partition_dag_run.created_dag_run_id, asset_partition_dag_run.partition_key, asset_partition_dag_run.partition_date, ass
00:33:21.377|20074|idle in transaction|Client|SELECT slot_pool.pool, slot_pool.slots, slot_pool.include_deferred FROM slot_pool FOR NO KEY UPDATE NOWAIT
00:33:21.377|8696|active||SELECT asset_partition_dag_run.id, asset_partition_dag_run.target_dag_id, asset_partition_dag_run.created_dag_run_id, asset_partition_dag_run.partition_key, asset_partition_dag_run.partition_date, ass
00:33:21.957|20074|active||SELECT dag_run.dag_id, dag_run.backfill_id, count(dag_run.id) AS num_running FROM dag_run WHERE dag_run.state = 'running' GROUP BY dag_run.dag_id, dag_run.backfill_id
00:33:21.957|8696|idle in transaction|Client|SELECT asset_partition_dag_run.id, asset_partition_dag_run.target_dag_id, asset_partition_dag_run.created_dag_run_id, asset_partition_dag_run.partition_key, asset_partition_dag_run.partition_date, ass
00:33:22.574|20074|idle in transaction|Client|SELECT dag.dag_id AS dag_dag_id, dag.is_paused AS dag_is_paused, dag.is_stale AS dag_is_stale, dag.exceeds_max_non_backfill AS dag_exceeds_max_non_backfill, dag.last_parsed_time AS dag_last_parsed_tim
00:33:22.574|8696|idle in transaction|Client|INSERT INTO partitioned_asset_key_log (asset_id, asset_event_id, asset_partition_dag_run_id, source_partition_key, target_dag_id, target_partition_key, created_at) VALUES (1, 68354, 68354, 'ACCT000570
00:33:23.142|20074|idle in transaction|Client|SELECT task_instance.id, task_instance.task_id, task_instance.dag_id, task_instance.run_id, task_instance.map_index, task_instance.start_date, task_instance.end_date, task_instance.duration, task_inst
00:33:23.142|8696|active||SELECT asset_partition_dag_run.id, asset_partition_dag_run.target_dag_id, asset_partition_dag_run.created_dag_run_id, asset_partition_dag_run.partition_key, asset_partition_dag_run.partition_date, ass
00:33:23.707|8696|active|Client|INSERT INTO asset_event (asset_id, extra, source_task_id, source_dag_id, source_run_id, source_map_index, timestamp, partition_key) VALUES (1, '{}'::JSON, 'emit', 'bench_partition_producer', 'part_100
00:33:24.277|20074|idle in transaction|Client|UPDATE dag_run SET start_date='2026-09-30T00:33:24.175546+00:00'::timestamptz, state='running', updated_at='2026-09-30T00:33:24.198459+00:00'::timestamptz WHERE dag_run.id = 67979
00:33:24.277|8696|active||SELECT asset_partition_dag_run.id, asset_partition_dag_run.target_dag_id, asset_partition_dag_run.created_dag_run_id, asset_partition_dag_run.partition_key, asset_partition_dag_run.partition_date, ass
00:33:24.277|8775|active|Lock|SELECT task_instance.state, task_instance.try_number, task_instance.max_tries, task_instance.dag_id, task_instance.task_id, task_instance.run_id, task_instance.map_index, task_instance.hostname, dag_r
00:33:24.847|20074|active||SELECT dag.dag_id AS dag_dag_id, dag.is_paused AS dag_is_paused, dag.is_stale AS dag_is_stale, dag.exceeds_max_non_backfill AS dag_exceeds_max_non_backfill, dag.last_parsed_time AS dag_last_parsed_tim
00:33:25.426|20074|active||SELECT dag_run.dag_id, count('*') AS count_1 FROM dag_run WHERE dag_run.dag_id IN ('bench_partition_consumer') AND dag_run.state IN ('running', 'queued') AND dag_run.run_type != 'backfill' GROUP BY da
00:33:26.008|20074|idle in transaction|Client|SELECT task_instance.dag_version_id FROM task_instance WHERE task_instance.dag_id = 'bench_partition_consumer' AND task_instance.dag_version_id = '01a0efa2-2565-7f80-a0a2-753ce7d9a46b'::uuid::UUID AND
00:33:26.586|20074|active||SELECT dag_run.dag_id, count('*') AS count_1 FROM dag_run WHERE dag_run.dag_id IN ('bench_partition_consumer') AND dag_run.state IN ('running', 'queued') AND dag_run.run_type != 'backfill' GROUP BY da
00:33:27.158|20074|idle in transaction|Client|SELECT dag_version.id, dag_version.version_number, dag_version.dag_id, dag_version.bundle_name, dag_version.bundle_version, dag_version.version_data, dag_version.created_at, dag_version.last_updated F
00:33:27.742|20074|idle in transaction|Client|INSERT INTO task_instance (id, task_id, dag_id, run_id, map_index, try_number, max_tries, hostname, unixname, pool, pool_slots, queue, priority_weight, operator, custom_operator_name, executor_config,
00:33:28.329|20074|idle in transaction|Client|SELECT max(log_template.id) AS max_1 FROM log_template
00:33:28.893|20074|idle in transaction|Client|SELECT asset_event.id, asset_event.asset_id, asset_event.extra, asset_event.source_task_id, asset_event.source_dag_id, asset_event.source_run_id, asset_event.source_map_index, asset_event.timestamp, a
00:33:28.893|8379|idle in transaction|Client|SELECT asset.id, asset.name, asset.uri, asset."group", asset.extra, asset.created_at, asset.updated_at FROM asset WHERE asset.id = 1
00:33:29.479|20074|idle in transaction|Client|SELECT asset_event.id, asset_event.asset_id, asset_event.extra, asset_event.source_task_id, asset_event.source_dag_id, asset_event.source_run_id, asset_event.source_map_index, asset_event.timestamp, a
00:33:29.479|8379|idle in transaction|Client|SELECT serialized_dag.id, serialized_dag.dag_id, serialized_dag.data, serialized_dag.data_compressed, serialized_dag.created_at, serialized_dag.last_updated, serialized_dag.dag_hash, serialized_dag.da
00:33:30.039|20074|idle in transaction|Client|SELECT max(log_template.id) AS max_1 FROM log_template
00:33:30.039|8379|idle in transaction|Client|INSERT INTO asset_event (asset_id, extra, source_task_id, source_dag_id, source_run_id, source_map_index, timestamp, partition_key) VALUES (1, '{}'::JSON, 'emit', 'bench_partition_producer', 'part_100
00:33:30.605|20074|idle in transaction|Client|SELECT dag_version.id, dag_version.version_number, dag_version.dag_id, dag_version.bundle_name, dag_version.bundle_version, dag_version.version_data, dag_version.created_at, dag_version.last_updated F
00:33:30.605|8379|idle in transaction|Client|INSERT INTO asset_event (asset_id, extra, source_task_id, source_dag_id, source_run_id, source_map_index, timestamp, partition_key) VALUES (1, '{}'::JSON, 'emit', 'bench_partition_producer', 'part_100
00:33:31.163|20074|idle in transaction|Client|SELECT dag_version.id, dag_version.version_number, dag_version.dag_id, dag_version.bundle_name, dag_version.bundle_version, dag_version.version_data, dag_version.created_at, dag_version.last_updated F
00:33:31.163|8379|idle in transaction|Client|SELECT serialized_dag.id, serialized_dag.dag_id, serialized_dag.data, serialized_dag.data_compressed, serialized_dag.created_at, serialized_dag.last_updated, serialized_dag.dag_hash, serialized_dag.da
00:33:31.737|20074|idle in transaction|Client|SELECT dag_version.id, dag_version.version_number, dag_version.dag_id, dag_version.bundle_name, dag_version.bundle_version, dag_version.version_data, dag_version.created_at, dag_version.last_updated F
00:33:31.737|8379|idle in transaction|Client|INSERT INTO partitioned_asset_key_log (asset_id, asset_event_id, asset_partition_dag_run_id, source_partition_key, target_dag_id, target_partition_key, created_at) VALUES (1, 68747, 68747, 'ACCT000575
00:33:32.309|8379|active||SELECT asset_partition_dag_run.id, asset_partition_dag_run.target_dag_id, asset_partition_dag_run.created_dag_run_id, asset_partition_dag_run.partition_key, asset_partition_dag_run.partition_date, ass
00:33:32.886|20074|active||SELECT dag_run.id, dag_run.dag_id, dag_run.queued_at, dag_run.logical_date, dag_run.start_date, dag_run.end_date, dag_run.state, dag_run.run_id, dag_run.creating_job_id, dag_run.run_type, dag_run.trig
00:33:32.886|8379|idle in transaction|Client|INSERT INTO asset_event (asset_id, extra, source_task_id, source_dag_id, source_run_id, source_map_index, timestamp, partition_key) VALUES (1, '{}'::JSON, 'emit', 'bench_partition_producer', 'part_100
00:33:33.450|20074|idle in transaction|Client|SELECT task_instance.dag_version_id FROM task_instance WHERE task_instance.dag_id = 'bench_partition_consumer' AND task_instance.dag_version_id = '01a0efa2-2565-7f80-a0a2-753ce7d9a46b'::uuid::UUID AND
00:33:33.450|8379|active||SELECT asset_partition_dag_run.id, asset_partition_dag_run.target_dag_id, asset_partition_dag_run.created_dag_run_id, asset_partition_dag_run.partition_key, asset_partition_dag_run.partition_date, ass
00:33:34.048|20074|active||UPDATE dag_run SET last_scheduling_decision='2026-09-30T00:33:33.854304+00:00'::timestamptz, updated_at='2026-09-30T00:33:33.908954+00:00'::timestamptz, scheduled_by_job_id=1 WHERE dag_run.id = 68397
00:33:34.048|8379|active||SELECT asset_partition_dag_run.id, asset_partition_dag_run.target_dag_id, asset_partition_dag_run.created_dag_run_id, asset_partition_dag_run.partition_key, asset_partition_dag_run.partition_date, ass
00:33:34.625|8379|idle in transaction|Client|SELECT asset_alias.id, asset_alias.name, asset_alias."group" FROM asset_alias WHERE asset_alias.name IN (NULL) AND (1 != 1)
00:33:34.625|8478|active|Lock|SELECT task_instance.state, task_instance.try_number, task_instance.max_tries, task_instance.dag_id, task_instance.task_id, task_instance.run_id, task_instance.map_index, task_instance.hostname, dag_r
00:33:35.189|20074|idle in transaction|Client|SELECT dag_version.id, dag_version.version_number, dag_version.dag_id, dag_version.bundle_name, dag_version.bundle_version, dag_version.version_data, dag_version.created_at, dag_version.last_updated F
00:33:35.757|20074|idle in transaction|Client|SELECT task_instance.dag_version_id FROM task_instance WHERE task_instance.dag_id = 'bench_partition_consumer' AND task_instance.dag_version_id = '01a0efa2-2565-7f80-a0a2-753ce7d9a46b'::uuid::UUID AND
00:33:36.331|20074|active||SELECT dag_run.dag_id, count('*') AS count_1 FROM dag_run WHERE dag_run.dag_id IN ('bench_partition_consumer') AND dag_run.state IN ('running', 'queued') AND dag_run.run_type != 'backfill' GROUP BY da
00:33:36.907|20074|active||SELECT dag_run.dag_id, count('*') AS count_1 FROM dag_run WHERE dag_run.dag_id IN ('bench_partition_consumer') AND dag_run.state IN ('running', 'queued') AND dag_run.run_type != 'backfill' GROUP BY da
00:33:37.477|20074|idle in transaction|Client|UPDATE dag_run SET end_date='2026-09-30T00:33:37.416026+00:00'::timestamptz, state='success', last_scheduling_decision='2026-09-30T00:33:37.414085+00:00'::timestamptz, updated_at='2026-09-30T00:33:37.
00:33:38.047|20074|idle in transaction|Client|SELECT max(log_template.id) AS max_1 FROM log_template
00:33:38.658|20074|idle in transaction|Client|UPDATE asset_partition_dag_run SET created_dag_run_id=68632, updated_at='2026-09-30T00:33:38.597588+00:00'::timestamptz WHERE asset_partition_dag_run.id = 68625
00:33:39.232|20074|idle in transaction|Client|INSERT INTO task_instance (id, task_id, dag_id, run_id, map_index, try_number, max_tries, hostname, unixname, pool, pool_slots, queue, priority_weight, operator, custom_operator_name, executor_config,
00:33:39.232|9080|idle in transaction|Client|SELECT task_instance.state, task_instance.try_number, task_instance.max_tries, task_instance.dag_id, task_instance.task_id, task_instance.run_id, task_instance.map_index, task_instance.hostname, dag_r
00:33:39.818|20074|active|Client|SELECT asset_event.id, asset_event.asset_id, asset_event.extra, asset_event.source_task_id, asset_event.source_dag_id, asset_event.source_run_id, asset_event.source_map_index, asset_event.timestamp, a
00:33:39.818|9080|active||SELECT asset_partition_dag_run.id, asset_partition_dag_run.target_dag_id, asset_partition_dag_run.created_dag_run_id, asset_partition_dag_run.partition_key, asset_partition_dag_run.partition_date, ass
00:33:40.386|20074|idle in transaction|Client|SELECT task_instance.id, task_instance.task_id, task_instance.dag_id, task_instance.run_id, task_instance.map_index, task_instance.start_date, task_instance.end_date, task_instance.duration, task_inst
00:33:40.386|9080|idle in transaction|Client|SELECT serialized_dag.id, serialized_dag.dag_id, serialized_dag.data, serialized_dag.data_compressed, serialized_dag.created_at, serialized_dag.last_updated, serialized_dag.dag_hash, serialized_dag.da
00:33:40.962|20074|idle in transaction|Client|UPDATE asset_partition_dag_run SET created_dag_run_id=68988, updated_at='2026-09-30T00:33:40.899580+00:00'::timestamptz WHERE asset_partition_dag_run.id = 68981
00:33:40.962|9080|active||SELECT asset_partition_dag_run.id, asset_partition_dag_run.target_dag_id, asset_partition_dag_run.created_dag_run_id, asset_partition_dag_run.partition_key, asset_partition_dag_run.partition_date, ass
00:33:41.534|20074|idle in transaction|Client|UPDATE task_instance SET start_date='2026-09-30T00:33:41.470377+00:00'::timestamptz, end_date='2026-09-30T00:33:41.470378+00:00'::timestamptz, duration=0, state='success', try_number=(task_instance.tr
00:33:41.534|9080|idle in transaction|Client|SELECT asset.id, asset.name, asset.uri, asset."group", asset.extra, asset.created_at, asset.updated_at FROM asset WHERE asset.id = 1
00:33:42.116|20074|idle in transaction|Client|SELECT dag_version.id, dag_version.version_number, dag_version.dag_id, dag_version.bundle_name, dag_version.bundle_version, dag_version.version_data, dag_version.created_at, dag_version.last_updated F
00:33:42.116|9080|active||SELECT asset_partition_dag_run.id, asset_partition_dag_run.target_dag_id, asset_partition_dag_run.created_dag_run_id, asset_partition_dag_run.partition_key, asset_partition_dag_run.partition_date, ass
00:33:42.728|20074|idle in transaction|Client|SELECT dag_version.id, dag_version.version_number, dag_version.dag_id, dag_version.bundle_name, dag_version.bundle_version, dag_version.version_data, dag_version.created_at, dag_version.last_updated F
00:33:42.728|9080|idle in transaction||SELECT serialized_dag.id, serialized_dag.dag_id, serialized_dag.data, serialized_dag.data_compressed, serialized_dag.created_at, serialized_dag.last_updated, serialized_dag.dag_hash, serialized_dag.da
00:33:43.315|20074|active||SELECT dag_run.id, dag_run.dag_id, dag_run.queued_at, dag_run.logical_date, dag_run.start_date, dag_run.end_date, dag_run.state, dag_run.run_id, dag_run.creating_job_id, dag_run.run_type, dag_run.trig
00:33:43.315|9080|active||SELECT asset_partition_dag_run.id, asset_partition_dag_run.target_dag_id, asset_partition_dag_run.created_dag_run_id, asset_partition_dag_run.partition_key, asset_partition_dag_run.partition_date, ass
00:33:43.878|20074|idle in transaction|Client|SELECT task_instance.id, task_instance.task_id, task_instance.dag_id, task_instance.run_id, task_instance.map_index, task_instance.start_date, task_instance.end_date, task_instance.duration, task_inst
00:33:43.878|9080|idle in transaction|Client|SELECT asset.id, asset.name, asset.uri, asset."group", asset.extra, asset.created_at, asset.updated_at, asset_active_1.name AS name_1, asset_active_1.uri AS uri_1, dag_1.dag_id, dag_1.is_paused, dag_1
00:33:44.448|20074|idle in transaction|Client|SELECT task_instance.dag_version_id FROM task_instance WHERE task_instance.dag_id = 'bench_partition_consumer' AND task_instance.dag_version_id = '01a0efa2-2565-7f80-a0a2-753ce7d9a46b'::uuid::UUID AND
00:33:44.448|9080|active||SELECT asset_partition_dag_run.id, asset_partition_dag_run.target_dag_id, asset_partition_dag_run.created_dag_run_id, asset_partition_dag_run.partition_key, asset_partition_dag_run.partition_date, ass
00:33:45.028|20074|idle in transaction|Client|SELECT dag_version.id, dag_version.version_number, dag_version.dag_id, dag_version.bundle_name, dag_version.bundle_version, dag_version.version_data, dag_version.created_at, dag_version.last_updated F
00:33:45.028|9080|active||SELECT asset_partition_dag_run.id, asset_partition_dag_run.target_dag_id, asset_partition_dag_run.created_dag_run_id, asset_partition_dag_run.partition_key, asset_partition_dag_run.partition_date, ass
00:33:45.751|20046|idle in transaction|Client|BEGIN
00:33:45.751|20074|idle in transaction|Client|SELECT dag_version.id, dag_version.version_number, dag_version.dag_id, dag_version.bundle_name, dag_version.bundle_version, dag_version.version_data, dag_version.created_at, dag_version.last_updated F
00:33:45.751|21625|active|Lock|SELECT task_instance.state, task_instance.try_number, task_instance.max_tries, task_instance.dag_id, task_instance.task_id, task_instance.run_id, task_instance.map_index, task_instance.hostname, dag_r
00:33:45.751|9080|idle in transaction|Client|SELECT serialized_dag.id, serialized_dag.dag_id, serialized_dag.data, serialized_dag.data_compressed, serialized_dag.created_at, serialized_dag.last_updated, serialized_dag.dag_hash, serialized_dag.da
00:33:46.317|20074|idle in transaction|Client|SELECT task_instance.id, task_instance.task_id, task_instance.dag_id, task_instance.run_id, task_instance.map_index, task_instance.start_date, task_instance.end_date, task_instance.duration, task_inst
00:33:46.880|20074|active||SELECT dag_run.dag_id, count('*') AS count_1 FROM dag_run WHERE dag_run.dag_id IN ('bench_partition_consumer') AND dag_run.state IN ('running', 'queued') AND dag_run.run_type != 'backfill' GROUP BY da
00:33:47.450|20074|active||SELECT dag_run.dag_id, count('*') AS count_1 FROM dag_run WHERE dag_run.dag_id IN ('bench_partition_consumer') AND dag_run.state IN ('running', 'queued') AND dag_run.run_type != 'backfill' GROUP BY da
00:33:48.025|20074|idle in transaction|Client|SELECT task_instance.id, task_instance.task_id, task_instance.dag_id, task_instance.run_id, task_instance.map_index, task_instance.start_date, task_instance.end_date, task_instance.duration, task_inst
00:33:48.614|20074|active||SELECT dag_run.dag_id, count('*') AS count_1 FROM dag_run WHERE dag_run.dag_id IN ('bench_partition_consumer') AND dag_run.state IN ('running', 'queued') AND dag_run.run_type != 'backfill' GROUP BY da
00:33:49.184|20074|idle in transaction|Client|INSERT INTO task_instance (id, task_id, dag_id, run_id, map_index, try_number, max_tries, hostname, unixname, pool, pool_slots, queue, priority_weight, operator, custom_operator_name, executor_config,
00:33:49.751|20074|idle in transaction|Client|INSERT INTO dag_run (dag_id, queued_at, logical_date, start_date, end_date, state, run_id, creating_job_id, run_type, triggered_by, triggering_user_name, conf, data_interval_start, data_interval_end, 
00:33:50.338|20074|idle in transaction|Client|UPDATE asset_partition_dag_run SET created_dag_run_id=69234, updated_at='2026-09-30T00:33:50.276518+00:00'::timestamptz WHERE asset_partition_dag_run.id = 69227
00:33:50.338|8775|active||SELECT asset_partition_dag_run.id, asset_partition_dag_run.target_dag_id, asset_partition_dag_run.created_dag_run_id, asset_partition_dag_run.partition_key, asset_partition_dag_run.partition_date, ass
00:33:50.925|20074|idle in transaction|Client|SELECT dag_version.id, dag_version.version_number, dag_version.dag_id, dag_version.bundle_name, dag_version.bundle_version, dag_version.version_data, dag_version.created_at, dag_version.last_updated F
00:33:50.925|8775|active||SELECT asset_partition_dag_run.id, asset_partition_dag_run.target_dag_id, asset_partition_dag_run.created_dag_run_id, asset_partition_dag_run.partition_key, asset_partition_dag_run.partition_date, ass
00:33:51.491|20074|idle in transaction||INSERT INTO dag_run (dag_id, queued_at, logical_date, start_date, end_date, state, run_id, creating_job_id, run_type, triggered_by, triggering_user_name, conf, data_interval_start, data_interval_end, 
00:33:51.491|8775|idle in transaction|Client|INSERT INTO asset_partition_dag_run (target_dag_id, created_dag_run_id, partition_key, partition_date, rollup_fingerprint, created_at, updated_at) VALUES ('bench_partition_consumer', NULL, 'ACCT000588
00:33:52.062|20074|active||SELECT asset_event.id, asset_event.asset_id, asset_event.extra, asset_event.source_task_id, asset_event.source_dag_id, asset_event.source_run_id, asset_event.source_map_index, asset_event.timestamp, a
00:33:52.062|8775|idle in transaction|Client|INSERT INTO asset_partition_dag_run (target_dag_id, created_dag_run_id, partition_key, partition_date, rollup_fingerprint, created_at, updated_at) VALUES ('bench_partition_consumer', NULL, 'ACCT000588
00:33:52.632|20074|idle in transaction|Client|SELECT task_instance.dag_version_id FROM task_instance WHERE task_instance.dag_id = 'bench_partition_consumer' AND task_instance.dag_version_id = '01a0efa2-2565-7f80-a0a2-753ce7d9a46b'::uuid::UUID AND
00:33:52.632|8775|active||SELECT asset_partition_dag_run.id, asset_partition_dag_run.target_dag_id, asset_partition_dag_run.created_dag_run_id, asset_partition_dag_run.partition_key, asset_partition_dag_run.partition_date, ass
00:33:53.199|20074|idle in transaction|Client|SELECT task_instance.dag_version_id FROM task_instance WHERE task_instance.dag_id = 'bench_partition_consumer' AND task_instance.dag_version_id = '01a0efa2-2565-7f80-a0a2-753ce7d9a46b'::uuid::UUID AND
00:33:53.199|8775|active||SELECT asset_partition_dag_run.id, asset_partition_dag_run.target_dag_id, asset_partition_dag_run.created_dag_run_id, asset_partition_dag_run.partition_key, asset_partition_dag_run.partition_date, ass
00:33:53.769|20074|idle in transaction|Client|SELECT task_instance.dag_id, task_instance.task_id, task_instance.run_id, task_instance.state, count('*') AS count_1 FROM task_instance WHERE task_instance.state IN ('awaiting_input', 'running', 'defe
00:33:53.769|8775|idle in transaction|Client|SELECT asset_partition_dag_run.id, asset_partition_dag_run.target_dag_id, asset_partition_dag_run.created_dag_run_id, asset_partition_dag_run.partition_key, asset_partition_dag_run.partition_date, ass
00:33:54.354|20074|active||SELECT dag_run.dag_id, dag_run.backfill_id, count(dag_run.id) AS num_running FROM dag_run WHERE dag_run.state = 'running' GROUP BY dag_run.dag_id, dag_run.backfill_id
00:33:54.354|8775|active||SELECT asset_partition_dag_run.id, asset_partition_dag_run.target_dag_id, asset_partition_dag_run.created_dag_run_id, asset_partition_dag_run.partition_key, asset_partition_dag_run.partition_date, ass
00:33:54.910|20074|idle in transaction|Client|SELECT dag_version.id, dag_version.version_number, dag_version.dag_id, dag_version.bundle_name, dag_version.bundle_version, dag_version.version_data, dag_version.created_at, dag_version.last_updated F
00:33:54.910|8775|active||SELECT asset_partition_dag_run.id, asset_partition_dag_run.target_dag_id, asset_partition_dag_run.created_dag_run_id, asset_partition_dag_run.partition_key, asset_partition_dag_run.partition_date, ass
00:33:55.468|20074|idle in transaction|Client|SELECT dag_version.id, dag_version.version_number, dag_version.dag_id, dag_version.bundle_name, dag_version.bundle_version, dag_version.version_data, dag_version.created_at, dag_version.last_updated F
00:33:55.468|8775|idle in transaction|Client|SELECT asset_alias.id, asset_alias.name, asset_alias."group" FROM asset_alias WHERE asset_alias.name IN (NULL) AND (1 != 1)
00:33:56.054|8775|idle in transaction|Client|SELECT asset.id, asset.name, asset.uri, asset."group", asset.extra, asset.created_at, asset.updated_at, asset_active_1.name AS name_1, asset_active_1.uri AS uri_1, dag_1.dag_id, dag_1.is_paused, dag_1
00:33:56.634|20074|active||SELECT dag_run.id, dag_run.dag_id, dag_run.queued_at, dag_run.logical_date, dag_run.start_date, dag_run.end_date, dag_run.state, dag_run.run_id, dag_run.creating_job_id, dag_run.run_type, dag_run.trig
00:33:56.634|8775|idle in transaction|Client|SELECT serialized_dag.id, serialized_dag.dag_id, serialized_dag.data, serialized_dag.data_compressed, serialized_dag.created_at, serialized_dag.last_updated, serialized_dag.dag_hash, serialized_dag.da
00:33:56.634|8860|active|Lock|SELECT task_instance.state, task_instance.try_number, task_instance.max_tries, task_instance.dag_id, task_instance.task_id, task_instance.run_id, task_instance.map_index, task_instance.hostname, dag_r
00:33:57.196|20074|idle in transaction|Client|UPDATE dag_run SET last_scheduling_decision='2026-09-30T00:33:56.947422+00:00'::timestamptz, updated_at='2026-09-30T00:33:57.107050+00:00'::timestamptz, scheduled_by_job_id=1 WHERE dag_run.id = 69475
00:33:57.779|20074|active||SELECT task_instance.id, task_instance.task_id, task_instance.dag_id, task_instance.run_id, task_instance.map_index, task_instance.start_date, task_instance.end_date, task_instance.duration, task_inst
00:33:58.343|20074|active||SELECT dag_run.dag_id, count('*') AS count_1 FROM dag_run WHERE dag_run.dag_id IN ('bench_partition_consumer') AND dag_run.state IN ('running', 'queued') AND dag_run.run_type != 'backfill' GROUP BY da
00:33:58.929|20074|active||SELECT dag_run.dag_id, count('*') AS count_1 FROM dag_run WHERE dag_run.dag_id IN ('bench_partition_consumer') AND dag_run.state IN ('running', 'queued') AND dag_run.run_type != 'backfill' GROUP BY da
00:33:59.493|20074|idle in transaction|Client|SELECT dag_version.id, dag_version.version_number, dag_version.dag_id, dag_version.bundle_name, dag_version.bundle_version, dag_version.version_data, dag_version.created_at, dag_version.last_updated F
00:34:00.063|20074|idle in transaction|Client|SELECT task_instance.id, task_instance.task_id, task_instance.dag_id, task_instance.run_id, task_instance.map_index, task_instance.start_date, task_instance.end_date, task_instance.duration, task_inst
00:34:00.642|20074|idle in transaction|Client|INSERT INTO dag_run (dag_id, queued_at, logical_date, start_date, end_date, state, run_id, creating_job_id, run_type, triggered_by, triggering_user_name, conf, data_interval_start, data_interval_end, 
00:34:01.215|20074|idle in transaction|Client|SELECT task_instance.id, task_instance.task_id, task_instance.dag_id, task_instance.run_id, task_instance.map_index, task_instance.start_date, task_instance.end_date, task_instance.duration, task_inst
00:34:01.215|8478|active||SELECT asset_partition_dag_run.id, asset_partition_dag_run.target_dag_id, asset_partition_dag_run.created_dag_run_id, asset_partition_dag_run.partition_key, asset_partition_dag_run.partition_date, ass
00:34:01.794|20074|idle in transaction|Client|SELECT max(log_template.id) AS max_1 FROM log_template
00:34:01.794|8478|idle in transaction|Client|SELECT asset_partition_dag_run.id, asset_partition_dag_run.target_dag_id, asset_partition_dag_run.created_dag_run_id, asset_partition_dag_run.partition_key, asset_partition_dag_run.partition_date, ass
00:34:02.364|20074|idle in transaction|Client|UPDATE asset_partition_dag_run SET created_dag_run_id=69922, updated_at='2026-09-30T00:34:02.304505+00:00'::timestamptz WHERE asset_partition_dag_run.id = 69915
00:34:02.364|8478|idle in transaction|Client|SELECT asset.id, asset.name, asset.uri, asset."group", asset.extra, asset.created_at, asset.updated_at, asset_active_1.name AS name_1, asset_active_1.uri AS uri_1, dag_1.dag_id, dag_1.is_paused, dag_1
00:34:02.948|20074|idle in transaction|Client|SELECT dag_run.id, dag_run.dag_id, dag_run.queued_at, dag_run.logical_date, dag_run.start_date, dag_run.end_date, dag_run.state, dag_run.run_id, dag_run.creating_job_id, dag_run.run_type, dag_run.trig
00:34:02.948|8478|idle in transaction|Client|SELECT asset.id, asset.name, asset.uri, asset."group", asset.extra, asset.created_at, asset.updated_at FROM asset WHERE asset.id = 1
00:34:03.526|20074|active||SELECT dag.dag_id AS dag_dag_id, dag.is_paused AS dag_is_paused, dag.is_stale AS dag_is_stale, dag.exceeds_max_non_backfill AS dag_exceeds_max_non_backfill, dag.last_parsed_time AS dag_last_parsed_tim
00:34:03.526|8478|idle in transaction|Client|SELECT asset.id, asset.name, asset.uri, asset."group", asset.extra, asset.created_at, asset.updated_at, asset_active_1.name AS name_1, asset_active_1.uri AS uri_1, dag_1.dag_id, dag_1.is_paused, dag_1
00:34:04.103|20074|idle in transaction|Client|SELECT task_instance.id, task_instance.task_id, task_instance.dag_id, task_instance.run_id, task_instance.map_index, task_instance.start_date, task_instance.end_date, task_instance.duration, task_inst
00:34:04.103|8478|active||SELECT asset_partition_dag_run.id, asset_partition_dag_run.target_dag_id, asset_partition_dag_run.created_dag_run_id, asset_partition_dag_run.partition_key, asset_partition_dag_run.partition_date, ass
00:34:04.678|8478|active||SELECT asset_partition_dag_run.id, asset_partition_dag_run.target_dag_id, asset_partition_dag_run.created_dag_run_id, asset_partition_dag_run.partition_key, asset_partition_dag_run.partition_date, ass
00:34:05.251|20074|idle in transaction|Client|SELECT dag_version.id, dag_version.version_number, dag_version.dag_id, dag_version.bundle_name, dag_version.bundle_version, dag_version.version_data, dag_version.created_at, dag_version.last_updated F
00:34:05.251|8478|idle in transaction|Client|INSERT INTO asset_partition_dag_run (target_dag_id, created_dag_run_id, partition_key, partition_date, rollup_fingerprint, created_at, updated_at) VALUES ('bench_partition_consumer', NULL, 'ACCT000591
00:34:05.810|20074|idle in transaction|Client|SELECT task_instance.dag_version_id FROM task_instance WHERE task_instance.dag_id = 'bench_partition_consumer' AND task_instance.dag_version_id = '01a0efa2-2565-7f80-a0a2-753ce7d9a46b'::uuid::UUID AND
00:34:05.810|8478|active||SELECT asset_partition_dag_run.id, asset_partition_dag_run.target_dag_id, asset_partition_dag_run.created_dag_run_id, asset_partition_dag_run.partition_key, asset_partition_dag_run.partition_date, ass
00:34:06.371|20074|idle in transaction|Client|SELECT dag.dag_id AS dag_dag_id, dag.is_paused AS dag_is_paused, dag.is_stale AS dag_is_stale, dag.exceeds_max_non_backfill AS dag_exceeds_max_non_backfill, dag.last_parsed_time AS dag_last_parsed_tim
00:34:06.371|8478|idle in transaction|Client|SELECT asset.id FROM asset WHERE asset.id = 1 FOR NO KEY UPDATE
00:34:06.929|8478|active||SELECT asset_partition_dag_run.id, asset_partition_dag_run.target_dag_id, asset_partition_dag_run.created_dag_run_id, asset_partition_dag_run.partition_key, asset_partition_dag_run.partition_date, ass
00:34:07.510|20074|active||SELECT dag_run.id, dag_run.dag_id, dag_run.queued_at, dag_run.logical_date, dag_run.start_date, dag_run.end_date, dag_run.state, dag_run.run_id, dag_run.creating_job_id, dag_run.run_type, dag_run.trig
00:34:07.510|8478|active||SELECT asset_partition_dag_run.id, asset_partition_dag_run.target_dag_id, asset_partition_dag_run.created_dag_run_id, asset_partition_dag_run.partition_key, asset_partition_dag_run.partition_date, ass
00:34:07.510|8632|active|Lock|SELECT task_instance.state, task_instance.try_number, task_instance.max_tries, task_instance.dag_id, task_instance.task_id, task_instance.run_id, task_instance.map_index, task_instance.hostname, dag_r
00:34:08.093|20074|active|Client|SELECT dag_version.id, dag_version.version_number, dag_version.dag_id, dag_version.bundle_name, dag_version.bundle_version, dag_version.version_data, dag_version.created_at, dag_version.last_updated F
00:34:08.658|20074|idle in transaction|Client|UPDATE dag_run SET end_date='2026-09-30T00:34:08.598869+00:00'::timestamptz, state='success', last_scheduling_decision='2026-09-30T00:34:08.597384+00:00'::timestamptz, updated_at='2026-09-30T00:34:08.
00:34:09.224|20074|idle in transaction|Client|SELECT task_instance.id, task_instance.task_id, task_instance.dag_id, task_instance.run_id, task_instance.map_index, task_instance.start_date, task_instance.end_date, task_instance.duration, task_inst
00:34:09.791|20074|active||SELECT dag_run.dag_id, count('*') AS count_1 FROM dag_run WHERE dag_run.dag_id IN ('bench_partition_consumer') AND dag_run.state IN ('running', 'queued') AND dag_run.run_type != 'backfill' GROUP BY da
00:34:10.352|20074|idle in transaction|Client|SELECT slot_pool.pool, slot_pool.slots, slot_pool.include_deferred FROM slot_pool FOR NO KEY UPDATE NOWAIT
00:34:10.930|20074|idle in transaction|Client|INSERT INTO dagrun_asset_event (dag_run_id, event_id) VALUES (70094, 70087)
00:34:11.539|20074|idle in transaction||SELECT task_instance.id, task_instance.task_id, task_instance.dag_id, task_instance.run_id, task_instance.map_index, task_instance.start_date, task_instance.end_date, task_instance.duration, task_inst
00:34:12.132|20074|idle in transaction|Client|SELECT max(log_template.id) AS max_1 FROM log_template
00:34:12.132|21625|idle in transaction|Client|INSERT INTO asset_partition_dag_run (target_dag_id, created_dag_run_id, partition_key, partition_date, rollup_fingerprint, created_at, updated_at) VALUES ('bench_partition_consumer', NULL, 'ACCT000595
00:34:12.713|20074|idle in transaction|Client|INSERT INTO task_instance (id, task_id, dag_id, run_id, map_index, try_number, max_tries, hostname, unixname, pool, pool_slots, queue, priority_weight, operator, custom_operator_name, executor_config,
00:34:12.713|21625|idle in transaction|Client|SELECT asset_partition_dag_run.id, asset_partition_dag_run.target_dag_id, asset_partition_dag_run.created_dag_run_id, asset_partition_dag_run.partition_key, asset_partition_dag_run.partition_date, ass
00:34:13.301|20074|idle in transaction|Client|INSERT INTO dagrun_asset_event (dag_run_id, event_id) VALUES (70452, 70445)
00:34:13.301|21625|idle in transaction|Client|INSERT INTO asset_partition_dag_run (target_dag_id, created_dag_run_id, partition_key, partition_date, rollup_fingerprint, created_at, updated_at) VALUES ('bench_partition_consumer', NULL, 'ACCT000596
00:34:13.886|20074|idle in transaction|Client|UPDATE dag_run SET start_date='2026-09-30T00:34:13.686208+00:00'::timestamptz, state='running', updated_at='2026-09-30T00:34:13.824313+00:00'::timestamptz WHERE dag_run.id = 70009
00:34:13.886|21625|idle in transaction|Client|SELECT asset_partition_dag_run.id, asset_partition_dag_run.target_dag_id, asset_partition_dag_run.created_dag_run_id, asset_partition_dag_run.partition_key, asset_partition_dag_run.partition_date, ass
00:34:13.886|27603|active||autovacuum: VACUUM ANALYZE public.asset_event
00:34:14.450|20074|idle in transaction|Client|SELECT dag_version.id, dag_version.version_number, dag_version.dag_id, dag_version.bundle_name, dag_version.bundle_version, dag_version.version_data, dag_version.created_at, dag_version.last_updated F
00:34:14.450|21625|active||SELECT asset_partition_dag_run.id, asset_partition_dag_run.target_dag_id, asset_partition_dag_run.created_dag_run_id, asset_partition_dag_run.partition_key, asset_partition_dag_run.partition_date, ass
00:34:14.450|27603|active||autovacuum: VACUUM public.asset_partition_dag_run
00:34:15.023|20074|idle in transaction|Client|SELECT dag_version.id, dag_version.version_number, dag_version.dag_id, dag_version.bundle_name, dag_version.bundle_version, dag_version.version_data, dag_version.created_at, dag_version.last_updated F
00:34:15.023|21625|idle in transaction|Client|SELECT asset_alias.id, asset_alias.name, asset_alias."group" FROM asset_alias WHERE asset_alias.name IN (NULL) AND (1 != 1)
00:34:15.589|21625|active||SELECT asset_partition_dag_run.id, asset_partition_dag_run.target_dag_id, asset_partition_dag_run.created_dag_run_id, asset_partition_dag_run.partition_key, asset_partition_dag_run.partition_date, ass
00:34:16.154|20074|active|Client|UPDATE dag_run SET start_date='2026-09-30T00:34:15.990805+00:00'::timestamptz, state='running', updated_at='2026-09-30T00:34:16.049596+00:00'::timestamptz WHERE dag_run.id = 70310
00:34:16.154|21625|idle in transaction|Client|INSERT INTO partitioned_asset_key_log (asset_id, asset_event_id, asset_partition_dag_run_id, source_partition_key, target_dag_id, target_partition_key, created_at) VALUES (1, 70825, 70825, 'ACCT000596
00:34:16.718|20074|idle in transaction|Client|SELECT dag_version.id, dag_version.version_number, dag_version.dag_id, dag_version.bundle_name, dag_version.bundle_version, dag_version.version_data, dag_version.created_at, dag_version.last_updated F
00:34:16.718|21625|idle in transaction|Client|INSERT INTO asset_partition_dag_run (target_dag_id, created_dag_run_id, partition_key, partition_date, rollup_fingerprint, created_at, updated_at) VALUES ('bench_partition_consumer', NULL, 'ACCT000598
00:34:17.289|20074|idle in transaction|Client|SELECT dag.dag_id AS dag_dag_id, dag.is_paused AS dag_is_paused, dag.is_stale AS dag_is_stale, dag.exceeds_max_non_backfill AS dag_exceeds_max_non_backfill, dag.last_parsed_time AS dag_last_parsed_tim
00:34:17.289|21625|idle in transaction||INSERT INTO asset_partition_dag_run (target_dag_id, created_dag_run_id, partition_key, partition_date, rollup_fingerprint, created_at, updated_at) VALUES ('bench_partition_consumer', NULL, 'ACCT000595
00:34:17.869|21625|idle in transaction|Client|INSERT INTO asset_partition_dag_run (target_dag_id, created_dag_run_id, partition_key, partition_date, rollup_fingerprint, created_at, updated_at) VALUES ('bench_partition_consumer', NULL, 'ACCT000596
00:34:17.869|21886|active|Lock|SELECT task_instance.state, task_instance.try_number, task_instance.max_tries, task_instance.dag_id, task_instance.task_id, task_instance.run_id, task_instance.map_index, task_instance.hostname, dag_r
00:34:18.432|20074|idle in transaction|Client|UPDATE task_instance SET start_date='2026-09-30T00:34:18.371227+00:00'::timestamptz, end_date='2026-09-30T00:34:18.371228+00:00'::timestamptz, duration=0, state='success', try_number=(task_instance.tr
00:34:18.432|21625|idle in transaction|Client|SELECT serialized_dag.id, serialized_dag.dag_id, serialized_dag.data, serialized_dag.data_compressed, serialized_dag.created_at, serialized_dag.last_updated, serialized_dag.dag_hash, serialized_dag.da
00:34:18.432|21886|active|Lock|SELECT task_instance.state, task_instance.try_number, task_instance.max_tries, task_instance.dag_id, task_instance.task_id, task_instance.run_id, task_instance.map_index, task_instance.hostname, dag_r
00:34:18.992|20074|active||SELECT dag_run.dag_id, count('*') AS count_1 FROM dag_run WHERE dag_run.dag_id IN ('bench_partition_consumer') AND dag_run.state IN ('running', 'queued') AND dag_run.run_type != 'backfill' GROUP BY da
00:34:19.557|20074|idle in transaction|Client|SELECT dag_run.dag_id, count('*') AS count_1 FROM dag_run WHERE dag_run.dag_id IN ('bench_partition_consumer') AND dag_run.state IN ('running', 'queued') AND dag_run.run_type != 'backfill' GROUP BY da
00:34:20.140|20074|active||SELECT dag_run.dag_id, count('*') AS count_1 FROM dag_run WHERE dag_run.dag_id IN ('bench_partition_consumer') AND dag_run.state IN ('running', 'queued') AND dag_run.run_type != 'backfill' GROUP BY da
00:34:20.704|20074|active||SELECT dag_run.dag_id, count('*') AS count_1 FROM dag_run WHERE dag_run.dag_id IN ('bench_partition_consumer') AND dag_run.state IN ('running', 'queued') AND dag_run.run_type != 'backfill' GROUP BY da
00:34:21.878|20046|idle in transaction|Client|SELECT asset.id, asset.name, asset.uri, asset."group", asset.extra, asset.created_at, asset.updated_at FROM asset WHERE NOT (EXISTS (SELECT 1 FROM dag_schedule_asset_reference WHERE asset.id = dag_sch
00:34:21.878|20074|idle in transaction|Client|INSERT INTO dagrun_asset_event (dag_run_id, event_id) VALUES (70597, 70590)
00:34:22.449|20074|active||INSERT INTO task_instance (id, task_id, dag_id, run_id, map_index, try_number, max_tries, hostname, unixname, pool, pool_slots, queue, priority_weight, operator, custom_operator_name, executor_config,
00:34:22.449|8632|idle in transaction|Client|SELECT xcom.dag_run_id, xcom.task_id, xcom.map_index, xcom.key, xcom.dag_result, xcom.dag_id, xcom.run_id, xcom.value, xcom.timestamp, dag_run_1.id, dag_run_1.dag_id AS dag_id_1, dag_run_1.queued_at, 
00:34:23.029|20074|idle in transaction|Client|SELECT asset_event.id, asset_event.asset_id, asset_event.extra, asset_event.source_task_id, asset_event.source_dag_id, asset_event.source_run_id, asset_event.source_map_index, asset_event.timestamp, a
00:34:23.029|8860|active||SELECT asset_partition_dag_run.id, asset_partition_dag_run.target_dag_id, asset_partition_dag_run.created_dag_run_id, asset_partition_dag_run.partition_key, asset_partition_dag_run.partition_date, ass
00:34:23.605|20074|active|Client|SELECT max(log_template.id) AS max_1 FROM log_template
00:34:23.605|8860|active||SELECT asset_partition_dag_run.id, asset_partition_dag_run.target_dag_id, asset_partition_dag_run.created_dag_run_id, asset_partition_dag_run.partition_key, asset_partition_dag_run.partition_date, ass
00:34:24.195|20074|idle in transaction|Client|UPDATE asset_partition_dag_run SET created_dag_run_id=70942, updated_at='2026-09-30T00:34:24.134031+00:00'::timestamptz WHERE asset_partition_dag_run.id = 70935
00:34:24.195|8860|idle in transaction|Client|INSERT INTO asset_partition_dag_run (target_dag_id, created_dag_run_id, partition_key, partition_date, rollup_fingerprint, created_at, updated_at) VALUES ('bench_partition_consumer', NULL, 'ACCT000600
00:34:24.794|20074|active|Client|SELECT dag_version.id, dag_version.version_number, dag_version.dag_id, dag_version.bundle_name, dag_version.bundle_version, dag_version.version_data, dag_version.created_at, dag_version.last_updated F
00:34:24.794|8860|active||SELECT asset_partition_dag_run.id, asset_partition_dag_run.target_dag_id, asset_partition_dag_run.created_dag_run_id, asset_partition_dag_run.partition_key, asset_partition_dag_run.partition_date, ass
00:34:25.363|20074|active||SELECT dag_version.id, dag_version.version_number, dag_version.dag_id, dag_version.bundle_name, dag_version.bundle_version, dag_version.version_data, dag_version.created_at, dag_version.last_updated F
00:34:25.363|8860|idle in transaction||SELECT asset.id FROM asset WHERE asset.id = 1 FOR NO KEY UPDATE
00:34:25.936|20074|idle in transaction|Client|UPDATE task_instance SET start_date='2026-09-30T00:34:25.872900+00:00'::timestamptz, end_date='2026-09-30T00:34:25.872901+00:00'::timestamptz, duration=0, state='success', try_number=(task_instance.tr
00:34:25.936|8860|idle in transaction|Client|INSERT INTO asset_event (asset_id, extra, source_task_id, source_dag_id, source_run_id, source_map_index, timestamp, partition_key) VALUES (1, '{}'::JSON, 'emit', 'bench_partition_producer', 'part_100
00:34:26.506|8860|idle in transaction|Client|SELECT asset.id, asset.name, asset.uri, asset."group", asset.extra, asset.created_at, asset.updated_at, asset_active_1.name AS name_1, asset_active_1.uri AS uri_1, dag_1.dag_id, dag_1.is_paused, dag_1
00:34:27.071|20074|idle in transaction|Client|SELECT dag_version.id, dag_version.version_number, dag_version.dag_id, dag_version.bundle_name, dag_version.bundle_version, dag_version.version_data, dag_version.created_at, dag_version.last_updated F
00:34:27.071|8860|active||SELECT asset_partition_dag_run.id, asset_partition_dag_run.target_dag_id, asset_partition_dag_run.created_dag_run_id, asset_partition_dag_run.partition_key, asset_partition_dag_run.partition_date, ass
00:34:27.654|20074|idle in transaction|Client|SELECT dag.dag_id AS dag_dag_id, dag.is_paused AS dag_is_paused, dag.is_stale AS dag_is_stale, dag.exceeds_max_non_backfill AS dag_exceeds_max_non_backfill, dag.last_parsed_time AS dag_last_parsed_tim
00:34:27.654|8860|idle in transaction|Client|INSERT INTO asset_event (asset_id, extra, source_task_id, source_dag_id, source_run_id, source_map_index, timestamp, partition_key) VALUES (1, '{}'::JSON, 'emit', 'bench_partition_producer', 'part_100
00:34:28.224|20074|idle in transaction|Client|SELECT task_instance.dag_version_id FROM task_instance WHERE task_instance.dag_id = 'bench_partition_consumer' AND task_instance.dag_version_id = '01a0efa2-2565-7f80-a0a2-753ce7d9a46b'::uuid::UUID AND
00:34:28.224|8860|active||SELECT asset_partition_dag_run.id, asset_partition_dag_run.target_dag_id, asset_partition_dag_run.created_dag_run_id, asset_partition_dag_run.partition_key, asset_partition_dag_run.partition_date, ass
00:34:28.786|8860|active||SELECT asset_partition_dag_run.id, asset_partition_dag_run.target_dag_id, asset_partition_dag_run.created_dag_run_id, asset_partition_dag_run.partition_key, asset_partition_dag_run.partition_date, ass
00:34:28.786|8952|active|Lock|SELECT task_instance.state, task_instance.try_number, task_instance.max_tries, task_instance.dag_id, task_instance.task_id, task_instance.run_id, task_instance.map_index, task_instance.hostname, dag_r
00:34:29.389|20074|active||SELECT dag_run.id, dag_run.dag_id, dag_run.queued_at, dag_run.logical_date, dag_run.start_date, dag_run.end_date, dag_run.state, dag_run.run_id, dag_run.creating_job_id, dag_run.run_type, dag_run.trig
00:34:29.389|8860|active||SELECT asset_partition_dag_run.id, asset_partition_dag_run.target_dag_id, asset_partition_dag_run.created_dag_run_id, asset_partition_dag_run.partition_key, asset_partition_dag_run.partition_date, ass
00:34:29.389|8952|active|Lock|SELECT task_instance.state, task_instance.try_number, task_instance.max_tries, task_instance.dag_id, task_instance.task_id, task_instance.run_id, task_instance.map_index, task_instance.hostname, dag_r
00:34:29.959|20074|idle in transaction|Client|UPDATE dag_run SET end_date='2026-09-30T00:34:29.895314+00:00'::timestamptz, state='success', last_scheduling_decision='2026-09-30T00:34:29.893719+00:00'::timestamptz, updated_at='2026-09-30T00:34:29.
00:34:30.525|20074|active||SELECT dag_run.dag_id, count('*') AS count_1 FROM dag_run WHERE dag_run.dag_id IN ('bench_partition_consumer') AND dag_run.state IN ('running', 'queued') AND dag_run.run_type != 'backfill' GROUP BY da
00:34:31.098|20074|idle in transaction|Client|SELECT task_instance.dag_version_id FROM task_instance WHERE task_instance.dag_id = 'bench_partition_consumer' AND task_instance.dag_version_id = '01a0efa2-2565-7f80-a0a2-753ce7d9a46b'::uuid::UUID AND
00:34:31.665|20074|active||SELECT dag_run.dag_id, count('*') AS count_1 FROM dag_run WHERE dag_run.dag_id IN ('bench_partition_consumer') AND dag_run.state IN ('running', 'queued') AND dag_run.run_type != 'backfill' GROUP BY da
00:34:32.241|20074|active||SELECT task_instance.id, task_instance.task_id, task_instance.dag_id, task_instance.run_id, task_instance.map_index, task_instance.start_date, task_instance.end_date, task_instance.duration, task_inst
00:34:32.829|20074|active||SELECT task_instance.id, task_instance.task_id, task_instance.dag_id, task_instance.run_id, task_instance.map_index, task_instance.start_date, task_instance.end_date, task_instance.duration, task_inst
00:34:33.407|20074|idle in transaction|Client|UPDATE asset_partition_dag_run SET created_dag_run_id=71192, updated_at='2026-09-30T00:34:33.343777+00:00'::timestamptz WHERE asset_partition_dag_run.id = 71185
00:34:33.982|20074|idle in transaction|Client|SELECT asset_event.id, asset_event.asset_id, asset_event.extra, asset_event.source_task_id, asset_event.source_dag_id, asset_event.source_run_id, asset_event.source_map_index, asset_event.timestamp, a
00:34:33.982|8632|active||SELECT asset_partition_dag_run.id, asset_partition_dag_run.target_dag_id, asset_partition_dag_run.created_dag_run_id, asset_partition_dag_run.partition_key, asset_partition_dag_run.partition_date, ass
00:34:34.558|20074|idle in transaction|Client|INSERT INTO dag_run (dag_id, queued_at, logical_date, start_date, end_date, state, run_id, creating_job_id, run_type, triggered_by, triggering_user_name, conf, data_interval_start, data_interval_end, 
00:34:34.558|8632|active||SELECT asset_partition_dag_run.id, asset_partition_dag_run.target_dag_id, asset_partition_dag_run.created_dag_run_id, asset_partition_dag_run.partition_key, asset_partition_dag_run.partition_date, ass
00:34:35.126|20074|idle in transaction|Client|SELECT max(log_template.id) AS max_1 FROM log_template
00:34:35.126|8632|active||SELECT asset_partition_dag_run.id, asset_partition_dag_run.target_dag_id, asset_partition_dag_run.created_dag_run_id, asset_partition_dag_run.partition_key, asset_partition_dag_run.partition_date, ass
00:34:35.698|20074|idle in transaction|Client|UPDATE dag_run SET start_date='2026-09-30T00:34:35.515488+00:00'::timestamptz, state='running', updated_at='2026-09-30T00:34:35.570064+00:00'::timestamptz WHERE dag_run.id = 71115
00:34:35.698|8632|active||SELECT asset_partition_dag_run.id, asset_partition_dag_run.target_dag_id, asset_partition_dag_run.created_dag_run_id, asset_partition_dag_run.partition_key, asset_partition_dag_run.partition_date, ass
00:34:36.263|20074|idle in transaction|Client|SELECT task_instance.dag_version_id FROM task_instance WHERE task_instance.dag_id = 'bench_partition_consumer' AND task_instance.dag_version_id = '01a0efa2-2565-7f80-a0a2-753ce7d9a46b'::uuid::UUID AND
00:34:36.263|8632|active||SELECT asset_partition_dag_run.id, asset_partition_dag_run.target_dag_id, asset_partition_dag_run.created_dag_run_id, asset_partition_dag_run.partition_key, asset_partition_dag_run.partition_date, ass
00:34:36.823|20074|idle in transaction|Client|SELECT dag_version.id, dag_version.version_number, dag_version.dag_id, dag_version.bundle_name, dag_version.bundle_version, dag_version.version_data, dag_version.created_at, dag_version.last_updated F
00:34:36.823|8632|idle in transaction|Client|SELECT asset.id FROM asset WHERE asset.id = 1 FOR NO KEY UPDATE
00:34:37.396|8632|active||SELECT asset_partition_dag_run.id, asset_partition_dag_run.target_dag_id, asset_partition_dag_run.created_dag_run_id, asset_partition_dag_run.partition_key, asset_partition_dag_run.partition_date, ass
00:34:37.962|20074|active||SELECT dag_run.id, dag_run.dag_id, dag_run.queued_at, dag_run.logical_date, dag_run.start_date, dag_run.end_date, dag_run.state, dag_run.run_id, dag_run.creating_job_id, dag_run.run_type, dag_run.trig
00:34:37.962|8632|idle in transaction|Client|INSERT INTO partitioned_asset_key_log (asset_id, asset_event_id, asset_partition_dag_run_id, source_partition_key, target_dag_id, target_partition_key, created_at) VALUES (1, 71823, 71823, 'ACCT000609
00:34:38.541|20074|idle in transaction|Client|SELECT task_instance.id, task_instance.task_id, task_instance.dag_id, task_instance.run_id, task_instance.map_index, task_instance.start_date, task_instance.end_date, task_instance.duration, task_inst
00:34:38.541|8632|idle in transaction|Client|INSERT INTO asset_partition_dag_run (target_dag_id, created_dag_run_id, partition_key, partition_date, rollup_fingerprint, created_at, updated_at) VALUES ('bench_partition_consumer', NULL, 'ACCT000606
00:34:39.110|20074|active|Client|UPDATE dag_run SET last_scheduling_decision='2026-09-30T00:34:38.763526+00:00'::timestamptz, updated_at='2026-09-30T00:34:38.969014+00:00'::timestamptz, scheduled_by_job_id=1 WHERE dag_run.id = 71363
00:34:39.110|8632|idle in transaction|Client|SELECT asset.id, asset.name, asset.uri, asset."group", asset.extra, asset.created_at, asset.updated_at FROM asset WHERE asset.id = 1
00:34:39.683|8632|active||SELECT asset_partition_dag_run.id, asset_partition_dag_run.target_dag_id, asset_partition_dag_run.created_dag_run_id, asset_partition_dag_run.partition_key, asset_partition_dag_run.partition_date, ass
00:34:39.683|8696|active|Lock|SELECT task_instance.state, task_instance.try_number, task_instance.max_tries, task_instance.dag_id, task_instance.task_id, task_instance.run_id, task_instance.map_index, task_instance.hostname, dag_r
00:34:40.254|20074|idle in transaction|Client|SELECT task_instance.dag_version_id FROM task_instance WHERE task_instance.dag_id = 'bench_partition_consumer' AND task_instance.dag_version_id = '01a0efa2-2565-7f80-a0a2-753ce7d9a46b'::uuid::UUID AND
00:34:40.254|8632|idle in transaction|Client|SELECT asset_partition_dag_run.id, asset_partition_dag_run.target_dag_id, asset_partition_dag_run.created_dag_run_id, asset_partition_dag_run.partition_key, asset_partition_dag_run.partition_date, ass
00:34:40.254|8696|active|Lock|SELECT task_instance.state, task_instance.try_number, task_instance.max_tries, task_instance.dag_id, task_instance.task_id, task_instance.run_id, task_instance.map_index, task_instance.hostname, dag_r
00:34:40.817|20074|active||SELECT dag_run.dag_id, count('*') AS count_1 FROM dag_run WHERE dag_run.dag_id IN ('bench_partition_consumer') AND dag_run.state IN ('running', 'queued') AND dag_run.run_type != 'backfill' GROUP BY da
00:34:41.391|20074|active||SELECT dag_version.id, dag_version.version_number, dag_version.dag_id, dag_version.bundle_name, dag_version.bundle_version, dag_version.version_data, dag_version.created_at, dag_version.last_updated F
00:34:41.969|20074|active||SELECT dag_run.dag_id, count('*') AS count_1 FROM dag_run WHERE dag_run.dag_id IN ('bench_partition_consumer') AND dag_run.state IN ('running', 'queued') AND dag_run.run_type != 'backfill' GROUP BY da
00:34:42.546|20074|active||SELECT dag_run.dag_id, count('*') AS count_1 FROM dag_run WHERE dag_run.dag_id IN ('bench_partition_consumer') AND dag_run.state IN ('running', 'queued') AND dag_run.run_type != 'backfill' GROUP BY da
00:34:43.136|20074|idle in transaction|Client|SELECT max(log_template.id) AS max_1 FROM log_template
00:34:43.698|20074|idle in transaction|Client|SELECT asset_event.id, asset_event.asset_id, asset_event.extra, asset_event.source_task_id, asset_event.source_dag_id, asset_event.source_run_id, asset_event.source_map_index, asset_event.timestamp, a
00:34:44.290|20074|idle in transaction||SELECT asset_event.id, asset_event.asset_id, asset_event.extra, asset_event.source_task_id, asset_event.source_dag_id, asset_event.source_run_id, asset_event.source_map_index, asset_event.timestamp, a
00:34:44.863|20074|idle in transaction|Client|SELECT max(log_template.id) AS max_1 FROM log_template
00:34:44.863|21886|active||SELECT asset_partition_dag_run.id, asset_partition_dag_run.target_dag_id, asset_partition_dag_run.created_dag_run_id, asset_partition_dag_run.partition_key, asset_partition_dag_run.partition_date, ass
00:34:45.444|20074|idle in transaction|Client|INSERT INTO task_instance (id, task_id, dag_id, run_id, map_index, try_number, max_tries, hostname, unixname, pool, pool_slots, queue, priority_weight, operator, custom_operator_name, executor_config,
00:34:45.444|21886|idle in transaction||SELECT asset.id, asset.name, asset.uri, asset."group", asset.extra, asset.created_at, asset.updated_at, asset_active_1.name AS name_1, asset_active_1.uri AS uri_1, dag_1.dag_id, dag_1.is_paused, dag_1
00:34:46.009|20074|idle in transaction|Client|SELECT dag.bundle_version FROM dag WHERE dag.dag_id = 'bench_partition_consumer'
00:34:46.009|21886|idle in transaction|Client|INSERT INTO partitioned_asset_key_log (asset_id, asset_event_id, asset_partition_dag_run_id, source_partition_key, target_dag_id, target_partition_key, created_at) VALUES (1, 72116, 72116, 'ACCT000611
00:34:46.009|15180|active||select coalesce(state,'none'), count(*) from dag_run where dag_id='bench_partition_consumer' group by 1
00:34:46.583|20074|active||SELECT dag_run.id, dag_run.dag_id, dag_run.queued_at, dag_run.logical_date, dag_run.start_date, dag_run.end_date, dag_run.state, dag_run.run_id, dag_run.creating_job_id, dag_run.run_type, dag_run.trig
00:34:46.583|21886|idle in transaction|Client|SELECT asset.id FROM asset WHERE asset.id = 1 FOR NO KEY UPDATE
00:34:47.147|20074|idle in transaction|Client|SELECT dag_version.id, dag_version.version_number, dag_version.dag_id, dag_version.bundle_name, dag_version.bundle_version, dag_version.version_data, dag_version.created_at, dag_version.last_updated F
00:34:47.147|21886|idle in transaction|Client|SELECT asset.id, asset.name, asset.uri, asset."group", asset.extra, asset.created_at, asset.updated_at FROM asset WHERE asset.id = 1
00:34:47.711|20074|idle in transaction||SELECT dag_version.id, dag_version.version_number, dag_version.dag_id, dag_version.bundle_name, dag_version.bundle_version, dag_version.version_data, dag_version.created_at, dag_version.last_updated F
00:34:47.711|21886|idle in transaction|Client|SELECT asset_alias.id, asset_alias.name, asset_alias."group" FROM asset_alias WHERE asset_alias.name IN (NULL) AND (1 != 1)
00:34:48.276|21886|idle in transaction|Client|INSERT INTO asset_partition_dag_run (target_dag_id, created_dag_run_id, partition_key, partition_date, rollup_fingerprint, created_at, updated_at) VALUES ('bench_partition_consumer', NULL, 'ACCT000610
00:34:48.840|20074|idle in transaction|Client|UPDATE task_instance SET start_date='2026-09-30T00:34:48.770772+00:00'::timestamptz, end_date='2026-09-30T00:34:48.770773+00:00'::timestamptz, duration=0, state='success', try_number=(task_instance.tr
00:34:48.840|21886|active||SELECT asset_partition_dag_run.id, asset_partition_dag_run.target_dag_id, asset_partition_dag_run.created_dag_run_id, asset_partition_dag_run.partition_key, asset_partition_dag_run.partition_date, ass
00:34:49.399|20074|idle in transaction|Client|UPDATE task_instance SET start_date='2026-09-30T00:34:49.329920+00:00'::timestamptz, end_date='2026-09-30T00:34:49.329921+00:00'::timestamptz, duration=0, state='success', try_number=(task_instance.tr
00:34:49.399|21886|idle in transaction|Client|SELECT asset.id FROM asset WHERE asset.id = 1 FOR NO KEY UPDATE
00:34:49.977|21886|idle in transaction|Client|SELECT serialized_dag.id, serialized_dag.dag_id, serialized_dag.data, serialized_dag.data_compressed, serialized_dag.created_at, serialized_dag.last_updated, serialized_dag.dag_hash, serialized_dag.da
00:34:50.543|20074|idle in transaction|Client|SELECT dag_version.id, dag_version.version_number, dag_version.dag_id, dag_version.bundle_name, dag_version.bundle_version, dag_version.version_data, dag_version.created_at, dag_version.last_updated F
00:34:50.543|21886|idle in transaction|Client|INSERT INTO partitioned_asset_key_log (asset_id, asset_event_id, asset_partition_dag_run_id, source_partition_key, target_dag_id, target_partition_key, created_at) VALUES (1, 72462, 72462, 'ACCT000611
00:34:50.543|8379|active|Lock|SELECT task_instance.state, task_instance.try_number, task_instance.max_tries, task_instance.dag_id, task_instance.task_id, task_instance.run_id, task_instance.map_index, task_instance.hostname, dag_r
00:34:51.109|20074|idle in transaction|Client|SELECT dag_version.id, dag_version.version_number, dag_version.dag_id, dag_version.bundle_name, dag_version.bundle_version, dag_version.version_data, dag_version.created_at, dag_version.last_updated F
00:34:51.676|20074|idle in transaction|Client|SELECT task_instance.id, task_instance.task_id, task_instance.dag_id, task_instance.run_id, task_instance.map_index, task_instance.start_date, task_instance.end_date, task_instance.duration, task_inst
00:34:52.244|20074|active||SELECT dag_run.dag_id, count('*') AS count_1 FROM dag_run WHERE dag_run.dag_id IN ('bench_partition_consumer') AND dag_run.state IN ('running', 'queued') AND dag_run.run_type != 'backfill' GROUP BY da
00:34:52.821|20074|active||SELECT dag_run.dag_id, count('*') AS count_1 FROM dag_run WHERE dag_run.dag_id IN ('bench_partition_consumer') AND dag_run.state IN ('running', 'queued') AND dag_run.run_type != 'backfill' GROUP BY da
00:34:53.393|20074|idle in transaction|Client|SELECT dag_version.id, dag_version.version_number, dag_version.dag_id, dag_version.bundle_name, dag_version.bundle_version, dag_version.version_data, dag_version.created_at, dag_version.last_updated F
00:34:53.966|20074|idle in transaction|Client|SELECT max(log_template.id) AS max_1 FROM log_template
00:34:54.545|20074|idle in transaction|Client|SELECT task_instance.id, task_instance.task_id, task_instance.dag_id, task_instance.run_id, task_instance.map_index, task_instance.start_date, task_instance.end_date, task_instance.duration, task_inst
00:34:55.115|20074|idle in transaction|Client|SELECT asset_event.id, asset_event.asset_id, asset_event.extra, asset_event.source_task_id, asset_event.source_dag_id, asset_event.source_run_id, asset_event.source_map_index, asset_event.timestamp, a
00:34:55.115|8952|idle in transaction|Client|SELECT asset_alias.id, asset_alias.name, asset_alias."group" FROM asset_alias WHERE asset_alias.name IN (NULL) AND (1 != 1)
00:34:55.696|20074|idle in transaction|Client|SELECT task_instance.id, task_instance.task_id, task_instance.dag_id, task_instance.run_id, task_instance.map_index, task_instance.start_date, task_instance.end_date, task_instance.duration, task_inst
00:34:55.696|8952|active||SELECT asset_partition_dag_run.id, asset_partition_dag_run.target_dag_id, asset_partition_dag_run.created_dag_run_id, asset_partition_dag_run.partition_key, asset_partition_dag_run.partition_date, ass
00:34:56.267|20074|idle in transaction|Client|SELECT max(log_template.id) AS max_1 FROM log_template
00:34:56.267|15180|active||select coalesce(state,'none'), count(*) from task_instance where dag_id='bench_partition_consumer' group by 1
00:34:56.267|8952|active||SELECT asset.id, asset.name, asset.uri, asset."group", asset.extra, asset.created_at, asset.updated_at, asset_active_1.name AS name_1, asset_active_1.uri AS uri_1, dag_1.dag_id, dag_1.is_paused, dag_1
00:34:56.858|20074|idle in transaction|Client|SELECT dag_version.id, dag_version.version_number, dag_version.dag_id, dag_version.bundle_name, dag_version.bundle_version, dag_version.version_data, dag_version.created_at, dag_version.last_updated F
00:34:56.858|8952|idle in transaction|Client|SELECT dag.dag_id, dag.is_paused, dag.is_stale, dag.exceeds_max_non_backfill, dag.last_parsed_time, dag.last_parse_duration, dag.last_expired, dag.fileloc, dag.relative_fileloc, dag.bundle_name, dag.b
00:34:57.431|20074|active||SELECT task_instance.id, task_instance.task_id, task_instance.dag_id, task_instance.run_id, task_instance.map_index, task_instance.start_date, task_instance.end_date, task_instance.duration, task_inst
00:34:57.431|8952|active||SELECT asset_partition_dag_run.id, asset_partition_dag_run.target_dag_id, asset_partition_dag_run.created_dag_run_id, asset_partition_dag_run.partition_key, asset_partition_dag_run.partition_date, ass
00:34:57.995|20074|active||SELECT task_instance.dag_version_id FROM task_instance WHERE task_instance.dag_id = 'bench_partition_consumer' AND task_instance.dag_version_id = '01a0efa2-2565-7f80-a0a2-753ce7d9a46b'::uuid::UUID AND
00:34:57.995|8952|active||SELECT asset_partition_dag_run.id, asset_partition_dag_run.target_dag_id, asset_partition_dag_run.created_dag_run_id, asset_partition_dag_run.partition_key, asset_partition_dag_run.partition_date, ass
00:34:58.549|8952|active||SELECT asset_partition_dag_run.id, asset_partition_dag_run.target_dag_id, asset_partition_dag_run.created_dag_run_id, asset_partition_dag_run.partition_key, asset_partition_dag_run.partition_date, ass
00:34:59.104|20074|idle in transaction|Client|SELECT dag_version.id, dag_version.version_number, dag_version.dag_id, dag_version.bundle_name, dag_version.bundle_version, dag_version.version_data, dag_version.created_at, dag_version.last_updated F
00:34:59.104|8952|idle in transaction|Client|SELECT dag.dag_id, dag.is_paused, dag.is_stale, dag.exceeds_max_non_backfill, dag.last_parsed_time, dag.last_parse_duration, dag.last_expired, dag.fileloc, dag.relative_fileloc, dag.bundle_name, dag.b
00:34:59.660|20074|active||SELECT task_instance.id, task_instance.task_id, task_instance.dag_id, task_instance.run_id, task_instance.map_index, task_instance.start_date, task_instance.end_date, task_instance.duration, task_inst
00:34:59.660|8952|idle in transaction|Client|INSERT INTO asset_partition_dag_run (target_dag_id, created_dag_run_id, partition_key, partition_date, rollup_fingerprint, created_at, updated_at) VALUES ('bench_partition_consumer', NULL, 'ACCT000617
00:35:00.230|20074|idle in transaction|Client|SELECT task_instance.id, task_instance.task_id, task_instance.dag_id, task_instance.run_id, task_instance.map_index, task_instance.start_date, task_instance.end_date, task_instance.duration, task_inst
00:35:00.230|8952|active||SELECT asset_partition_dag_run.id, asset_partition_dag_run.target_dag_id, asset_partition_dag_run.created_dag_run_id, asset_partition_dag_run.partition_key, asset_partition_dag_run.partition_date, ass
00:35:00.795|8952|active||SELECT asset_partition_dag_run.id, asset_partition_dag_run.target_dag_id, asset_partition_dag_run.created_dag_run_id, asset_partition_dag_run.partition_key, asset_partition_dag_run.partition_date, ass
00:35:01.399|20074|active||SELECT dag_run.id, dag_run.dag_id, dag_run.queued_at, dag_run.logical_date, dag_run.start_date, dag_run.end_date, dag_run.state, dag_run.run_id, dag_run.creating_job_id, dag_run.run_type, dag_run.trig
00:35:01.399|15180|active||select coalesce(state,'none'), count(*) from task_instance where dag_id='bench_partition_consumer' group by 1
00:35:01.399|8952|active||SELECT asset_partition_dag_run.id, asset_partition_dag_run.target_dag_id, asset_partition_dag_run.created_dag_run_id, asset_partition_dag_run.partition_key, asset_partition_dag_run.partition_date, ass
00:35:01.399|9080|active|Lock|SELECT task_instance.state, task_instance.try_number, task_instance.max_tries, task_instance.dag_id, task_instance.task_id, task_instance.run_id, task_instance.map_index, task_instance.hostname, dag_r
00:35:01.960|20074|active||SELECT dag_run.dag_id, count('*') AS count_1 FROM dag_run WHERE dag_run.dag_id IN ('bench_partition_consumer') AND dag_run.state IN ('running', 'queued') AND dag_run.run_type != 'backfill' GROUP BY da
00:35:02.531|20074|active||SELECT dag_run.dag_id, count('*') AS count_1 FROM dag_run WHERE dag_run.dag_id IN ('bench_partition_consumer') AND dag_run.state IN ('running', 'queued') AND dag_run.run_type != 'backfill' GROUP BY da
00:35:03.100|20074|active||SELECT dag_run.dag_id, count('*') AS count_1 FROM dag_run WHERE dag_run.dag_id IN ('bench_partition_consumer') AND dag_run.state IN ('running', 'queued') AND dag_run.run_type != 'backfill' GROUP BY da
00:35:03.668|20074|idle in transaction|Client|SELECT dag_version.id, dag_version.version_number, dag_version.dag_id, dag_version.bundle_name, dag_version.bundle_version, dag_version.version_data, dag_version.created_at, dag_version.last_updated F
00:35:04.230|20074|active||SELECT task_instance.id, task_instance.task_id, task_instance.dag_id, task_instance.run_id, task_instance.map_index, task_instance.start_date, task_instance.end_date, task_instance.duration, task_inst
00:35:04.800|20074|idle in transaction|Client|INSERT INTO dagrun_asset_event (dag_run_id, event_id) VALUES (72594, 72587)
00:35:05.379|20074|idle in transaction|Client|SELECT max(log_template.id) AS max_1 FROM log_template
00:35:05.980|20074|idle in transaction|Client|INSERT INTO task_instance (id, task_id, dag_id, run_id, map_index, try_number, max_tries, hostname, unixname, pool, pool_slots, queue, priority_weight, operator, custom_operator_name, executor_config,
00:35:05.980|8696|active||SELECT asset_partition_dag_run.id, asset_partition_dag_run.target_dag_id, asset_partition_dag_run.created_dag_run_id, asset_partition_dag_run.partition_key, asset_partition_dag_run.partition_date, ass
00:35:06.580|20074|idle in transaction|Client|INSERT INTO task_instance (id, task_id, dag_id, run_id, map_index, try_number, max_tries, hostname, unixname, pool, pool_slots, queue, priority_weight, operator, custom_operator_name, executor_config,
00:35:06.580|15180|active||select coalesce(state,'none'), count(*) from dag_run where dag_id='bench_partition_consumer' group by 1
00:35:06.580|8696|idle in transaction|Client|SELECT asset.id, asset.name, asset.uri, asset."group", asset.extra, asset.created_at, asset.updated_at, asset_active_1.name AS name_1, asset_active_1.uri AS uri_1, dag_1.dag_id, dag_1.is_paused, dag_1
00:35:07.177|20074|idle in transaction|Client|INSERT INTO dag_run (dag_id, queued_at, logical_date, start_date, end_date, state, run_id, creating_job_id, run_type, triggered_by, triggering_user_name, conf, data_interval_start, data_interval_end, 
00:35:07.177|8696|idle in transaction|Client|INSERT INTO asset_event (asset_id, extra, source_task_id, source_dag_id, source_run_id, source_map_index, timestamp, partition_key) VALUES (1, '{}'::JSON, 'emit', 'bench_partition_producer', 'part_100
00:35:07.746|20074|active|Client|UPDATE dag_run SET start_date='2026-09-30T00:35:07.560133+00:00'::timestamptz, state='running', updated_at='2026-09-30T00:35:07.666448+00:00'::timestamptz WHERE dag_run.id = 72544
00:35:07.746|8696|idle in transaction||SELECT dag.dag_id, dag.is_paused, dag.is_stale, dag.exceeds_max_non_backfill, dag.last_parsed_time, dag.last_parse_duration, dag.last_expired, dag.fileloc, dag.relative_fileloc, dag.bundle_name, dag.b
00:35:08.325|20074|active||SELECT task_instance.id, task_instance.task_id, task_instance.dag_id, task_instance.run_id, task_instance.map_index, task_instance.start_date, task_instance.end_date, task_instance.duration, task_inst
00:35:08.325|8696|idle in transaction|Client|INSERT INTO asset_event (asset_id, extra, source_task_id, source_dag_id, source_run_id, source_map_index, timestamp, partition_key) VALUES (1, '{}'::JSON, 'emit', 'bench_partition_producer', 'part_100
00:35:08.896|20074|idle in transaction|Client|SELECT dag_version.id, dag_version.version_number, dag_version.dag_id, dag_version.bundle_name, dag_version.bundle_version, dag_version.version_data, dag_version.created_at, dag_version.last_updated F
00:35:08.896|8696|active||SELECT asset_partition_dag_run.id, asset_partition_dag_run.target_dag_id, asset_partition_dag_run.created_dag_run_id, asset_partition_dag_run.partition_key, asset_partition_dag_run.partition_date, ass
00:35:09.463|8696|active||SELECT asset_partition_dag_run.id, asset_partition_dag_run.target_dag_id, asset_partition_dag_run.created_dag_run_id, asset_partition_dag_run.partition_key, asset_partition_dag_run.partition_date, ass
00:35:10.026|20074|active||SELECT dag_run.id, dag_run.dag_id, dag_run.queued_at, dag_run.logical_date, dag_run.start_date, dag_run.end_date, dag_run.state, dag_run.run_id, dag_run.creating_job_id, dag_run.run_type, dag_run.trig
00:35:10.026|8696|idle in transaction|Client|SELECT asset.id, asset.name, asset.uri, asset."group", asset.extra, asset.created_at, asset.updated_at FROM asset WHERE asset.id = 1
00:35:10.627|20074|idle in transaction|Client|SELECT task_instance.id, task_instance.task_id, task_instance.dag_id, task_instance.run_id, task_instance.map_index, task_instance.start_date, task_instance.end_date, task_instance.duration, task_inst
00:35:10.627|8696|active||SELECT asset_partition_dag_run.id, asset_partition_dag_run.target_dag_id, asset_partition_dag_run.created_dag_run_id, asset_partition_dag_run.partition_key, asset_partition_dag_run.partition_date, ass
00:35:11.201|20074|idle in transaction|Client|UPDATE dag_run SET last_scheduling_decision='2026-09-30T00:35:10.816012+00:00'::timestamptz, updated_at='2026-09-30T00:35:11.053878+00:00'::timestamptz, scheduled_by_job_id=1 WHERE dag_run.id = 72866
00:35:11.201|8696|idle in transaction||INSERT INTO partitioned_asset_key_log (asset_id, asset_event_id, asset_partition_dag_run_id, source_partition_key, target_dag_id, target_partition_key, created_at) VALUES (1, 73402, 73402, 'ACCT000624
00:35:11.800|8696|idle in transaction|Client|SELECT asset_alias.id, asset_alias.name, asset_alias."group" FROM asset_alias WHERE asset_alias.name IN (NULL) AND (1 != 1)
00:35:11.800|8775|active|Lock|SELECT task_instance.state, task_instance.try_number, task_instance.max_tries, task_instance.dag_id, task_instance.task_id, task_instance.run_id, task_instance.map_index, task_instance.hostname, dag_r
00:35:12.380|20074|idle in transaction|Client|SELECT task_instance.dag_version_id FROM task_instance WHERE task_instance.dag_id = 'bench_partition_consumer' AND task_instance.dag_version_id = '01a0efa2-2565-7f80-a0a2-753ce7d9a46b'::uuid::UUID AND
00:35:12.380|8696|idle in transaction|Client|SELECT asset.id, asset.name, asset.uri, asset."group", asset.extra, asset.created_at, asset.updated_at FROM asset WHERE asset.id = 1
00:35:12.380|8775|active|Lock|SELECT task_instance.state, task_instance.try_number, task_instance.max_tries, task_instance.dag_id, task_instance.task_id, task_instance.run_id, task_instance.map_index, task_instance.hostname, dag_r
00:35:12.950|20074|active||SELECT dag_run.dag_id, count('*') AS count_1 FROM dag_run WHERE dag_run.dag_id IN ('bench_partition_consumer') AND dag_run.state IN ('running', 'queued') AND dag_run.run_type != 'backfill' GROUP BY da
00:35:13.528|20074|idle in transaction|Client|SELECT dag_version.id, dag_version.version_number, dag_version.dag_id, dag_version.bundle_name, dag_version.bundle_version, dag_version.version_data, dag_version.created_at, dag_version.last_updated F
00:35:14.105|20074|active||SELECT dag_run.dag_id, count('*') AS count_1 FROM dag_run WHERE dag_run.dag_id IN ('bench_partition_consumer') AND dag_run.state IN ('running', 'queued') AND dag_run.run_type != 'backfill' GROUP BY da
00:35:14.105|28348|active|Timeout|autovacuum: VACUUM ANALYZE public.dag_run
00:35:14.682|20074|active||SELECT dag_run.dag_id, count('*') AS count_1 FROM dag_run WHERE dag_run.dag_id IN ('bench_partition_consumer') AND dag_run.state IN ('running', 'queued') AND dag_run.run_type != 'backfill' GROUP BY da
00:35:15.260|20074|idle in transaction|Client|SELECT dag.bundle_version FROM dag WHERE dag.dag_id = 'bench_partition_consumer'
00:35:15.839|20074|idle in transaction|Client|SELECT task_instance.id, task_instance.task_id, task_instance.dag_id, task_instance.run_id, task_instance.map_index, task_instance.start_date, task_instance.end_date, task_instance.duration, task_inst
00:35:16.403|20074|idle in transaction|Client|INSERT INTO task_instance (id, task_id, dag_id, run_id, map_index, try_number, max_tries, hostname, unixname, pool, pool_slots, queue, priority_weight, operator, custom_operator_name, executor_config,
00:35:16.403|9080|idle in transaction|Client|SELECT xcom.dag_run_id, xcom.task_id, xcom.map_index, xcom.key, xcom.dag_result, xcom.dag_id, xcom.run_id, xcom.value, xcom.timestamp, dag_run_1.id, dag_run_1.dag_id AS dag_id_1, dag_run_1.queued_at, 
00:35:16.999|20074|idle in transaction|Client|UPDATE asset_partition_dag_run SET created_dag_run_id=73290, updated_at='2026-09-30T00:35:16.939381+00:00'::timestamptz WHERE asset_partition_dag_run.id = 73283
00:35:16.999|15180|active||select count(*) from asset_partition_dag_run where target_dag_id='bench_partition_consumer'
00:35:16.999|8379|idle in transaction|Client|SELECT dag.dag_id, dag.is_paused, dag.is_stale, dag.exceeds_max_non_backfill, dag.last_parsed_time, dag.last_parse_duration, dag.last_expired, dag.fileloc, dag.relative_fileloc, dag.bundle_name, dag.b
00:35:17.573|20074|idle in transaction|Client|SELECT dag_version.id, dag_version.version_number, dag_version.dag_id, dag_version.bundle_name, dag_version.bundle_version, dag_version.version_data, dag_version.created_at, dag_version.last_updated F
00:35:17.573|8379|idle in transaction|Client|SELECT dag.dag_id, dag.is_paused, dag.is_stale, dag.exceeds_max_non_backfill, dag.last_parsed_time, dag.last_parse_duration, dag.last_expired, dag.fileloc, dag.relative_fileloc, dag.bundle_name, dag.b
00:35:18.154|20074|idle in transaction|Client|SELECT dag.bundle_version FROM dag WHERE dag.dag_id = 'bench_partition_consumer'
00:35:18.154|8379|active||SELECT asset_partition_dag_run.id, asset_partition_dag_run.target_dag_id, asset_partition_dag_run.created_dag_run_id, asset_partition_dag_run.partition_key, asset_partition_dag_run.partition_date, ass
00:35:18.716|20074|active||SELECT dag_run.id, dag_run.dag_id, dag_run.queued_at, dag_run.logical_date, dag_run.start_date, dag_run.end_date, dag_run.state, dag_run.run_id, dag_run.creating_job_id, dag_run.run_type, dag_run.trig
00:35:18.716|8379|idle in transaction|Client|SELECT dag.dag_id, dag.is_paused, dag.is_stale, dag.exceeds_max_non_backfill, dag.last_parsed_time, dag.last_parse_duration, dag.last_expired, dag.fileloc, dag.relative_fileloc, dag.bundle_name, dag.b
00:35:19.278|20046|idle in transaction|Client|BEGIN
00:35:19.278|20074|idle in transaction|Client|SELECT task_instance.id, task_instance.task_id, task_instance.dag_id, task_instance.run_id, task_instance.map_index, task_instance.start_date, task_instance.end_date, task_instance.duration, task_inst
00:35:19.278|8379|active||SELECT asset_partition_dag_run.id, asset_partition_dag_run.target_dag_id, asset_partition_dag_run.created_dag_run_id, asset_partition_dag_run.partition_key, asset_partition_dag_run.partition_date, ass
00:35:19.844|20074|idle in transaction|Client|SELECT task_instance.id, task_instance.task_id, task_instance.dag_id, task_instance.run_id, task_instance.map_index, task_instance.start_date, task_instance.end_date, task_instance.duration, task_inst
00:35:19.844|8379|idle in transaction|Client|SELECT serialized_dag.id, serialized_dag.dag_id, serialized_dag.data, serialized_dag.data_compressed, serialized_dag.created_at, serialized_dag.last_updated, serialized_dag.dag_hash, serialized_dag.da
00:35:20.409|8379|active||SELECT asset_partition_dag_run.id, asset_partition_dag_run.target_dag_id, asset_partition_dag_run.created_dag_run_id, asset_partition_dag_run.partition_key, asset_partition_dag_run.partition_date, ass
00:35:20.973|20074|active||SELECT dag_run.id, dag_run.dag_id, dag_run.queued_at, dag_run.logical_date, dag_run.start_date, dag_run.end_date, dag_run.state, dag_run.run_id, dag_run.creating_job_id, dag_run.run_type, dag_run.trig
00:35:20.973|8379|active||SELECT asset_partition_dag_run.id, asset_partition_dag_run.target_dag_id, asset_partition_dag_run.created_dag_run_id, asset_partition_dag_run.partition_key, asset_partition_dag_run.partition_date, ass
00:35:21.546|20074|idle in transaction|Client|SELECT task_instance.dag_version_id FROM task_instance WHERE task_instance.dag_id = 'bench_partition_consumer' AND task_instance.dag_version_id = '01a0efa2-2565-7f80-a0a2-753ce7d9a46b'::uuid::UUID AND
00:35:21.546|8379|active||SELECT asset_partition_dag_run.id, asset_partition_dag_run.target_dag_id, asset_partition_dag_run.created_dag_run_id, asset_partition_dag_run.partition_key, asset_partition_dag_run.partition_date, ass
00:35:22.114|20074|active|Client|UPDATE dag_run SET last_scheduling_decision='2026-09-30T00:35:21.797862+00:00'::timestamptz, updated_at='2026-09-30T00:35:21.972346+00:00'::timestamptz, scheduled_by_job_id=1 WHERE dag_run.id = 73370
00:35:22.114|15180|active||select coalesce(state,'none'), count(*) from task_instance where dag_id='bench_partition_consumer' group by 1
00:35:22.114|8379|idle in transaction|Client|SELECT asset_alias.id, asset_alias.name, asset_alias."group" FROM asset_alias WHERE asset_alias.name IN (NULL) AND (1 != 1)
00:35:22.677|8379|active||SELECT asset_partition_dag_run.id, asset_partition_dag_run.target_dag_id, asset_partition_dag_run.created_dag_run_id, asset_partition_dag_run.partition_key, asset_partition_dag_run.partition_date, ass
00:35:22.677|8478|active|Lock|SELECT task_instance.state, task_instance.try_number, task_instance.max_tries, task_instance.dag_id, task_instance.task_id, task_instance.run_id, task_instance.map_index, task_instance.hostname, dag_r
00:35:23.240|20046|idle in transaction|Client|BEGIN
00:35:23.240|20074|idle in transaction||SELECT dag_version.id, dag_version.version_number, dag_version.dag_id, dag_version.bundle_name, dag_version.bundle_version, dag_version.version_data, dag_version.created_at, dag_version.last_updated F
00:35:23.240|8379|active||SELECT asset_partition_dag_run.id, asset_partition_dag_run.target_dag_id, asset_partition_dag_run.created_dag_run_id, asset_partition_dag_run.partition_key, asset_partition_dag_run.partition_date, ass
00:35:23.240|8478|active|Lock|SELECT task_instance.state, task_instance.try_number, task_instance.max_tries, task_instance.dag_id, task_instance.task_id, task_instance.run_id, task_instance.map_index, task_instance.hostname, dag_r
00:35:23.817|20074|active||SELECT dag_run.dag_id, count('*') AS count_1 FROM dag_run WHERE dag_run.dag_id IN ('bench_partition_consumer') AND dag_run.state IN ('running', 'queued') AND dag_run.run_type != 'backfill' GROUP BY da
00:35:24.386|20074|active||SELECT dag_run.dag_id, count('*') AS count_1 FROM dag_run WHERE dag_run.dag_id IN ('bench_partition_consumer') AND dag_run.state IN ('running', 'queued') AND dag_run.run_type != 'backfill' GROUP BY da
00:35:24.949|20074|idle in transaction|Client|SELECT task_instance.dag_version_id FROM task_instance WHERE task_instance.dag_id = 'bench_partition_consumer' AND task_instance.dag_version_id = '01a0efa2-2565-7f80-a0a2-753ce7d9a46b'::uuid::UUID AND
00:35:25.516|20074|active||SELECT dag_run.dag_id, count('*') AS count_1 FROM dag_run WHERE dag_run.dag_id IN ('bench_partition_consumer') AND dag_run.state IN ('running', 'queued') AND dag_run.run_type != 'backfill' GROUP BY da
00:35:26.118|20074|idle in transaction|Client|SELECT task_instance.id, task_instance.task_id, task_instance.dag_id, task_instance.run_id, task_instance.map_index, task_instance.start_date, task_instance.end_date, task_instance.duration, task_inst
00:35:26.688|20074|idle in transaction|Client|UPDATE asset_partition_dag_run SET created_dag_run_id=73606, updated_at='2026-09-30T00:35:26.629452+00:00'::timestamptz WHERE asset_partition_dag_run.id = 73599
00:35:27.272|20074|idle in transaction|Client|INSERT INTO task_instance (id, task_id, dag_id, run_id, map_index, try_number, max_tries, hostname, unixname, pool, pool_slots, queue, priority_weight, operator, custom_operator_name, executor_config,
00:35:27.272|8775|idle in transaction|Client|SELECT xcom.dag_run_id, xcom.task_id, xcom.map_index, xcom.key, xcom.dag_result, xcom.dag_id, xcom.run_id, xcom.value, xcom.timestamp, dag_run_1.id, dag_run_1.dag_id AS dag_id_1, dag_run_1.queued_at, 
00:35:27.838|20074|idle in transaction|Client|INSERT INTO dagrun_asset_event (dag_run_id, event_id) VALUES (73784, 73777)
00:35:27.838|9080|active||SELECT asset_partition_dag_run.id, asset_partition_dag_run.target_dag_id, asset_partition_dag_run.created_dag_run_id, asset_partition_dag_run.partition_key, asset_partition_dag_run.partition_date, ass
00:35:28.401|20074|idle in transaction|Client|SELECT dag.bundle_version FROM dag WHERE dag.dag_id = 'bench_partition_consumer'
00:35:28.401|9080|active||SELECT asset_partition_dag_run.id, asset_partition_dag_run.target_dag_id, asset_partition_dag_run.created_dag_run_id, asset_partition_dag_run.partition_key, asset_partition_dag_run.partition_date, ass
00:35:28.969|20074|idle in transaction|Client|SELECT dag_version.id, dag_version.version_number, dag_version.dag_id, dag_version.bundle_name, dag_version.bundle_version, dag_version.version_data, dag_version.created_at, dag_version.last_updated F
00:35:28.969|9080|idle in transaction|Client|SELECT serialized_dag.id, serialized_dag.dag_id, serialized_dag.data, serialized_dag.data_compressed, serialized_dag.created_at, serialized_dag.last_updated, serialized_dag.dag_hash, serialized_dag.da
00:35:29.554|20074|active||SELECT dag_run.id, dag_run.dag_id, dag_run.queued_at, dag_run.logical_date, dag_run.start_date, dag_run.end_date, dag_run.state, dag_run.run_id, dag_run.creating_job_id, dag_run.run_type, dag_run.trig
00:35:29.554|9080|active||SELECT asset_partition_dag_run.id, asset_partition_dag_run.target_dag_id, asset_partition_dag_run.created_dag_run_id, asset_partition_dag_run.partition_key, asset_partition_dag_run.partition_date, ass
00:35:30.116|20074|idle in transaction|Client|SELECT dag_version.id, dag_version.version_number, dag_version.dag_id, dag_version.bundle_name, dag_version.bundle_version, dag_version.version_data, dag_version.created_at, dag_version.last_updated F
00:35:30.116|9080|idle in transaction|Client|SELECT asset_partition_dag_run.id, asset_partition_dag_run.target_dag_id, asset_partition_dag_run.created_dag_run_id, asset_partition_dag_run.partition_key, asset_partition_dag_run.partition_date, ass
00:35:30.680|20074|idle in transaction|Client|UPDATE dag_run SET last_scheduling_decision='2026-09-30T00:35:30.378972+00:00'::timestamptz, updated_at='2026-09-30T00:35:30.548198+00:00'::timestamptz, scheduled_by_job_id=1 WHERE dag_run.id = 73671
00:35:30.680|9080|idle in transaction|Client|SELECT asset_partition_dag_run.id, asset_partition_dag_run.target_dag_id, asset_partition_dag_run.created_dag_run_id, asset_partition_dag_run.partition_key, asset_partition_dag_run.partition_date, ass
00:35:31.249|9080|idle in transaction|Client|INSERT INTO asset_event (asset_id, extra, source_task_id, source_dag_id, source_run_id, source_map_index, timestamp, partition_key) VALUES (1, '{}'::JSON, 'emit', 'bench_partition_producer', 'part_100
00:35:31.839|20074|idle in transaction|Client|SELECT dag_version.id, dag_version.version_number, dag_version.dag_id, dag_version.bundle_name, dag_version.bundle_version, dag_version.version_data, dag_version.created_at, dag_version.last_updated F
00:35:31.839|9080|active||SELECT dag.dag_id, dag.is_paused, dag.is_stale, dag.exceeds_max_non_backfill, dag.last_parsed_time, dag.last_parse_duration, dag.last_expired, dag.fileloc, dag.relative_fileloc, dag.bundle_name, dag.b
00:35:32.424|20074|idle in transaction|Client|SELECT task_instance.dag_version_id FROM task_instance WHERE task_instance.dag_id = 'bench_partition_consumer' AND task_instance.dag_version_id = '01a0efa2-2565-7f80-a0a2-753ce7d9a46b'::uuid::UUID AND
00:35:32.424|15180|active||select coalesce(state,'none'), count(*) from dag_run where dag_id='bench_partition_consumer' group by 1
00:35:32.424|9080|active||SELECT asset_partition_dag_run.id, asset_partition_dag_run.target_dag_id, asset_partition_dag_run.created_dag_run_id, asset_partition_dag_run.partition_key, asset_partition_dag_run.partition_date, ass
00:35:32.999|20074|idle in transaction|Client|SELECT dag_version.id, dag_version.version_number, dag_version.dag_id, dag_version.bundle_name, dag_version.bundle_version, dag_version.version_data, dag_version.created_at, dag_version.last_updated F
00:35:32.999|9080|active||SELECT asset_partition_dag_run.id, asset_partition_dag_run.target_dag_id, asset_partition_dag_run.created_dag_run_id, asset_partition_dag_run.partition_key, asset_partition_dag_run.partition_date, ass
00:35:33.560|21625|active|Lock|SELECT task_instance.state, task_instance.try_number, task_instance.max_tries, task_instance.dag_id, task_instance.task_id, task_instance.run_id, task_instance.map_index, task_instance.hostname, dag_r
00:35:33.560|9080|active||SELECT asset_partition_dag_run.id, asset_partition_dag_run.target_dag_id, asset_partition_dag_run.created_dag_run_id, asset_partition_dag_run.partition_key, asset_partition_dag_run.partition_date, ass
00:35:34.126|20074|idle in transaction|Client|SELECT dag_version.id, dag_version.version_number, dag_version.dag_id, dag_version.bundle_name, dag_version.bundle_version, dag_version.version_data, dag_version.created_at, dag_version.last_updated F
00:35:34.126|21625|active|Lock|SELECT task_instance.state, task_instance.try_number, task_instance.max_tries, task_instance.dag_id, task_instance.task_id, task_instance.run_id, task_instance.map_index, task_instance.hostname, dag_r
00:35:34.126|9080|active||SELECT asset_partition_dag_run.id, asset_partition_dag_run.target_dag_id, asset_partition_dag_run.created_dag_run_id, asset_partition_dag_run.partition_key, asset_partition_dag_run.partition_date, ass
00:35:34.687|20074|active||SELECT dag_run.dag_id, count('*') AS count_1 FROM dag_run WHERE dag_run.dag_id IN ('bench_partition_consumer') AND dag_run.state IN ('running', 'queued') AND dag_run.run_type != 'backfill' GROUP BY da
00:35:35.270|20074|idle in transaction|Client|SELECT dag_version.id, dag_version.version_number, dag_version.dag_id, dag_version.bundle_name, dag_version.bundle_version, dag_version.version_data, dag_version.created_at, dag_version.last_updated F
00:35:35.851|20074|idle in transaction|Client|SELECT dag_version.id, dag_version.version_number, dag_version.dag_id, dag_version.bundle_name, dag_version.bundle_version, dag_version.version_data, dag_version.created_at, dag_version.last_updated F
00:35:36.433|20074|active||SELECT dag_run.dag_id, count('*') AS count_1 FROM dag_run WHERE dag_run.dag_id IN ('bench_partition_consumer') AND dag_run.state IN ('running', 'queued') AND dag_run.run_type != 'backfill' GROUP BY da
00:35:37.026|20074|idle in transaction|Client|SELECT task_instance.id, task_instance.task_id, task_instance.dag_id, task_instance.run_id, task_instance.map_index, task_instance.start_date, task_instance.end_date, task_instance.duration, task_inst
00:35:37.614|20074|idle in transaction|Client|SELECT dag_version.id, dag_version.version_number, dag_version.dag_id, dag_version.bundle_name, dag_version.bundle_version, dag_version.version_data, dag_version.created_at, dag_version.last_updated F
00:35:38.198|20074|idle in transaction|Client|INSERT INTO dagrun_asset_event (dag_run_id, event_id) VALUES (74190, 74183)
00:35:38.805|20074|idle in transaction||INSERT INTO task_instance (id, task_id, dag_id, run_id, map_index, try_number, max_tries, hostname, unixname, pool, pool_slots, queue, priority_weight, operator, custom_operator_name, executor_config,
00:35:38.805|28629|active||SELECT asset_partition_dag_run.id, asset_partition_dag_run.target_dag_id, asset_partition_dag_run.created_dag_run_id, asset_partition_dag_run.partition_key, asset_partition_dag_run.partition_date, ass
00:35:39.368|20074|idle in transaction|Client|UPDATE asset_partition_dag_run SET created_dag_run_id=74359, updated_at='2026-09-30T00:35:39.309429+00:00'::timestamptz WHERE asset_partition_dag_run.id = 74352
00:35:39.368|28629|idle in transaction|Client|INSERT INTO asset_partition_dag_run (target_dag_id, created_dag_run_id, partition_key, partition_date, rollup_fingerprint, created_at, updated_at) VALUES ('bench_partition_consumer', NULL, 'ACCT000637
00:35:39.940|20074|idle in transaction|Client|UPDATE asset_partition_dag_run SET created_dag_run_id=74445, updated_at='2026-09-30T00:35:39.880235+00:00'::timestamptz WHERE asset_partition_dag_run.id = 74438
00:35:39.940|28629|idle in transaction|Client|INSERT INTO asset_event (asset_id, extra, source_task_id, source_dag_id, source_run_id, source_map_index, timestamp, partition_key) VALUES (1, '{}'::JSON, 'emit', 'bench_partition_producer', 'part_100
00:35:40.520|20074|idle in transaction|Client|SELECT dag_version.id, dag_version.version_number, dag_version.dag_id, dag_version.bundle_name, dag_version.bundle_version, dag_version.version_data, dag_version.created_at, dag_version.last_updated F
00:35:40.520|28629|active||SELECT asset_partition_dag_run.id, asset_partition_dag_run.target_dag_id, asset_partition_dag_run.created_dag_run_id, asset_partition_dag_run.partition_key, asset_partition_dag_run.partition_date, ass
00:35:41.086|20074|active|Client|SELECT dag_version.id, dag_version.version_number, dag_version.dag_id, dag_version.bundle_name, dag_version.bundle_version, dag_version.version_data, dag_version.created_at, dag_version.last_updated F
00:35:41.086|28629|idle in transaction|Client|INSERT INTO partitioned_asset_key_log (asset_id, asset_event_id, asset_partition_dag_run_id, source_partition_key, target_dag_id, target_partition_key, created_at) VALUES (1, 74696, 74696, 'ACCT000635
00:35:41.645|20074|idle in transaction|Client|UPDATE task_instance SET start_date='2026-09-30T00:35:41.584845+00:00'::timestamptz, end_date='2026-09-30T00:35:41.584846+00:00'::timestamptz, duration=0, state='success', try_number=(task_instance.tr
00:35:41.645|28629|active||SELECT asset_partition_dag_run.id, asset_partition_dag_run.target_dag_id, asset_partition_dag_run.created_dag_run_id, asset_partition_dag_run.partition_key, asset_partition_dag_run.partition_date, ass
00:35:42.217|28629|active||SELECT asset_partition_dag_run.id, asset_partition_dag_run.target_dag_id, asset_partition_dag_run.created_dag_run_id, asset_partition_dag_run.partition_key, asset_partition_dag_run.partition_date, ass
00:35:42.792|20074|idle in transaction|Client|SELECT dag_version.id, dag_version.version_number, dag_version.dag_id, dag_version.bundle_name, dag_version.bundle_version, dag_version.version_data, dag_version.created_at, dag_version.last_updated F
00:35:42.792|28629|active||SELECT asset_partition_dag_run.id, asset_partition_dag_run.target_dag_id, asset_partition_dag_run.created_dag_run_id, asset_partition_dag_run.partition_key, asset_partition_dag_run.partition_date, ass
00:35:42.792|15180|active||select count(*) from asset_partition_dag_run where target_dag_id='bench_partition_consumer'
00:35:43.366|20074|idle in transaction|Client|SELECT task_instance.dag_version_id FROM task_instance WHERE task_instance.dag_id = 'bench_partition_consumer' AND task_instance.dag_version_id = '01a0efa2-2565-7f80-a0a2-753ce7d9a46b'::uuid::UUID AND
00:35:43.366|28629|active||SELECT asset_partition_dag_run.id, asset_partition_dag_run.target_dag_id, asset_partition_dag_run.created_dag_run_id, asset_partition_dag_run.partition_key, asset_partition_dag_run.partition_date, ass
00:35:43.923|20074|idle in transaction|Client|SELECT dag_version.id, dag_version.version_number, dag_version.dag_id, dag_version.bundle_name, dag_version.bundle_version, dag_version.version_data, dag_version.created_at, dag_version.last_updated F
00:35:43.923|28629|active||SELECT asset_partition_dag_run.id, asset_partition_dag_run.target_dag_id, asset_partition_dag_run.created_dag_run_id, asset_partition_dag_run.partition_key, asset_partition_dag_run.partition_date, ass
00:35:44.493|28628|active|Lock|SELECT task_instance.state, task_instance.try_number, task_instance.max_tries, task_instance.dag_id, task_instance.task_id, task_instance.run_id, task_instance.map_index, task_instance.hostname, dag_r
00:35:44.493|28629|idle in transaction|Client|SELECT serialized_dag.id, serialized_dag.dag_id, serialized_dag.data, serialized_dag.data_compressed, serialized_dag.created_at, serialized_dag.last_updated, serialized_dag.dag_hash, serialized_dag.da
00:35:45.075|20074|active||SELECT dag_run.id, dag_run.dag_id, dag_run.queued_at, dag_run.logical_date, dag_run.start_date, dag_run.end_date, dag_run.state, dag_run.run_id, dag_run.creating_job_id, dag_run.run_type, dag_run.trig
00:35:45.075|28628|active|Lock|SELECT task_instance.state, task_instance.try_number, task_instance.max_tries, task_instance.dag_id, task_instance.task_id, task_instance.run_id, task_instance.map_index, task_instance.hostname, dag_r
00:35:45.075|28629|active||SELECT asset_partition_dag_run.id, asset_partition_dag_run.target_dag_id, asset_partition_dag_run.created_dag_run_id, asset_partition_dag_run.partition_key, asset_partition_dag_run.partition_date, ass
00:35:45.647|20074|idle in transaction|Client|UPDATE dag_run SET last_scheduling_decision='2026-09-30T00:35:45.459471+00:00'::timestamptz, updated_at='2026-09-30T00:35:45.549245+00:00'::timestamptz, scheduled_by_job_id=1 WHERE dag_run.id = 74493
00:35:46.211|20074|active||SELECT dag_run.dag_id, count('*') AS count_1 FROM dag_run WHERE dag_run.dag_id IN ('bench_partition_consumer') AND dag_run.state IN ('running', 'queued') AND dag_run.run_type != 'backfill' GROUP BY da
00:35:46.782|20074|active||SELECT dag_run.dag_id, count('*') AS count_1 FROM dag_run WHERE dag_run.dag_id IN ('bench_partition_consumer') AND dag_run.state IN ('running', 'queued') AND dag_run.run_type != 'backfill' GROUP BY da
00:35:47.357|20074|active||SELECT dag_run.dag_id, count('*') AS count_1 FROM dag_run WHERE dag_run.dag_id IN ('bench_partition_consumer') AND dag_run.state IN ('running', 'queued') AND dag_run.run_type != 'backfill' GROUP BY da
00:35:47.936|20074|idle in transaction|Client|SELECT dag_version.id, dag_version.version_number, dag_version.dag_id, dag_version.bundle_name, dag_version.bundle_version, dag_version.version_data, dag_version.created_at, dag_version.last_updated F
00:35:47.936|15180|active||select count(*) from asset_partition_dag_run where target_dag_id='bench_partition_consumer' and created_dag_run_id is null
00:35:48.526|20074|active|Client|SELECT asset_event.id, asset_event.asset_id, asset_event.extra, asset_event.source_task_id, asset_event.source_dag_id, asset_event.source_run_id, asset_event.source_map_index, asset_event.timestamp, a
00:35:49.094|20074|idle in transaction|Client|INSERT INTO dag_run (dag_id, queued_at, logical_date, start_date, end_date, state, run_id, creating_job_id, run_type, triggered_by, triggering_user_name, conf, data_interval_start, data_interval_end, 
00:35:49.707|20074|idle in transaction|Client|INSERT INTO dag_run (dag_id, queued_at, logical_date, start_date, end_date, state, run_id, creating_job_id, run_type, triggered_by, triggering_user_name, conf, data_interval_start, data_interval_end, 
00:35:49.707|8775|idle in transaction|Client|INSERT INTO asset_partition_dag_run (target_dag_id, created_dag_run_id, partition_key, partition_date, rollup_fingerprint, created_at, updated_at) VALUES ('bench_partition_consumer', NULL, 'ACCT000644
00:35:50.275|20074|idle in transaction|Client|SELECT dag_version.id, dag_version.version_number, dag_version.dag_id, dag_version.bundle_name, dag_version.bundle_version, dag_version.version_data, dag_version.created_at, dag_version.last_updated F
00:35:50.275|8775|idle in transaction|Client|INSERT INTO asset_partition_dag_run (target_dag_id, created_dag_run_id, partition_key, partition_date, rollup_fingerprint, created_at, updated_at) VALUES ('bench_partition_consumer', NULL, 'ACCT000641
00:35:50.852|20074|idle in transaction|Client|INSERT INTO task_instance (id, task_id, dag_id, run_id, map_index, try_number, max_tries, hostname, unixname, pool, pool_slots, queue, priority_weight, operator, custom_operator_name, executor_config,
00:35:50.852|8775|active||SELECT asset_partition_dag_run.id, asset_partition_dag_run.target_dag_id, asset_partition_dag_run.created_dag_run_id, asset_partition_dag_run.partition_key, asset_partition_dag_run.partition_date, ass
00:35:51.435|20074|idle in transaction|Client|SELECT dag_version.id, dag_version.version_number, dag_version.dag_id, dag_version.bundle_name, dag_version.bundle_version, dag_version.version_data, dag_version.created_at, dag_version.last_updated F
00:35:51.435|8775|idle in transaction|Client|INSERT INTO asset_partition_dag_run (target_dag_id, created_dag_run_id, partition_key, partition_date, rollup_fingerprint, created_at, updated_at) VALUES ('bench_partition_consumer', NULL, 'ACCT000644
00:35:52.012|20046|idle in transaction|Client|SELECT job.id AS job_id, job.dag_id AS job_dag_id, job.state AS job_state, job.job_type AS job_job_type, job.start_date AS job_start_date, job.end_date AS job_end_date, job.latest_heartbeat AS job_lat
00:35:52.012|20074|active||SELECT task_instance.dag_version_id FROM task_instance WHERE task_instance.dag_id = 'bench_partition_consumer' AND task_instance.dag_version_id = '01a0efa2-2565-7f80-a0a2-753ce7d9a46b'::uuid::UUID AND
00:35:52.012|8775|active||SELECT asset_partition_dag_run.id, asset_partition_dag_run.target_dag_id, asset_partition_dag_run.created_dag_run_id, asset_partition_dag_run.partition_key, asset_partition_dag_run.partition_date, ass
00:35:52.583|20074|idle in transaction||SELECT dag.dag_id AS dag_dag_id, dag.is_paused AS dag_is_paused, dag.is_stale AS dag_is_stale, dag.exceeds_max_non_backfill AS dag_exceeds_max_non_backfill, dag.last_parsed_time AS dag_last_parsed_tim
00:35:52.583|8775|idle in transaction|Client|SELECT asset.id, asset.name, asset.uri, asset."group", asset.extra, asset.created_at, asset.updated_at, asset_active_1.name AS name_1, asset_active_1.uri AS uri_1, dag_1.dag_id, dag_1.is_paused, dag_1
00:35:53.158|8775|active||SELECT asset_partition_dag_run.id, asset_partition_dag_run.target_dag_id, asset_partition_dag_run.created_dag_run_id, asset_partition_dag_run.partition_key, asset_partition_dag_run.partition_date, ass
00:35:53.742|20074|idle in transaction|Client|SELECT dag_version.id, dag_version.version_number, dag_version.dag_id, dag_version.bundle_name, dag_version.bundle_version, dag_version.version_data, dag_version.created_at, dag_version.last_updated F
00:35:53.742|8775|active||SELECT asset_partition_dag_run.id, asset_partition_dag_run.target_dag_id, asset_partition_dag_run.created_dag_run_id, asset_partition_dag_run.partition_key, asset_partition_dag_run.partition_date, ass
00:35:54.329|20046|idle in transaction|Client|SELECT callback.id, callback.type, callback.fetch_method, callback.data, callback.bundle_name, callback.state, callback.output, callback.priority_weight, callback.created_at, callback.trigger_id FROM 
00:35:54.329|20074|idle in transaction|Client|SELECT dag_version.id, dag_version.version_number, dag_version.dag_id, dag_version.bundle_name, dag_version.bundle_version, dag_version.version_data, dag_version.created_at, dag_version.last_updated F
00:35:54.329|8775|active||SELECT asset_partition_dag_run.id, asset_partition_dag_run.target_dag_id, asset_partition_dag_run.created_dag_run_id, asset_partition_dag_run.partition_key, asset_partition_dag_run.partition_date, ass
00:35:54.892|20074|idle in transaction|Client|SELECT task_instance.id, task_instance.task_id, task_instance.dag_id, task_instance.run_id, task_instance.map_index, task_instance.start_date, task_instance.end_date, task_instance.duration, task_inst
00:35:54.892|8775|active||SELECT asset_partition_dag_run.id, asset_partition_dag_run.target_dag_id, asset_partition_dag_run.created_dag_run_id, asset_partition_dag_run.partition_key, asset_partition_dag_run.partition_date, ass
00:35:55.463|8775|active||SELECT asset_partition_dag_run.id, asset_partition_dag_run.target_dag_id, asset_partition_dag_run.created_dag_run_id, asset_partition_dag_run.partition_key, asset_partition_dag_run.partition_date, ass
00:35:55.463|8860|idle in transaction|Client|BEGIN
00:35:56.036|20074|active||SELECT dag_run.id, dag_run.dag_id, dag_run.queued_at, dag_run.logical_date, dag_run.start_date, dag_run.end_date, dag_run.state, dag_run.run_id, dag_run.creating_job_id, dag_run.run_type, dag_run.trig
00:35:56.036|8775|active||SELECT asset_partition_dag_run.id, asset_partition_dag_run.target_dag_id, asset_partition_dag_run.created_dag_run_id, asset_partition_dag_run.partition_key, asset_partition_dag_run.partition_date, ass
00:35:56.036|8860|active|Lock|SELECT task_instance.state, task_instance.try_number, task_instance.max_tries, task_instance.dag_id, task_instance.task_id, task_instance.run_id, task_instance.map_index, task_instance.hostname, dag_r
00:35:56.599|20074|idle in transaction||SELECT task_instance.dag_version_id FROM task_instance WHERE task_instance.dag_id = 'bench_partition_consumer' AND task_instance.dag_version_id = '01a0efa2-2565-7f80-a0a2-753ce7d9a46b'::uuid::UUID AND
00:35:57.171|20074|active||SELECT dag_run.dag_id, count('*') AS count_1 FROM dag_run WHERE dag_run.dag_id IN ('bench_partition_consumer') AND dag_run.state IN ('running', 'queued') AND dag_run.run_type != 'backfill' GROUP BY da
00:35:57.743|20074|idle in transaction|Client|SELECT dag_run.dag_id, count('*') AS count_1 FROM dag_run WHERE dag_run.dag_id IN ('bench_partition_consumer') AND dag_run.state IN ('running', 'queued') AND dag_run.run_type != 'backfill' GROUP BY da
00:35:58.310|20074|idle in transaction|Client|UPDATE dag_run SET end_date='2026-09-30T00:35:58.248397+00:00'::timestamptz, state='success', last_scheduling_decision='2026-09-30T00:35:58.246724+00:00'::timestamptz, updated_at='2026-09-30T00:35:58.
00:35:58.886|20074|active||SELECT dag_run.dag_id, count('*') AS count_1 FROM dag_run WHERE dag_run.dag_id IN ('bench_partition_consumer') AND dag_run.state IN ('running', 'queued') AND dag_run.run_type != 'backfill' GROUP BY da
00:35:59.463|20074|idle in transaction|Client|SELECT asset_event.id, asset_event.asset_id, asset_event.extra, asset_event.source_task_id, asset_event.source_dag_id, asset_event.source_run_id, asset_event.source_map_index, asset_event.timestamp, a
00:36:00.025|20074|idle in transaction|Client|SELECT dag_version.id, dag_version.version_number, dag_version.dag_id, dag_version.bundle_name, dag_version.bundle_version, dag_version.version_data, dag_version.created_at, dag_version.last_updated F
00:36:00.622|20074|idle in transaction|Client|INSERT INTO task_instance (id, task_id, dag_id, run_id, map_index, try_number, max_tries, hostname, unixname, pool, pool_slots, queue, priority_weight, operator, custom_operator_name, executor_config,
00:36:00.622|8478|active||SELECT asset.id, asset.name, asset.uri, asset."group", asset.extra, asset.created_at, asset.updated_at, asset_active_1.name AS name_1, asset_active_1.uri AS uri_1, dag_1.dag_id, dag_1.is_paused, dag_1
00:36:01.198|20074|idle in transaction|Client|SELECT asset_event.id, asset_event.asset_id, asset_event.extra, asset_event.source_task_id, asset_event.source_dag_id, asset_event.source_run_id, asset_event.source_map_index, asset_event.timestamp, a
00:36:01.198|8478|active||SELECT asset_partition_dag_run.id, asset_partition_dag_run.target_dag_id, asset_partition_dag_run.created_dag_run_id, asset_partition_dag_run.partition_key, asset_partition_dag_run.partition_date, ass
00:36:01.766|20074|idle in transaction|Client|INSERT INTO task_instance (id, task_id, dag_id, run_id, map_index, try_number, max_tries, hostname, unixname, pool, pool_slots, queue, priority_weight, operator, custom_operator_name, executor_config,
00:36:01.766|8478|idle in transaction||SELECT dag.dag_id, dag.is_paused, dag.is_stale, dag.exceeds_max_non_backfill, dag.last_parsed_time, dag.last_parse_duration, dag.last_expired, dag.fileloc, dag.relative_fileloc, dag.bundle_name, dag.b
00:36:02.337|20074|active||SELECT dag_run.id, dag_run.dag_id, dag_run.queued_at, dag_run.logical_date, dag_run.start_date, dag_run.end_date, dag_run.state, dag_run.run_id, dag_run.creating_job_id, dag_run.run_type, dag_run.trig
00:36:02.337|8478|active||SELECT asset_partition_dag_run.id, asset_partition_dag_run.target_dag_id, asset_partition_dag_run.created_dag_run_id, asset_partition_dag_run.partition_key, asset_partition_dag_run.partition_date, ass
00:36:02.903|20074|idle in transaction|Client|SELECT task_instance.dag_version_id FROM task_instance WHERE task_instance.dag_id = 'bench_partition_consumer' AND task_instance.dag_version_id = '01a0efa2-2565-7f80-a0a2-753ce7d9a46b'::uuid::UUID AND
00:36:02.903|8478|idle in transaction|Client|SELECT dag.dag_id, dag.is_paused, dag.is_stale, dag.exceeds_max_non_backfill, dag.last_parsed_time, dag.last_parse_duration, dag.last_expired, dag.fileloc, dag.relative_fileloc, dag.bundle_name, dag.b
00:36:03.506|20074|active||UPDATE task_instance SET start_date='2026-09-30T00:36:03.444268+00:00'::timestamptz, end_date='2026-09-30T00:36:03.444269+00:00'::timestamptz, duration=0, state='success', try_number=(task_instance.tr
00:36:03.506|8478|active||SELECT asset_partition_dag_run.id, asset_partition_dag_run.target_dag_id, asset_partition_dag_run.created_dag_run_id, asset_partition_dag_run.partition_key, asset_partition_dag_run.partition_date, ass
00:36:04.109|20074|idle in transaction|Client|SELECT dag_version.id, dag_version.version_number, dag_version.dag_id, dag_version.bundle_name, dag_version.bundle_version, dag_version.version_data, dag_version.created_at, dag_version.last_updated F
00:36:04.109|8478|idle in transaction|Client|INSERT INTO partitioned_asset_key_log (asset_id, asset_event_id, asset_partition_dag_run_id, source_partition_key, target_dag_id, target_partition_key, created_at) VALUES (1, 75755, 75755, 'ACCT000648
00:36:04.686|8478|active||SELECT asset_partition_dag_run.id, asset_partition_dag_run.target_dag_id, asset_partition_dag_run.created_dag_run_id, asset_partition_dag_run.partition_key, asset_partition_dag_run.partition_date, ass
00:36:05.254|20074|active|Client|SELECT dag_version.id, dag_version.version_number, dag_version.dag_id, dag_version.bundle_name, dag_version.bundle_version, dag_version.version_data, dag_version.created_at, dag_version.last_updated F
00:36:05.254|8478|idle in transaction|Client|INSERT INTO asset_event (asset_id, extra, source_task_id, source_dag_id, source_run_id, source_map_index, timestamp, partition_key) VALUES (1, '{}'::JSON, 'emit', 'bench_partition_producer', 'part_100
00:36:05.814|20074|idle in transaction|Client|SELECT task_instance.id, task_instance.task_id, task_instance.dag_id, task_instance.run_id, task_instance.map_index, task_instance.start_date, task_instance.end_date, task_instance.duration, task_inst
00:36:05.814|8478|active||SELECT asset_partition_dag_run.id, asset_partition_dag_run.target_dag_id, asset_partition_dag_run.created_dag_run_id, asset_partition_dag_run.partition_key, asset_partition_dag_run.partition_date, ass
00:36:06.384|8478|active||SELECT asset_partition_dag_run.id, asset_partition_dag_run.target_dag_id, asset_partition_dag_run.created_dag_run_id, asset_partition_dag_run.partition_key, asset_partition_dag_run.partition_date, ass
00:36:06.949|20074|active|Client|UPDATE dag_run SET start_date='2026-09-30T00:36:06.820088+00:00'::timestamptz, state='running', updated_at='2026-09-30T00:36:06.873025+00:00'::timestamptz WHERE dag_run.id = 75429
00:36:06.949|8478|active||SELECT asset_partition_dag_run.id, asset_partition_dag_run.target_dag_id, asset_partition_dag_run.created_dag_run_id, asset_partition_dag_run.partition_key, asset_partition_dag_run.partition_date, ass
00:36:06.949|8632|active|Lock|SELECT task_instance.state, task_instance.try_number, task_instance.max_tries, task_instance.dag_id, task_instance.task_id, task_instance.run_id, task_instance.map_index, task_instance.hostname, dag_r
00:36:07.514|20074|idle in transaction|Client|SELECT task_instance.dag_version_id FROM task_instance WHERE task_instance.dag_id = 'bench_partition_consumer' AND task_instance.dag_version_id = '01a0efa2-2565-7f80-a0a2-753ce7d9a46b'::uuid::UUID AND
00:36:08.098|20074|active||SELECT dag_run.dag_id, count('*') AS count_1 FROM dag_run WHERE dag_run.dag_id IN ('bench_partition_consumer') AND dag_run.state IN ('running', 'queued') AND dag_run.run_type != 'backfill' GROUP BY da
00:36:08.098|29011|active|Lock|CREATE INDEX CONCURRENTLY IF NOT EXISTS bench_idx_apdr_target_key ON asset_partition_dag_run (target_dag_id, partition_key, id DESC)
00:36:08.667|20074|active||SELECT dag_run.dag_id, count('*') AS count_1 FROM dag_run WHERE dag_run.dag_id IN ('bench_partition_consumer') AND dag_run.state IN ('running', 'queued') AND dag_run.run_type != 'backfill' GROUP BY da
00:36:08.667|29011|active|Lock|CREATE INDEX CONCURRENTLY IF NOT EXISTS bench_idx_apdr_target_key ON asset_partition_dag_run (target_dag_id, partition_key, id DESC)
00:36:09.243|20074|active||SELECT dag_run.dag_id, count('*') AS count_1 FROM dag_run WHERE dag_run.dag_id IN ('bench_partition_consumer') AND dag_run.state IN ('running', 'queued') AND dag_run.run_type != 'backfill' GROUP BY da
00:36:09.243|29011|active|Lock|CREATE INDEX CONCURRENTLY IF NOT EXISTS bench_idx_apdr_target_key ON asset_partition_dag_run (target_dag_id, partition_key, id DESC)
00:36:09.811|20074|active||SELECT dag_run.dag_id, count('*') AS count_1 FROM dag_run WHERE dag_run.dag_id IN ('bench_partition_consumer') AND dag_run.state IN ('running', 'queued') AND dag_run.run_type != 'backfill' GROUP BY da
00:36:09.811|29011|active|Lock|CREATE INDEX CONCURRENTLY IF NOT EXISTS bench_idx_apdr_target_key ON asset_partition_dag_run (target_dag_id, partition_key, id DESC)
00:36:10.379|20074|active||INSERT INTO task_instance (id, task_id, dag_id, run_id, map_index, try_number, max_tries, hostname, unixname, pool, pool_slots, queue, priority_weight, operator, custom_operator_name, executor_config,
00:36:10.964|20074|idle in transaction|Client|SELECT asset_event.id, asset_event.asset_id, asset_event.extra, asset_event.source_task_id, asset_event.source_dag_id, asset_event.source_run_id, asset_event.source_map_index, asset_event.timestamp, a
00:36:11.571|20074|idle in transaction|Client|INSERT INTO task_instance (id, task_id, dag_id, run_id, map_index, try_number, max_tries, hostname, unixname, pool, pool_slots, queue, priority_weight, operator, custom_operator_name, executor_config,
00:36:11.571|21625|idle in transaction|Client|SELECT asset.id FROM asset WHERE asset.id = 1 FOR NO KEY UPDATE
00:36:12.175|20074|idle in transaction|Client|SELECT dag_version.id, dag_version.version_number, dag_version.dag_id, dag_version.bundle_name, dag_version.bundle_version, dag_version.version_data, dag_version.created_at, dag_version.last_updated F
00:36:12.175|21625|idle in transaction|Client|SELECT serialized_dag.id, serialized_dag.dag_id, serialized_dag.data, serialized_dag.data_compressed, serialized_dag.created_at, serialized_dag.last_updated, serialized_dag.dag_hash, serialized_dag.da
00:36:12.759|20046|active||SELECT dag_run.id, dag_run.dag_id, dag_run.logical_date, dag_run.data_interval_start, dag_run.data_interval_end, dag_run.run_after, dag_run.partition_key, dag_run.partition_date FROM dag_run WHERE dag
00:36:12.759|20074|idle in transaction|Client|INSERT INTO dagrun_asset_event (dag_run_id, event_id) VALUES (75902, 75895)
00:36:12.759|21625|active||SELECT asset.id, asset.name, asset.uri, asset."group", asset.extra, asset.created_at, asset.updated_at, asset_active_1.name AS name_1, asset_active_1.uri AS uri_1, dag_1.dag_id, dag_1.is_paused, dag_1
00:36:13.337|20074|active|Client|SELECT dag_version.id, dag_version.version_number, dag_version.dag_id, dag_version.bundle_name, dag_version.bundle_version, dag_version.version_data, dag_version.created_at, dag_version.last_updated F
00:36:13.337|21625|idle in transaction|Client|SELECT asset.id, asset.name, asset.uri, asset."group", asset.extra, asset.created_at, asset.updated_at, asset_active_1.name AS name_1, asset_active_1.uri AS uri_1, dag_1.dag_id, dag_1.is_paused, dag_1
00:36:13.976|20074|idle in transaction|Client|SELECT dag.dag_id AS dag_dag_id, dag.is_paused AS dag_is_paused, dag.is_stale AS dag_is_stale, dag.exceeds_max_non_backfill AS dag_exceeds_max_non_backfill, dag.last_parsed_time AS dag_last_parsed_tim
00:36:13.976|21625|idle in transaction|Client|INSERT INTO asset_event (asset_id, extra, source_task_id, source_dag_id, source_run_id, source_map_index, timestamp, partition_key) VALUES (1, '{}'::JSON, 'emit', 'bench_partition_producer', 'part_100
00:36:13.976|29104|active||autovacuum: ANALYZE public.dag_run
00:36:14.553|20074|idle in transaction|Client|UPDATE task_instance SET start_date='2026-09-30T00:36:14.488032+00:00'::timestamptz, end_date='2026-09-30T00:36:14.488033+00:00'::timestamptz, duration=0, state='success', try_number=(task_instance.tr
00:36:14.553|21625|idle in transaction|Client|SELECT asset.id, asset.name, asset.uri, asset."group", asset.extra, asset.created_at, asset.updated_at, asset_active_1.name AS name_1, asset_active_1.uri AS uri_1, dag_1.dag_id, dag_1.is_paused, dag_1
00:36:15.130|20074|idle in transaction|Client|SELECT dag_version.id, dag_version.version_number, dag_version.dag_id, dag_version.bundle_name, dag_version.bundle_version, dag_version.version_data, dag_version.created_at, dag_version.last_updated F
00:36:15.130|21625|idle in transaction|Client|INSERT INTO partitioned_asset_key_log (asset_id, asset_event_id, asset_partition_dag_run_id, source_partition_key, target_dag_id, target_partition_key, created_at) VALUES (1, 76457, 76457, 'ACCT000651
00:36:15.761|20074|idle in transaction|Client|SELECT dag_version.id, dag_version.version_number, dag_version.dag_id, dag_version.bundle_name, dag_version.bundle_version, dag_version.version_data, dag_version.created_at, dag_version.last_updated F
00:36:16.391|20074|idle in transaction|Client|SELECT max(log_template.id) AS max_1 FROM log_template
00:36:16.986|20074|idle in transaction|Client|INSERT INTO dagrun_asset_event (dag_run_id, event_id) VALUES (76141, 76134)
00:36:17.585|20074|idle in transaction|Client|INSERT INTO task_instance (id, task_id, dag_id, run_id, map_index, try_number, max_tries, hostname, unixname, pool, pool_slots, queue, priority_weight, operator, custom_operator_name, executor_config,
00:36:18.178|20074|idle in transaction|Client|INSERT INTO dagrun_asset_event (dag_run_id, event_id) VALUES (76270, 76263)
00:36:18.778|20074|idle in transaction|Client|UPDATE asset_partition_dag_run SET created_dag_run_id=76334, updated_at='2026-09-30T00:36:18.713459+00:00'::timestamptz WHERE asset_partition_dag_run.id = 76327
00:36:18.778|15180|active||select coalesce(state,'none'), count(*) from task_instance where dag_id='bench_partition_consumer' group by 1
00:36:19.352|20074|idle in transaction|Client|SELECT task_instance.id, task_instance.task_id, task_instance.dag_id, task_instance.run_id, task_instance.map_index, task_instance.start_date, task_instance.end_date, task_instance.duration, task_inst
00:36:19.909|20074|idle in transaction|Client|INSERT INTO task_instance (id, task_id, dag_id, run_id, map_index, try_number, max_tries, hostname, unixname, pool, pool_slots, queue, priority_weight, operator, custom_operator_name, executor_config,
00:36:20.468|20074|idle in transaction|Client|SELECT dag.dag_id AS dag_dag_id, dag.is_paused AS dag_is_paused, dag.is_stale AS dag_is_stale, dag.exceeds_max_non_backfill AS dag_exceeds_max_non_backfill, dag.last_parsed_time AS dag_last_parsed_tim
00:36:21.059|20074|idle in transaction|Client|UPDATE task_instance SET start_date='2026-09-30T00:36:20.993601+00:00'::timestamptz, end_date='2026-09-30T00:36:20.993602+00:00'::timestamptz, duration=0, state='success', try_number=(task_instance.tr
00:36:21.659|20074|idle in transaction|Client|UPDATE task_instance SET start_date='2026-09-30T00:36:21.592508+00:00'::timestamptz, end_date='2026-09-30T00:36:21.592509+00:00'::timestamptz, duration=0, state='success', try_number=(task_instance.tr
00:36:22.231|20074|active||SELECT dag_run.id, dag_run.dag_id, dag_run.queued_at, dag_run.logical_date, dag_run.start_date, dag_run.end_date, dag_run.state, dag_run.run_id, dag_run.creating_job_id, dag_run.run_type, dag_run.trig
00:36:22.798|20074|idle in transaction|Client|SELECT task_instance.id, task_instance.task_id, task_instance.dag_id, task_instance.run_id, task_instance.map_index, task_instance.start_date, task_instance.end_date, task_instance.duration, task_inst
00:36:23.377|20074|idle in transaction||SELECT dag_version.id, dag_version.version_number, dag_version.dag_id, dag_version.bundle_name, dag_version.bundle_version, dag_version.version_data, dag_version.created_at, dag_version.last_updated F
00:36:23.377|8775|idle in transaction||SELECT asset.id, asset.name, asset.uri, asset."group", asset.extra, asset.created_at, asset.updated_at FROM asset WHERE asset.id = 1
00:36:23.963|15180|active||select coalesce(state,'none'), count(*) from dag_run where dag_id='bench_partition_consumer' group by 1
00:36:23.963|8775|active||SELECT serialized_dag.id, serialized_dag.dag_id, serialized_dag.data, serialized_dag.data_compressed, serialized_dag.created_at, serialized_dag.last_updated, serialized_dag.dag_hash, serialized_dag.da
00:36:24.539|20074|active||SELECT dag_run.id, dag_run.dag_id, dag_run.queued_at, dag_run.logical_date, dag_run.start_date, dag_run.end_date, dag_run.state, dag_run.run_id, dag_run.creating_job_id, dag_run.run_type, dag_run.trig
00:36:24.539|8775|idle in transaction|Client|INSERT INTO asset_partition_dag_run (target_dag_id, created_dag_run_id, partition_key, partition_date, rollup_fingerprint, created_at, updated_at) VALUES ('bench_partition_consumer', NULL, 'ACCT000655
00:36:25.124|20074|idle in transaction|Client|SELECT task_instance.id, task_instance.task_id, task_instance.dag_id, task_instance.run_id, task_instance.map_index, task_instance.start_date, task_instance.end_date, task_instance.duration, task_inst
00:36:25.124|8775|idle in transaction|Client|SELECT asset_alias.id, asset_alias.name, asset_alias."group" FROM asset_alias WHERE asset_alias.name IN (NULL) AND (1 != 1)
00:36:25.683|20074|idle in transaction|Client|UPDATE dag_run SET last_scheduling_decision='2026-09-30T00:36:25.033960+00:00'::timestamptz, updated_at='2026-09-30T00:36:25.575422+00:00'::timestamptz, scheduled_by_job_id=1 WHERE dag_run.id = 76197
00:36:25.683|8775|idle in transaction|Client|SELECT dag.dag_id, dag.is_paused, dag.is_stale, dag.exceeds_max_non_backfill, dag.last_parsed_time, dag.last_parse_duration, dag.last_expired, dag.fileloc, dag.relative_fileloc, dag.bundle_name, dag.b
00:36:26.243|8775|idle in transaction|Client|SELECT serialized_dag.id, serialized_dag.dag_id, serialized_dag.data, serialized_dag.data_compressed, serialized_dag.created_at, serialized_dag.last_updated, serialized_dag.dag_hash, serialized_dag.da
00:36:26.840|20074|idle in transaction|Client|SELECT task_instance.id, task_instance.task_id, task_instance.dag_id, task_instance.run_id, task_instance.map_index, task_instance.start_date, task_instance.end_date, task_instance.duration, task_inst
00:36:27.427|20074|active||SELECT dag.dag_id AS dag_dag_id, dag.is_paused AS dag_is_paused, dag.is_stale AS dag_is_stale, dag.exceeds_max_non_backfill AS dag_exceeds_max_non_backfill, dag.last_parsed_time AS dag_last_parsed_tim
00:36:28.018|20074|idle in transaction|Client|UPDATE dag_run SET last_scheduling_decision='2026-09-30T00:36:26.778910+00:00'::timestamptz, updated_at='2026-09-30T00:36:27.949243+00:00'::timestamptz, scheduled_by_job_id=1 WHERE dag_run.id = 76312
00:36:28.592|20074|idle in transaction|Client|UPDATE asset_partition_dag_run SET created_dag_run_id=76558, updated_at='2026-09-30T00:36:28.525457+00:00'::timestamptz WHERE asset_partition_dag_run.id = 76551
00:36:29.172|20074|idle in transaction|Client|SELECT dag.bundle_version FROM dag WHERE dag.dag_id = 'bench_partition_consumer'
00:36:29.743|20074|idle in transaction||INSERT INTO dagrun_asset_event (dag_run_id, event_id) VALUES (76742, 76735)
00:36:29.743|8379|idle in transaction|Client|SELECT asset_partition_dag_run.id, asset_partition_dag_run.target_dag_id, asset_partition_dag_run.created_dag_run_id, asset_partition_dag_run.partition_key, asset_partition_dag_run.partition_date, ass
00:36:30.311|20074|idle in transaction|Client|UPDATE asset_partition_dag_run SET created_dag_run_id=76826, updated_at='2026-09-30T00:36:30.244306+00:00'::timestamptz WHERE asset_partition_dag_run.id = 76819
00:36:30.311|8379|active|Client|INSERT INTO asset_partition_dag_run (target_dag_id, created_dag_run_id, partition_key, partition_date, rollup_fingerprint, created_at, updated_at) VALUES ('bench_partition_consumer', NULL, 'ACCT000663
00:36:30.874|20074|idle in transaction|Client|SELECT asset_event.id, asset_event.asset_id, asset_event.extra, asset_event.source_task_id, asset_event.source_dag_id, asset_event.source_run_id, asset_event.source_map_index, asset_event.timestamp, a
00:36:30.874|8379|idle in transaction||SELECT asset.id FROM asset WHERE asset.id = 1 FOR NO KEY UPDATE
00:36:31.437|20074|idle in transaction|Client|SELECT dag.bundle_version FROM dag WHERE dag.dag_id = 'bench_partition_consumer'
00:36:31.437|8379|idle in transaction||INSERT INTO asset_event (asset_id, extra, source_task_id, source_dag_id, source_run_id, source_map_index, timestamp, partition_key) VALUES (1, '{}'::JSON, 'emit', 'bench_partition_producer', 'part_100
00:36:32.007|20074|idle in transaction|Client|SELECT dag_version.id, dag_version.version_number, dag_version.dag_id, dag_version.bundle_name, dag_version.bundle_version, dag_version.version_data, dag_version.created_at, dag_version.last_updated F
00:36:32.007|8379|idle in transaction|Client|SELECT asset.id, asset.name, asset.uri, asset."group", asset.extra, asset.created_at, asset.updated_at, asset_active_1.name AS name_1, asset_active_1.uri AS uri_1, dag_1.dag_id, dag_1.is_paused, dag_1
00:36:32.592|20074|idle in transaction|Client|SELECT dag.dag_id AS dag_dag_id, dag.is_paused AS dag_is_paused, dag.is_stale AS dag_is_stale, dag.exceeds_max_non_backfill AS dag_exceeds_max_non_backfill, dag.last_parsed_time AS dag_last_parsed_tim
00:36:32.592|8379|idle in transaction|Client|INSERT INTO asset_event (asset_id, extra, source_task_id, source_dag_id, source_run_id, source_map_index, timestamp, partition_key) VALUES (1, '{}'::JSON, 'emit', 'bench_partition_producer', 'part_100
00:36:33.157|20074|idle in transaction|Client|INSERT INTO dag_run (dag_id, queued_at, logical_date, start_date, end_date, state, run_id, creating_job_id, run_type, triggered_by, triggering_user_name, conf, data_interval_start, data_interval_end, 
00:36:33.730|20074|idle in transaction|Client|SELECT dag_version.id, dag_version.version_number, dag_version.dag_id, dag_version.bundle_name, dag_version.bundle_version, dag_version.version_data, dag_version.created_at, dag_version.last_updated F
00:36:34.314|20074|idle in transaction|Client|SELECT task_instance.id, task_instance.task_id, task_instance.dag_id, task_instance.run_id, task_instance.map_index, task_instance.start_date, task_instance.end_date, task_instance.duration, task_inst
00:36:34.314|8860|idle in transaction|Client|SELECT dag_version.id, dag_version.version_number, dag_version.dag_id, dag_version.bundle_name, dag_version.bundle_version, dag_version.version_data, dag_version.created_at, dag_version.last_updated F
00:36:34.896|20074|idle in transaction|Client|INSERT INTO dag_run (dag_id, queued_at, logical_date, start_date, end_date, state, run_id, creating_job_id, run_type, triggered_by, triggering_user_name, conf, data_interval_start, data_interval_end, 
00:36:34.896|8952|active|Client|SELECT asset.id, asset.name, asset.uri, asset."group", asset.extra, asset.created_at, asset.updated_at FROM asset WHERE asset.id = 1
00:36:35.489|20074|idle in transaction|Client|SELECT task_instance.id, task_instance.task_id, task_instance.dag_id, task_instance.run_id, task_instance.map_index, task_instance.start_date, task_instance.end_date, task_instance.duration, task_inst
00:36:35.489|8952|idle in transaction|Client|SELECT asset.id, asset.name, asset.uri, asset."group", asset.extra, asset.created_at, asset.updated_at, asset_active_1.name AS name_1, asset_active_1.uri AS uri_1, dag_1.dag_id, dag_1.is_paused, dag_1
00:36:36.074|20074|idle in transaction|Client|SELECT max(log_template.id) AS max_1 FROM log_template
00:36:36.074|8952|active|Client|SELECT asset.id FROM asset WHERE asset.id = 1 FOR NO KEY UPDATE
00:36:36.639|20074|idle in transaction|Client|SELECT dag_version.id, dag_version.version_number, dag_version.dag_id, dag_version.bundle_name, dag_version.bundle_version, dag_version.version_data, dag_version.created_at, dag_version.last_updated F
00:36:36.639|8952|idle in transaction||INSERT INTO partitioned_asset_key_log (asset_id, asset_event_id, asset_partition_dag_run_id, source_partition_key, target_dag_id, target_partition_key, created_at) VALUES (1, 77826, 77826, 'ACCT000665
00:36:37.203|20074|active||UPDATE task_instance SET start_date='2026-09-30T00:36:37.134067+00:00'::timestamptz, end_date='2026-09-30T00:36:37.134067+00:00'::timestamptz, duration=0, state='success', try_number=(task_instance.tr
00:36:37.203|8952|idle in transaction|Client|SELECT asset_partition_dag_run.id, asset_partition_dag_run.target_dag_id, asset_partition_dag_run.created_dag_run_id, asset_partition_dag_run.partition_key, asset_partition_dag_run.partition_date, ass
00:36:37.772|20074|active||SELECT dag.dag_id AS dag_dag_id, dag.is_paused AS dag_is_paused, dag.is_stale AS dag_is_stale, dag.exceeds_max_non_backfill AS dag_exceeds_max_non_backfill, dag.last_parsed_time AS dag_last_parsed_tim
00:36:37.772|8952|idle in transaction|Client|SELECT asset.id, asset.name, asset.uri, asset."group", asset.extra, asset.created_at, asset.updated_at, asset_active_1.name AS name_1, asset_active_1.uri AS uri_1, dag_1.dag_id, dag_1.is_paused, dag_1
00:36:38.353|20074|idle in transaction|Client|SELECT asset_event.id, asset_event.asset_id, asset_event.extra, asset_event.source_task_id, asset_event.source_dag_id, asset_event.source_run_id, asset_event.source_map_index, asset_event.timestamp, a
00:36:38.928|20074|active||INSERT INTO task_instance (id, task_id, dag_id, run_id, map_index, try_number, max_tries, hostname, unixname, pool, pool_slots, queue, priority_weight, operator, custom_operator_name, executor_config,
00:36:39.528|20074|idle in transaction|Client|INSERT INTO dag_run (dag_id, queued_at, logical_date, start_date, end_date, state, run_id, creating_job_id, run_type, triggered_by, triggering_user_name, conf, data_interval_start, data_interval_end, 
00:36:39.528|8632|idle in transaction|Client|SELECT asset.id FROM asset WHERE asset.id = 1 FOR NO KEY UPDATE
00:36:40.118|20074|idle in transaction|Client|SELECT dag.bundle_version FROM dag WHERE dag.dag_id = 'bench_partition_consumer'
00:36:40.118|8632|idle in transaction|Client|SELECT asset_alias.id, asset_alias.name, asset_alias."group" FROM asset_alias WHERE asset_alias.name IN (NULL) AND (1 != 1)
00:36:40.725|20074|idle in transaction|Client|SELECT asset_event.id, asset_event.asset_id, asset_event.extra, asset_event.source_task_id, asset_event.source_dag_id, asset_event.source_run_id, asset_event.source_map_index, asset_event.timestamp, a
00:36:40.725|8632|idle in transaction|Client|INSERT INTO asset_event (asset_id, extra, source_task_id, source_dag_id, source_run_id, source_map_index, timestamp, partition_key) VALUES (1, '{}'::JSON, 'emit', 'bench_partition_producer', 'part_100
00:36:41.301|20074|idle in transaction|Client|SELECT dag_version.id, dag_version.version_number, dag_version.dag_id, dag_version.bundle_name, dag_version.bundle_version, dag_version.version_data, dag_version.created_at, dag_version.last_updated F
00:36:41.301|8632|idle in transaction|Client|SELECT asset.id, asset.name, asset.uri, asset."group", asset.extra, asset.created_at, asset.updated_at, asset_active_1.name AS name_1, asset_active_1.uri AS uri_1, dag_1.dag_id, dag_1.is_paused, dag_1
00:36:41.890|20074|active||SELECT dag_run.dag_id, dag_run.backfill_id, count(dag_run.id) AS num_running FROM dag_run WHERE dag_run.state = 'running' GROUP BY dag_run.dag_id, dag_run.backfill_id
00:36:41.890|8632|idle in transaction|Client|SELECT serialized_dag.id, serialized_dag.dag_id, serialized_dag.data, serialized_dag.data_compressed, serialized_dag.created_at, serialized_dag.last_updated, serialized_dag.dag_hash, serialized_dag.da
00:36:42.469|20074|idle in transaction|Client|SELECT dag.dag_id AS dag_dag_id, dag.is_paused AS dag_is_paused, dag.is_stale AS dag_is_stale, dag.exceeds_max_non_backfill AS dag_exceeds_max_non_backfill, dag.last_parsed_time AS dag_last_parsed_tim
00:36:42.469|8632|idle in transaction|Client|SELECT asset_alias.id, asset_alias.name, asset_alias."group" FROM asset_alias WHERE asset_alias.name IN (NULL) AND (1 != 1)
00:36:43.039|20074|idle in transaction|Client|SELECT task_instance.id, task_instance.task_id, task_instance.dag_id, task_instance.run_id, task_instance.map_index, task_instance.start_date, task_instance.end_date, task_instance.duration, task_inst
00:36:43.627|20046|active||SELECT dag_run.dag_id, count('*') AS count_1 FROM dag_run WHERE dag_run.dag_id IN ('bench_partition_consumer') AND dag_run.state IN ('running', 'queued') AND dag_run.run_type != 'backfill' GROUP BY da
00:36:43.627|20074|idle in transaction|Client|SELECT partitioned_asset_key_log.asset_partition_dag_run_id, partitioned_asset_key_log.asset_id, partitioned_asset_key_log.source_partition_key, asset.name, asset.uri FROM partitioned_asset_key_log JO
00:36:43.627|28629|active||INSERT INTO log (dttm, dag_id, task_id, map_index, event, logical_date, run_id, owner, owner_display_name, extra, try_number) VALUES ('2026-09-30T00:36:43.544552+00:00'::timestamptz, 'bench_partition_
00:36:44.234|20074|idle in transaction|Client|SELECT dag.bundle_version FROM dag WHERE dag.dag_id = 'bench_partition_consumer'
00:36:44.820|20074|idle in transaction|Client|SELECT max(log_template.id) AS max_1 FROM log_template
00:36:44.820|28628|active|Client|INSERT INTO partitioned_asset_key_log (asset_id, asset_event_id, asset_partition_dag_run_id, source_partition_key, target_dag_id, target_partition_key, created_at) VALUES (1, 78502, 78502, 'ACCT000675
00:36:44.820|15180|active||select count(*) from dagrun_asset_event x join dag_run r on r.id=x.dag_run_id where r.dag_id='bench_partition_consumer'
00:36:45.389|20074|idle in transaction||INSERT INTO dag_run (dag_id, queued_at, logical_date, start_date, end_date, state, run_id, creating_job_id, run_type, triggered_by, triggering_user_name, conf, data_interval_start, data_interval_end, 
00:36:45.389|28628|idle in transaction|Client|SELECT asset_alias.id, asset_alias.name, asset_alias."group" FROM asset_alias WHERE asset_alias.name IN (NULL) AND (1 != 1)
00:36:45.980|20074|idle in transaction|Client|INSERT INTO dag_run (dag_id, queued_at, logical_date, start_date, end_date, state, run_id, creating_job_id, run_type, triggered_by, triggering_user_name, conf, data_interval_start, data_interval_end, 
00:36:45.980|28628|idle in transaction|Client|SELECT asset_partition_dag_run.id, asset_partition_dag_run.target_dag_id, asset_partition_dag_run.created_dag_run_id, asset_partition_dag_run.partition_key, asset_partition_dag_run.partition_date, ass
00:36:46.555|20074|active||INSERT INTO dagrun_asset_event (dag_run_id, event_id) VALUES (78447, 78440)
00:36:46.555|28628|idle in transaction|Client|SELECT asset_alias.id, asset_alias.name, asset_alias."group" FROM asset_alias WHERE asset_alias.name IN (NULL) AND (1 != 1)
00:36:47.117|20074|idle in transaction|Client|UPDATE dag_run SET start_date='2026-09-30T00:36:46.923305+00:00'::timestamptz, state='running', updated_at='2026-09-30T00:36:47.043340+00:00'::timestamptz WHERE dag_run.id = 77113
00:36:47.117|28628|active|Client|INSERT INTO asset_partition_dag_run (target_dag_id, created_dag_run_id, partition_key, partition_date, rollup_fingerprint, created_at, updated_at) VALUES ('bench_partition_consumer', NULL, 'ACCT000676
00:36:47.687|20074|idle in transaction|Client|UPDATE task_instance SET start_date='2026-09-30T00:36:47.616020+00:00'::timestamptz, end_date='2026-09-30T00:36:47.616021+00:00'::timestamptz, duration=0, state='success', try_number=(task_instance.tr
00:36:47.687|28628|idle in transaction|Client|SELECT dag.dag_id, dag.is_paused, dag.is_stale, dag.exceeds_max_non_backfill, dag.last_parsed_time, dag.last_parse_duration, dag.last_expired, dag.fileloc, dag.relative_fileloc, dag.bundle_name, dag.b
00:36:48.258|20074|active||SELECT task_instance.id, task_instance.task_id, task_instance.dag_id, task_instance.run_id, task_instance.map_index, task_instance.start_date, task_instance.end_date, task_instance.duration, task_inst
00:36:48.817|20074|active||INSERT INTO dagrun_asset_event (dag_run_id, event_id) VALUES (78538, 78531)
00:36:49.386|20074|idle in transaction|Client|UPDATE asset_partition_dag_run SET created_dag_run_id=78626, updated_at='2026-09-30T00:36:49.314019+00:00'::timestamptz WHERE asset_partition_dag_run.id = 78619
00:36:49.976|20074|idle in transaction|Client|SELECT max(log_template.id) AS max_1 FROM log_template
00:36:49.976|21625|idle in transaction|Client|SELECT asset.id, asset.name, asset.uri, asset."group", asset.extra, asset.created_at, asset.updated_at FROM asset WHERE asset.id = 1
00:36:49.976|15180|active||select count(*) from dagrun_asset_event x join dag_run r on r.id=x.dag_run_id where r.dag_id='bench_partition_consumer'
00:36:50.554|20074|active||UPDATE asset_partition_dag_run SET created_dag_run_id=78805, updated_at='2026-09-30T00:36:50.482906+00:00'::timestamptz WHERE asset_partition_dag_run.id = 78798
00:36:50.554|21625|idle in transaction|Client|SELECT serialized_dag.id, serialized_dag.dag_id, serialized_dag.data, serialized_dag.data_compressed, serialized_dag.created_at, serialized_dag.last_updated, serialized_dag.dag_hash, serialized_dag.da
00:36:51.145|20074|idle in transaction|Client|UPDATE asset_partition_dag_run SET created_dag_run_id=78893, updated_at='2026-09-30T00:36:51.072533+00:00'::timestamptz WHERE asset_partition_dag_run.id = 78886
00:36:51.145|21625|idle in transaction|Client|INSERT INTO asset_event (asset_id, extra, source_task_id, source_dag_id, source_run_id, source_map_index, timestamp, partition_key) VALUES (1, '{}'::JSON, 'emit', 'bench_partition_producer', 'part_100
00:36:51.710|20074|idle in transaction||INSERT INTO task_instance (id, task_id, dag_id, run_id, map_index, try_number, max_tries, hostname, unixname, pool, pool_slots, queue, priority_weight, operator, custom_operator_name, executor_config,
00:36:51.710|21625|idle in transaction|Client|SELECT dag.dag_id, dag.is_paused, dag.is_stale, dag.exceeds_max_non_backfill, dag.last_parsed_time, dag.last_parse_duration, dag.last_expired, dag.fileloc, dag.relative_fileloc, dag.bundle_name, dag.b
00:36:52.271|20074|active||SELECT dag_run.id, dag_run.dag_id, dag_run.queued_at, dag_run.logical_date, dag_run.start_date, dag_run.end_date, dag_run.state, dag_run.run_id, dag_run.creating_job_id, dag_run.run_type, dag_run.trig
00:36:52.271|21625|idle in transaction|Client|SELECT asset_alias.id, asset_alias.name, asset_alias."group" FROM asset_alias WHERE asset_alias.name IN (NULL) AND (1 != 1)
00:36:52.834|20074|idle in transaction|Client|UPDATE task_instance SET start_date='2026-09-30T00:36:52.761129+00:00'::timestamptz, end_date='2026-09-30T00:36:52.761130+00:00'::timestamptz, duration=0, state='success', try_number=(task_instance.tr
00:36:52.834|21625|idle in transaction|Client|INSERT INTO asset_partition_dag_run (target_dag_id, created_dag_run_id, partition_key, partition_date, rollup_fingerprint, created_at, updated_at) VALUES ('bench_partition_consumer', NULL, 'ACCT000680
00:36:53.392|20074|idle in transaction|Client|UPDATE dag_run SET last_scheduling_decision='2026-09-30T00:36:53.228825+00:00'::timestamptz, updated_at='2026-09-30T00:36:53.234618+00:00'::timestamptz, scheduled_by_job_id=1 WHERE dag_run.id = 77507
00:36:54.004|20074|idle in transaction|Client|INSERT INTO dag_run (dag_id, queued_at, logical_date, start_date, end_date, state, run_id, creating_job_id, run_type, triggered_by, triggering_user_name, conf, data_interval_start, data_interval_end, 
00:36:54.596|20074|idle in transaction||SELECT max(log_template.id) AS max_1 FROM log_template
00:36:54.596|8478|idle in transaction|Client|SELECT xcom.dag_run_id, xcom.task_id, xcom.map_index, xcom.key, xcom.dag_result, xcom.dag_id, xcom.run_id, xcom.value, xcom.timestamp, dag_run_1.id, dag_run_1.dag_id AS dag_id_1, dag_run_1.queued_at, 
00:36:55.186|20074|idle in transaction|Client|UPDATE asset_partition_dag_run SET created_dag_run_id=79233, updated_at='2026-09-30T00:36:55.113390+00:00'::timestamptz WHERE asset_partition_dag_run.id = 79226
00:36:55.186|15180|active||select count(*) from dagrun_asset_event x join dag_run r on r.id=x.dag_run_id where r.dag_id='bench_partition_consumer'
00:36:55.186|8775|active|Client|SELECT asset.id, asset.name, asset.uri, asset."group", asset.extra, asset.created_at, asset.updated_at, asset_active_1.name AS name_1, asset_active_1.uri AS uri_1, dag_1.dag_id, dag_1.is_paused, dag_1
00:36:55.803|20074|idle in transaction|Client|INSERT INTO dagrun_asset_event (dag_run_id, event_id) VALUES (79323, 79316)
00:36:55.803|8775|idle in transaction|Client|INSERT INTO partitioned_asset_key_log (asset_id, asset_event_id, asset_partition_dag_run_id, source_partition_key, target_dag_id, target_partition_key, created_at) VALUES (1, 79640, 79640, 'ACCT000688
00:36:56.389|20074|active|Client|INSERT INTO dagrun_asset_event (dag_run_id, event_id) VALUES (79410, 79403)
00:36:56.389|8775|idle in transaction|Client|SELECT asset_alias.id, asset_alias.name, asset_alias."group" FROM asset_alias WHERE asset_alias.name IN (NULL) AND (1 != 1)
00:36:56.953|20074|idle in transaction|Client|INSERT INTO task_instance (id, task_id, dag_id, run_id, map_index, try_number, max_tries, hostname, unixname, pool, pool_slots, queue, priority_weight, operator, custom_operator_name, executor_config,
00:36:56.953|8775|idle in transaction|Client|SELECT asset_partition_dag_run.id, asset_partition_dag_run.target_dag_id, asset_partition_dag_run.created_dag_run_id, asset_partition_dag_run.partition_key, asset_partition_dag_run.partition_date, ass
00:36:57.519|20074|idle in transaction|Client|SELECT task_instance.dag_version_id FROM task_instance WHERE task_instance.dag_id = 'bench_partition_consumer' AND task_instance.dag_version_id = '01a0efa2-2565-7f80-a0a2-753ce7d9a46b'::uuid::UUID AND
00:36:57.519|8775|idle in transaction|Client|INSERT INTO asset_partition_dag_run (target_dag_id, created_dag_run_id, partition_key, partition_date, rollup_fingerprint, created_at, updated_at) VALUES ('bench_partition_consumer', NULL, 'ACCT000685
00:36:58.084|20074|active||SELECT task_instance.id, task_instance.task_id, task_instance.dag_id, task_instance.run_id, task_instance.map_index, task_instance.start_date, task_instance.end_date, task_instance.duration, task_inst
00:36:58.084|8775|idle in transaction|Client|SELECT dag.dag_id, dag.is_paused, dag.is_stale, dag.exceeds_max_non_backfill, dag.last_parsed_time, dag.last_parse_duration, dag.last_expired, dag.fileloc, dag.relative_fileloc, dag.bundle_name, dag.b
00:36:58.641|20074|active||SELECT count(connection_test_request.id) AS count_1 FROM connection_test_request WHERE connection_test_request.state IN ('running', 'queued')
00:36:59.220|20074|idle in transaction||SELECT task_instance.id, task_instance.task_id, task_instance.dag_id, task_instance.run_id, task_instance.map_index, task_instance.start_date, task_instance.end_date, task_instance.duration, task_inst
00:36:59.789|20074|idle in transaction|Client|INSERT INTO task_instance (id, task_id, dag_id, run_id, map_index, try_number, max_tries, hostname, unixname, pool, pool_slots, queue, priority_weight, operator, custom_operator_name, executor_config,
00:37:00.364|20074|idle in transaction|Client|SELECT dag_version.id, dag_version.version_number, dag_version.dag_id, dag_version.bundle_name, dag_version.bundle_version, dag_version.version_data, dag_version.created_at, dag_version.last_updated F
00:37:00.364|15180|active||select count(*) from dagrun_asset_event x join dag_run r on r.id=x.dag_run_id where r.dag_id='bench_partition_consumer'
00:37:00.364|8379|idle in transaction|Client|SELECT dag.dag_id, dag.is_paused, dag.is_stale, dag.exceeds_max_non_backfill, dag.last_parsed_time, dag.last_parse_duration, dag.last_expired, dag.fileloc, dag.relative_fileloc, dag.bundle_name, dag.b
00:37:00.973|20074|idle in transaction|Client|SELECT task_instance.id, task_instance.task_id, task_instance.dag_id, task_instance.run_id, task_instance.map_index, task_instance.start_date, task_instance.end_date, task_instance.duration, task_inst
00:37:00.973|8379|idle in transaction|Client|SELECT asset.id, asset.name, asset.uri, asset."group", asset.extra, asset.created_at, asset.updated_at, asset_active_1.name AS name_1, asset_active_1.uri AS uri_1, dag_1.dag_id, dag_1.is_paused, dag_1
