23:58:53.163|94|idle in transaction|Client|SELECT dag_run.id, dag_run.dag_id, dag_run.queued_at, dag_run.logical_date, dag_run.start_date, dag_run.end_date, dag_run.state, dag_run.run_id, dag_run.creating_job_id, dag_run.run_type, dag_run.trig
23:58:53.760|94|idle in transaction|Client|SELECT task_instance.id, task_instance.task_id, task_instance.dag_id, task_instance.run_id, task_instance.map_index, task_instance.start_date, task_instance.end_date, task_instance.duration, task_inst
23:58:54.338|94|idle in transaction|Client|SELECT dag_run.id, dag_run.dag_id, dag_run.queued_at, dag_run.logical_date, dag_run.start_date, dag_run.end_date, dag_run.state, dag_run.run_id, dag_run.creating_job_id, dag_run.run_type, dag_run.trig
23:58:54.931|94|active||SELECT task_instance.id, task_instance.task_id, task_instance.dag_id, task_instance.run_id, task_instance.map_index, task_instance.start_date, task_instance.end_date, task_instance.duration, task_inst
23:58:55.526|94|idle in transaction|Client|SELECT dag_run.id, dag_run.dag_id, dag_run.queued_at, dag_run.logical_date, dag_run.start_date, dag_run.end_date, dag_run.state, dag_run.run_id, dag_run.creating_job_id, dag_run.run_type, dag_run.trig
23:58:56.114|94|idle in transaction|Client|SELECT task_instance.id, task_instance.task_id, task_instance.dag_id, task_instance.run_id, task_instance.map_index, task_instance.start_date, task_instance.end_date, task_instance.duration, task_inst
23:58:56.676|94|idle in transaction||SELECT task_instance.id, task_instance.task_id, task_instance.dag_id, task_instance.run_id, task_instance.map_index, task_instance.start_date, task_instance.end_date, task_instance.duration, task_inst
23:58:57.248|94|idle in transaction|Client|SELECT task_instance.id, task_instance.task_id, task_instance.dag_id, task_instance.run_id, task_instance.map_index, task_instance.start_date, task_instance.end_date, task_instance.duration, task_inst
23:58:57.815|94|idle in transaction|Client|SELECT dag_run.id, dag_run.dag_id, dag_run.queued_at, dag_run.logical_date, dag_run.start_date, dag_run.end_date, dag_run.state, dag_run.run_id, dag_run.creating_job_id, dag_run.run_type, dag_run.trig
23:58:58.378|94|idle in transaction||SELECT task_instance.id, task_instance.task_id, task_instance.dag_id, task_instance.run_id, task_instance.map_index, task_instance.start_date, task_instance.end_date, task_instance.duration, task_inst
23:58:58.947|94|idle in transaction|Client|SELECT task_instance.id, task_instance.task_id, task_instance.dag_id, task_instance.run_id, task_instance.map_index, task_instance.start_date, task_instance.end_date, task_instance.duration, task_inst
23:58:59.529|94|idle in transaction|Client|SELECT dag_run.id, dag_run.dag_id, dag_run.queued_at, dag_run.logical_date, dag_run.start_date, dag_run.end_date, dag_run.state, dag_run.run_id, dag_run.creating_job_id, dag_run.run_type, dag_run.trig
23:59:00.090|94|idle in transaction|Client|SELECT dag_run.id, dag_run.dag_id, dag_run.queued_at, dag_run.logical_date, dag_run.start_date, dag_run.end_date, dag_run.state, dag_run.run_id, dag_run.creating_job_id, dag_run.run_type, dag_run.trig
23:59:00.666|94|idle in transaction|Client|SELECT dag_run.id, dag_run.dag_id, dag_run.queued_at, dag_run.logical_date, dag_run.start_date, dag_run.end_date, dag_run.state, dag_run.run_id, dag_run.creating_job_id, dag_run.run_type, dag_run.trig
23:59:01.245|94|active||SELECT task_instance.id, task_instance.task_id, task_instance.dag_id, task_instance.run_id, task_instance.map_index, task_instance.start_date, task_instance.end_date, task_instance.duration, task_inst
23:59:01.817|94|active|Client|SELECT task_instance.id, task_instance.task_id, task_instance.dag_id, task_instance.run_id, task_instance.map_index, task_instance.start_date, task_instance.end_date, task_instance.duration, task_inst
23:59:02.400|94|idle in transaction|Client|SELECT task_instance.id, task_instance.task_id, task_instance.dag_id, task_instance.run_id, task_instance.map_index, task_instance.start_date, task_instance.end_date, task_instance.duration, task_inst
23:59:02.980|94|idle in transaction|Client|SELECT task_instance.id, task_instance.task_id, task_instance.dag_id, task_instance.run_id, task_instance.map_index, task_instance.start_date, task_instance.end_date, task_instance.duration, task_inst
23:59:03.573|94|idle in transaction|Client|SELECT task_instance.id, task_instance.task_id, task_instance.dag_id, task_instance.run_id, task_instance.map_index, task_instance.start_date, task_instance.end_date, task_instance.duration, task_inst
23:59:04.191|94|idle in transaction|Client|SELECT dag_run.id, dag_run.dag_id, dag_run.queued_at, dag_run.logical_date, dag_run.start_date, dag_run.end_date, dag_run.state, dag_run.run_id, dag_run.creating_job_id, dag_run.run_type, dag_run.trig
23:59:04.772|94|idle in transaction|Client|SELECT task_instance.id, task_instance.task_id, task_instance.dag_id, task_instance.run_id, task_instance.map_index, task_instance.start_date, task_instance.end_date, task_instance.duration, task_inst
23:59:05.371|94|idle in transaction|Client|SELECT task_instance.id, task_instance.task_id, task_instance.dag_id, task_instance.run_id, task_instance.map_index, task_instance.start_date, task_instance.end_date, task_instance.duration, task_inst
23:59:05.962|94|idle in transaction|Client|SELECT dag_run.id, dag_run.dag_id, dag_run.queued_at, dag_run.logical_date, dag_run.start_date, dag_run.end_date, dag_run.state, dag_run.run_id, dag_run.creating_job_id, dag_run.run_type, dag_run.trig
23:59:06.556|94|idle in transaction|Client|SELECT dag_run.id, dag_run.dag_id, dag_run.queued_at, dag_run.logical_date, dag_run.start_date, dag_run.end_date, dag_run.state, dag_run.run_id, dag_run.creating_job_id, dag_run.run_type, dag_run.trig
23:59:07.129|94|idle in transaction|Client|SELECT task_instance.id, task_instance.task_id, task_instance.dag_id, task_instance.run_id, task_instance.map_index, task_instance.start_date, task_instance.end_date, task_instance.duration, task_inst
23:59:07.717|94|idle in transaction|Client|SELECT dag_run.id, dag_run.dag_id, dag_run.queued_at, dag_run.logical_date, dag_run.start_date, dag_run.end_date, dag_run.state, dag_run.run_id, dag_run.creating_job_id, dag_run.run_type, dag_run.trig
23:59:08.329|94|idle in transaction|Client|SELECT task_instance.id, task_instance.task_id, task_instance.dag_id, task_instance.run_id, task_instance.map_index, task_instance.start_date, task_instance.end_date, task_instance.duration, task_inst
23:59:08.911|94|idle in transaction|Client|SELECT task_instance.id, task_instance.task_id, task_instance.dag_id, task_instance.run_id, task_instance.map_index, task_instance.start_date, task_instance.end_date, task_instance.duration, task_inst
23:59:09.494|94|idle in transaction|Client|SELECT dag_run.id, dag_run.dag_id, dag_run.queued_at, dag_run.logical_date, dag_run.start_date, dag_run.end_date, dag_run.state, dag_run.run_id, dag_run.creating_job_id, dag_run.run_type, dag_run.trig
23:59:10.080|94|idle in transaction|Client|SELECT task_instance.id, task_instance.task_id, task_instance.dag_id, task_instance.run_id, task_instance.map_index, task_instance.start_date, task_instance.end_date, task_instance.duration, task_inst
23:59:10.648|94|idle in transaction|Client|SELECT dag_run.id, dag_run.dag_id, dag_run.queued_at, dag_run.logical_date, dag_run.start_date, dag_run.end_date, dag_run.state, dag_run.run_id, dag_run.creating_job_id, dag_run.run_type, dag_run.trig
23:59:11.226|94|idle in transaction|Client|SELECT task_instance.id, task_instance.task_id, task_instance.dag_id, task_instance.run_id, task_instance.map_index, task_instance.start_date, task_instance.end_date, task_instance.duration, task_inst
23:59:11.798|94|active||SELECT dag_run.id, dag_run.dag_id, dag_run.queued_at, dag_run.logical_date, dag_run.start_date, dag_run.end_date, dag_run.state, dag_run.run_id, dag_run.creating_job_id, dag_run.run_type, dag_run.trig
23:59:12.365|94|idle in transaction|Client|SELECT dag_run.id, dag_run.dag_id, dag_run.queued_at, dag_run.logical_date, dag_run.start_date, dag_run.end_date, dag_run.state, dag_run.run_id, dag_run.creating_job_id, dag_run.run_type, dag_run.trig
23:59:12.960|94|idle in transaction|Client|SELECT dag_run.id, dag_run.dag_id, dag_run.queued_at, dag_run.logical_date, dag_run.start_date, dag_run.end_date, dag_run.state, dag_run.run_id, dag_run.creating_job_id, dag_run.run_type, dag_run.trig
23:59:13.532|94|idle in transaction||SELECT dag_run.id, dag_run.dag_id, dag_run.queued_at, dag_run.logical_date, dag_run.start_date, dag_run.end_date, dag_run.state, dag_run.run_id, dag_run.creating_job_id, dag_run.run_type, dag_run.trig
23:59:14.105|94|idle in transaction|Client|SELECT dag_run.id, dag_run.dag_id, dag_run.queued_at, dag_run.logical_date, dag_run.start_date, dag_run.end_date, dag_run.state, dag_run.run_id, dag_run.creating_job_id, dag_run.run_type, dag_run.trig
23:59:14.696|94|idle in transaction|Client|SELECT task_instance.id, task_instance.task_id, task_instance.dag_id, task_instance.run_id, task_instance.map_index, task_instance.start_date, task_instance.end_date, task_instance.duration, task_inst
23:59:15.278|94|idle in transaction|Client|SELECT dag_run.id, dag_run.dag_id, dag_run.queued_at, dag_run.logical_date, dag_run.start_date, dag_run.end_date, dag_run.state, dag_run.run_id, dag_run.creating_job_id, dag_run.run_type, dag_run.trig
23:59:15.876|94|idle in transaction|Client|SELECT dag_run.id, dag_run.dag_id, dag_run.queued_at, dag_run.logical_date, dag_run.start_date, dag_run.end_date, dag_run.state, dag_run.run_id, dag_run.creating_job_id, dag_run.run_type, dag_run.trig
23:59:16.471|94|idle in transaction|Client|SELECT dag_run.id, dag_run.dag_id, dag_run.queued_at, dag_run.logical_date, dag_run.start_date, dag_run.end_date, dag_run.state, dag_run.run_id, dag_run.creating_job_id, dag_run.run_type, dag_run.trig
23:59:17.030|94|idle in transaction|Client|SELECT task_instance.id, task_instance.task_id, task_instance.dag_id, task_instance.run_id, task_instance.map_index, task_instance.start_date, task_instance.end_date, task_instance.duration, task_inst
23:59:17.647|94|idle in transaction|Client|SELECT dag_run.id, dag_run.dag_id, dag_run.queued_at, dag_run.logical_date, dag_run.start_date, dag_run.end_date, dag_run.state, dag_run.run_id, dag_run.creating_job_id, dag_run.run_type, dag_run.trig
23:59:18.391|94|idle in transaction|Client|SELECT task_instance.id, task_instance.task_id, task_instance.dag_id, task_instance.run_id, task_instance.map_index, task_instance.start_date, task_instance.end_date, task_instance.duration, task_inst
23:59:19.019|94|active|Client|SELECT task_instance.id, task_instance.task_id, task_instance.dag_id, task_instance.run_id, task_instance.map_index, task_instance.start_date, task_instance.end_date, task_instance.duration, task_inst
23:59:19.663|94|idle in transaction|Client|SELECT dag_run.id, dag_run.dag_id, dag_run.queued_at, dag_run.logical_date, dag_run.start_date, dag_run.end_date, dag_run.state, dag_run.run_id, dag_run.creating_job_id, dag_run.run_type, dag_run.trig
23:59:20.413|94|idle in transaction|Client|SELECT dag_run.id, dag_run.dag_id, dag_run.queued_at, dag_run.logical_date, dag_run.start_date, dag_run.end_date, dag_run.state, dag_run.run_id, dag_run.creating_job_id, dag_run.run_type, dag_run.trig
23:59:20.413|112|active||select pg_database_size('airflow')
23:59:20.988|94|idle in transaction|Client|SELECT task_instance.id, task_instance.task_id, task_instance.dag_id, task_instance.run_id, task_instance.map_index, task_instance.start_date, task_instance.end_date, task_instance.duration, task_inst
23:59:21.565|94|idle in transaction|Client|SELECT task_instance.id, task_instance.task_id, task_instance.dag_id, task_instance.run_id, task_instance.map_index, task_instance.start_date, task_instance.end_date, task_instance.duration, task_inst
23:59:22.125|94|idle in transaction|Client|SELECT dag_run.id, dag_run.dag_id, dag_run.queued_at, dag_run.logical_date, dag_run.start_date, dag_run.end_date, dag_run.state, dag_run.run_id, dag_run.creating_job_id, dag_run.run_type, dag_run.trig
23:59:22.692|94|idle in transaction|Client|SELECT dag_run.id, dag_run.dag_id, dag_run.queued_at, dag_run.logical_date, dag_run.start_date, dag_run.end_date, dag_run.state, dag_run.run_id, dag_run.creating_job_id, dag_run.run_type, dag_run.trig
23:59:23.259|94|idle in transaction|Client|SELECT task_instance.id, task_instance.task_id, task_instance.dag_id, task_instance.run_id, task_instance.map_index, task_instance.start_date, task_instance.end_date, task_instance.duration, task_inst
23:59:23.835|94|idle in transaction|Client|SELECT dag_run.id, dag_run.dag_id, dag_run.queued_at, dag_run.logical_date, dag_run.start_date, dag_run.end_date, dag_run.state, dag_run.run_id, dag_run.creating_job_id, dag_run.run_type, dag_run.trig
23:59:24.412|94|idle in transaction||SELECT dag_run.id, dag_run.dag_id, dag_run.queued_at, dag_run.logical_date, dag_run.start_date, dag_run.end_date, dag_run.state, dag_run.run_id, dag_run.creating_job_id, dag_run.run_type, dag_run.trig
23:59:24.973|94|idle in transaction|Client|SELECT dag_run.id, dag_run.dag_id, dag_run.queued_at, dag_run.logical_date, dag_run.start_date, dag_run.end_date, dag_run.state, dag_run.run_id, dag_run.creating_job_id, dag_run.run_type, dag_run.trig
23:59:25.557|94|idle in transaction|Client|SELECT dag_run.id, dag_run.dag_id, dag_run.queued_at, dag_run.logical_date, dag_run.start_date, dag_run.end_date, dag_run.state, dag_run.run_id, dag_run.creating_job_id, dag_run.run_type, dag_run.trig
23:59:26.145|94|idle in transaction||SELECT task_instance.id, task_instance.task_id, task_instance.dag_id, task_instance.run_id, task_instance.map_index, task_instance.start_date, task_instance.end_date, task_instance.duration, task_inst
23:59:26.713|94|idle in transaction|Client|SELECT task_instance.id, task_instance.task_id, task_instance.dag_id, task_instance.run_id, task_instance.map_index, task_instance.start_date, task_instance.end_date, task_instance.duration, task_inst
23:59:27.296|94|idle in transaction|Client|SELECT task_instance.id, task_instance.task_id, task_instance.dag_id, task_instance.run_id, task_instance.map_index, task_instance.start_date, task_instance.end_date, task_instance.duration, task_inst
23:59:27.857|94|idle in transaction|Client|SELECT task_instance.id, task_instance.task_id, task_instance.dag_id, task_instance.run_id, task_instance.map_index, task_instance.start_date, task_instance.end_date, task_instance.duration, task_inst
23:59:28.421|94|idle in transaction|Client|SELECT task_instance.id, task_instance.task_id, task_instance.dag_id, task_instance.run_id, task_instance.map_index, task_instance.start_date, task_instance.end_date, task_instance.duration, task_inst
23:59:28.988|94|idle in transaction|Client|SELECT task_instance.id, task_instance.task_id, task_instance.dag_id, task_instance.run_id, task_instance.map_index, task_instance.start_date, task_instance.end_date, task_instance.duration, task_inst
23:59:29.579|94|idle in transaction|Client|SELECT task_instance.id, task_instance.task_id, task_instance.dag_id, task_instance.run_id, task_instance.map_index, task_instance.start_date, task_instance.end_date, task_instance.duration, task_inst
23:59:30.156|94|idle in transaction|Client|SELECT task_instance.id, task_instance.task_id, task_instance.dag_id, task_instance.run_id, task_instance.map_index, task_instance.start_date, task_instance.end_date, task_instance.duration, task_inst
23:59:30.721|94|idle in transaction|Client|SELECT task_instance.id, task_instance.task_id, task_instance.dag_id, task_instance.run_id, task_instance.map_index, task_instance.start_date, task_instance.end_date, task_instance.duration, task_inst
23:59:31.283|94|active||SELECT task_instance.id, task_instance.task_id, task_instance.dag_id, task_instance.run_id, task_instance.map_index, task_instance.start_date, task_instance.end_date, task_instance.duration, task_inst
23:59:31.853|94|idle in transaction|Client|SELECT task_instance.id, task_instance.task_id, task_instance.dag_id, task_instance.run_id, task_instance.map_index, task_instance.start_date, task_instance.end_date, task_instance.duration, task_inst
23:59:32.414|94|idle in transaction|Client|SELECT task_instance.id, task_instance.task_id, task_instance.dag_id, task_instance.run_id, task_instance.map_index, task_instance.start_date, task_instance.end_date, task_instance.duration, task_inst
23:59:32.970|94|idle in transaction|Client|SELECT dag_run.id, dag_run.dag_id, dag_run.queued_at, dag_run.logical_date, dag_run.start_date, dag_run.end_date, dag_run.state, dag_run.run_id, dag_run.creating_job_id, dag_run.run_type, dag_run.trig
23:59:33.530|94|idle in transaction|Client|SELECT task_instance.id, task_instance.task_id, task_instance.dag_id, task_instance.run_id, task_instance.map_index, task_instance.start_date, task_instance.end_date, task_instance.duration, task_inst
23:59:34.114|94|idle in transaction|Client|SELECT task_instance.id, task_instance.task_id, task_instance.dag_id, task_instance.run_id, task_instance.map_index, task_instance.start_date, task_instance.end_date, task_instance.duration, task_inst
23:59:34.729|94|idle in transaction|Client|SELECT dag_run.id, dag_run.dag_id, dag_run.queued_at, dag_run.logical_date, dag_run.start_date, dag_run.end_date, dag_run.state, dag_run.run_id, dag_run.creating_job_id, dag_run.run_type, dag_run.trig
23:59:35.345|94|idle in transaction|Client|SELECT task_instance.id, task_instance.task_id, task_instance.dag_id, task_instance.run_id, task_instance.map_index, task_instance.start_date, task_instance.end_date, task_instance.duration, task_inst
23:59:35.949|94|idle in transaction|Client|SELECT task_instance.id, task_instance.task_id, task_instance.dag_id, task_instance.run_id, task_instance.map_index, task_instance.start_date, task_instance.end_date, task_instance.duration, task_inst
23:59:36.521|94|active||UPDATE task_instance SET start_date='2026-09-29T23:59:36.447922+00:00'::timestamptz, end_date='2026-09-29T23:59:36.447927+00:00'::timestamptz, duration=0, state='success', try_number=(task_instance.tr
23:59:37.087|94|idle in transaction|Client|UPDATE task_instance SET start_date='2026-09-29T23:59:37.007337+00:00'::timestamptz, end_date='2026-09-29T23:59:37.007342+00:00'::timestamptz, duration=0, state='success', try_number=(task_instance.tr
23:59:38.334|94|active||SELECT task_instance.id, task_instance.task_id, task_instance.dag_id, task_instance.run_id, task_instance.map_index, task_instance.start_date, task_instance.end_date, task_instance.duration, task_inst
23:59:38.966|94|idle in transaction|Client|SELECT task_instance.id, task_instance.task_id, task_instance.dag_id, task_instance.run_id, task_instance.map_index, task_instance.start_date, task_instance.end_date, task_instance.duration, task_inst
23:59:39.555|94|idle in transaction|Client|SELECT task_instance.id, task_instance.task_id, task_instance.dag_id, task_instance.run_id, task_instance.map_index, task_instance.start_date, task_instance.end_date, task_instance.duration, task_inst
23:59:40.170|94|idle in transaction|Client|SELECT task_instance.id, task_instance.task_id, task_instance.dag_id, task_instance.run_id, task_instance.map_index, task_instance.start_date, task_instance.end_date, task_instance.duration, task_inst
23:59:42.069|106|idle in transaction|Client|SELECT task_instance.id AS task_instance_id, task_instance.task_id AS task_instance_task_id, task_instance.dag_id AS task_instance_dag_id, task_instance.run_id AS task_instance_run_id, task_instance.m
23:59:42.691|106|idle in transaction|Client|SELECT task_instance.id AS task_instance_id, task_instance.task_id AS task_instance_task_id, task_instance.dag_id AS task_instance_dag_id, task_instance.run_id AS task_instance_run_id, task_instance.m
23:59:43.290|106|idle in transaction|Client|SELECT task_instance.id AS task_instance_id, task_instance.task_id AS task_instance_task_id, task_instance.dag_id AS task_instance_dag_id, task_instance.run_id AS task_instance_run_id, task_instance.m
23:59:43.888|106|idle in transaction|Client|SELECT task_instance.id AS task_instance_id, task_instance.task_id AS task_instance_task_id, task_instance.dag_id AS task_instance_dag_id, task_instance.run_id AS task_instance_run_id, task_instance.m
23:59:46.887|94|active||SELECT task_instance.id AS task_instance_id, task_instance.task_id AS task_instance_task_id, task_instance.dag_id AS task_instance_dag_id, task_instance.run_id AS task_instance_run_id, task_instance.m
23:59:47.487|94|idle in transaction|Client|SELECT task_instance.id AS task_instance_id, task_instance.task_id AS task_instance_task_id, task_instance.dag_id AS task_instance_dag_id, task_instance.run_id AS task_instance_run_id, task_instance.m
23:59:48.083|94|idle in transaction|Client|SELECT task_instance.id AS task_instance_id, task_instance.task_id AS task_instance_task_id, task_instance.dag_id AS task_instance_dag_id, task_instance.run_id AS task_instance_run_id, task_instance.m
23:59:48.646|94|idle in transaction|Client|SELECT task_instance.id AS task_instance_id, task_instance.task_id AS task_instance_task_id, task_instance.dag_id AS task_instance_dag_id, task_instance.run_id AS task_instance_run_id, task_instance.m
23:59:49.223|94|idle in transaction|Client|SELECT task_instance.id AS task_instance_id, task_instance.task_id AS task_instance_task_id, task_instance.dag_id AS task_instance_dag_id, task_instance.run_id AS task_instance_run_id, task_instance.m
23:59:49.818|94|idle in transaction|Client|SELECT task_instance.id AS task_instance_id, task_instance.task_id AS task_instance_task_id, task_instance.dag_id AS task_instance_dag_id, task_instance.run_id AS task_instance_run_id, task_instance.m
23:59:50.378|94|idle in transaction|Client|SELECT task_instance.id AS task_instance_id, task_instance.task_id AS task_instance_task_id, task_instance.dag_id AS task_instance_dag_id, task_instance.run_id AS task_instance_run_id, task_instance.m
23:59:50.957|94|idle in transaction|Client|SELECT task_instance.id AS task_instance_id, task_instance.task_id AS task_instance_task_id, task_instance.dag_id AS task_instance_dag_id, task_instance.run_id AS task_instance_run_id, task_instance.m
23:59:51.533|94|idle in transaction|Client|SELECT task_instance.id AS task_instance_id, task_instance.task_id AS task_instance_task_id, task_instance.dag_id AS task_instance_dag_id, task_instance.run_id AS task_instance_run_id, task_instance.m
23:59:52.103|94|active||SELECT task_instance.id AS task_instance_id, task_instance.task_id AS task_instance_task_id, task_instance.dag_id AS task_instance_dag_id, task_instance.run_id AS task_instance_run_id, task_instance.m
23:59:52.671|94|idle in transaction|Client|SELECT task_instance.id AS task_instance_id, task_instance.task_id AS task_instance_task_id, task_instance.dag_id AS task_instance_dag_id, task_instance.run_id AS task_instance_run_id, task_instance.m
23:59:53.251|94|idle in transaction|Client|SELECT task_instance.id AS task_instance_id, task_instance.task_id AS task_instance_task_id, task_instance.dag_id AS task_instance_dag_id, task_instance.run_id AS task_instance_run_id, task_instance.m
23:59:53.251|1156|active||autovacuum: VACUUM ANALYZE public.task_instance
23:59:53.824|94|active||SELECT task_instance.id AS task_instance_id, task_instance.task_id AS task_instance_task_id, task_instance.dag_id AS task_instance_dag_id, task_instance.run_id AS task_instance_run_id, task_instance.m
23:59:54.389|94|active||SELECT task_instance.id AS task_instance_id, task_instance.task_id AS task_instance_task_id, task_instance.dag_id AS task_instance_dag_id, task_instance.run_id AS task_instance_run_id, task_instance.m
23:59:54.980|94|idle in transaction|Client|SELECT task_instance.id AS task_instance_id, task_instance.task_id AS task_instance_task_id, task_instance.dag_id AS task_instance_dag_id, task_instance.run_id AS task_instance_run_id, task_instance.m
23:59:55.552|94|active||SELECT task_instance.id AS task_instance_id, task_instance.task_id AS task_instance_task_id, task_instance.dag_id AS task_instance_dag_id, task_instance.run_id AS task_instance_run_id, task_instance.m
23:59:56.130|94|idle in transaction|Client|SELECT task_instance.id AS task_instance_id, task_instance.task_id AS task_instance_task_id, task_instance.dag_id AS task_instance_dag_id, task_instance.run_id AS task_instance_run_id, task_instance.m
23:59:56.750|94|idle in transaction|Client|SELECT task_instance.id AS task_instance_id, task_instance.task_id AS task_instance_task_id, task_instance.dag_id AS task_instance_dag_id, task_instance.run_id AS task_instance_run_id, task_instance.m
23:59:57.358|94|idle in transaction|Client|SELECT task_instance.id AS task_instance_id, task_instance.task_id AS task_instance_task_id, task_instance.dag_id AS task_instance_dag_id, task_instance.run_id AS task_instance_run_id, task_instance.m
23:59:57.973|94|idle in transaction|Client|SELECT task_instance.id AS task_instance_id, task_instance.task_id AS task_instance_task_id, task_instance.dag_id AS task_instance_dag_id, task_instance.run_id AS task_instance_run_id, task_instance.m
23:59:58.545|94|idle in transaction|Client|SELECT task_instance.id AS task_instance_id, task_instance.task_id AS task_instance_task_id, task_instance.dag_id AS task_instance_dag_id, task_instance.run_id AS task_instance_run_id, task_instance.m
23:59:59.114|94|idle in transaction|Client|SELECT task_instance.id AS task_instance_id, task_instance.task_id AS task_instance_task_id, task_instance.dag_id AS task_instance_dag_id, task_instance.run_id AS task_instance_run_id, task_instance.m
23:59:59.686|94|idle in transaction|Client|SELECT task_instance.id AS task_instance_id, task_instance.task_id AS task_instance_task_id, task_instance.dag_id AS task_instance_dag_id, task_instance.run_id AS task_instance_run_id, task_instance.m
00:00:00.267|94|idle in transaction|Client|SELECT task_instance.id AS task_instance_id, task_instance.task_id AS task_instance_task_id, task_instance.dag_id AS task_instance_dag_id, task_instance.run_id AS task_instance_run_id, task_instance.m
00:00:00.877|94|idle in transaction|Client|SELECT task_instance.id AS task_instance_id, task_instance.task_id AS task_instance_task_id, task_instance.dag_id AS task_instance_dag_id, task_instance.run_id AS task_instance_run_id, task_instance.m
00:00:01.442|94|idle in transaction|Client|SELECT task_instance.id AS task_instance_id, task_instance.task_id AS task_instance_task_id, task_instance.dag_id AS task_instance_dag_id, task_instance.run_id AS task_instance_run_id, task_instance.m
00:00:02.012|94|idle in transaction|Client|SELECT task_instance.id AS task_instance_id, task_instance.task_id AS task_instance_task_id, task_instance.dag_id AS task_instance_dag_id, task_instance.run_id AS task_instance_run_id, task_instance.m
00:00:02.580|94|idle in transaction|Client|SELECT task_instance.id AS task_instance_id, task_instance.task_id AS task_instance_task_id, task_instance.dag_id AS task_instance_dag_id, task_instance.run_id AS task_instance_run_id, task_instance.m
00:00:03.163|94|idle in transaction|Client|SELECT task_instance.id AS task_instance_id, task_instance.task_id AS task_instance_task_id, task_instance.dag_id AS task_instance_dag_id, task_instance.run_id AS task_instance_run_id, task_instance.m
00:00:03.766|94|idle in transaction||SELECT task_instance.id AS task_instance_id, task_instance.task_id AS task_instance_task_id, task_instance.dag_id AS task_instance_dag_id, task_instance.run_id AS task_instance_run_id, task_instance.m
00:00:04.359|94|idle in transaction|Client|SELECT task_instance.id AS task_instance_id, task_instance.task_id AS task_instance_task_id, task_instance.dag_id AS task_instance_dag_id, task_instance.run_id AS task_instance_run_id, task_instance.m
00:00:04.934|94|idle in transaction|Client|SELECT task_instance.id AS task_instance_id, task_instance.task_id AS task_instance_task_id, task_instance.dag_id AS task_instance_dag_id, task_instance.run_id AS task_instance_run_id, task_instance.m
00:00:05.528|94|idle in transaction|Client|SELECT task_instance.id AS task_instance_id, task_instance.task_id AS task_instance_task_id, task_instance.dag_id AS task_instance_dag_id, task_instance.run_id AS task_instance_run_id, task_instance.m
00:00:06.122|94|idle in transaction|Client|SELECT task_instance.id AS task_instance_id, task_instance.task_id AS task_instance_task_id, task_instance.dag_id AS task_instance_dag_id, task_instance.run_id AS task_instance_run_id, task_instance.m
00:00:06.742|94|active||SELECT task_instance.id AS task_instance_id, task_instance.task_id AS task_instance_task_id, task_instance.dag_id AS task_instance_dag_id, task_instance.run_id AS task_instance_run_id, task_instance.m
00:00:07.330|94|idle in transaction|Client|SELECT task_instance.id AS task_instance_id, task_instance.task_id AS task_instance_task_id, task_instance.dag_id AS task_instance_dag_id, task_instance.run_id AS task_instance_run_id, task_instance.m
00:00:07.898|94|idle in transaction|Client|SELECT task_instance.id AS task_instance_id, task_instance.task_id AS task_instance_task_id, task_instance.dag_id AS task_instance_dag_id, task_instance.run_id AS task_instance_run_id, task_instance.m
00:00:08.470|94|idle in transaction|Client|SELECT task_instance.id AS task_instance_id, task_instance.task_id AS task_instance_task_id, task_instance.dag_id AS task_instance_dag_id, task_instance.run_id AS task_instance_run_id, task_instance.m
00:00:09.044|94|idle in transaction|Client|SELECT task_instance.id AS task_instance_id, task_instance.task_id AS task_instance_task_id, task_instance.dag_id AS task_instance_dag_id, task_instance.run_id AS task_instance_run_id, task_instance.m
00:00:09.621|94|idle in transaction|Client|SELECT task_instance.id AS task_instance_id, task_instance.task_id AS task_instance_task_id, task_instance.dag_id AS task_instance_dag_id, task_instance.run_id AS task_instance_run_id, task_instance.m
00:00:10.193|94|idle in transaction|Client|SELECT task_instance.id AS task_instance_id, task_instance.task_id AS task_instance_task_id, task_instance.dag_id AS task_instance_dag_id, task_instance.run_id AS task_instance_run_id, task_instance.m
00:00:10.780|94|idle in transaction|Client|SELECT task_instance.id AS task_instance_id, task_instance.task_id AS task_instance_task_id, task_instance.dag_id AS task_instance_dag_id, task_instance.run_id AS task_instance_run_id, task_instance.m
00:00:11.372|94|idle in transaction|Client|SELECT task_instance.id AS task_instance_id, task_instance.task_id AS task_instance_task_id, task_instance.dag_id AS task_instance_dag_id, task_instance.run_id AS task_instance_run_id, task_instance.m
00:00:11.968|94|idle in transaction|Client|SELECT task_instance.id AS task_instance_id, task_instance.task_id AS task_instance_task_id, task_instance.dag_id AS task_instance_dag_id, task_instance.run_id AS task_instance_run_id, task_instance.m
00:00:12.565|94|idle in transaction|Client|SELECT task_instance.id AS task_instance_id, task_instance.task_id AS task_instance_task_id, task_instance.dag_id AS task_instance_dag_id, task_instance.run_id AS task_instance_run_id, task_instance.m
00:00:13.194|94|idle in transaction|Client|SELECT task_instance.id AS task_instance_id, task_instance.task_id AS task_instance_task_id, task_instance.dag_id AS task_instance_dag_id, task_instance.run_id AS task_instance_run_id, task_instance.m
00:00:13.769|94|idle in transaction|Client|SELECT task_instance.id AS task_instance_id, task_instance.task_id AS task_instance_task_id, task_instance.dag_id AS task_instance_dag_id, task_instance.run_id AS task_instance_run_id, task_instance.m
00:00:14.347|94|active||SELECT task_instance.id AS task_instance_id, task_instance.task_id AS task_instance_task_id, task_instance.dag_id AS task_instance_dag_id, task_instance.run_id AS task_instance_run_id, task_instance.m
00:00:14.935|94|idle in transaction|Client|SELECT task_instance.id AS task_instance_id, task_instance.task_id AS task_instance_task_id, task_instance.dag_id AS task_instance_dag_id, task_instance.run_id AS task_instance_run_id, task_instance.m
00:00:15.543|94|idle in transaction||SELECT task_instance.id AS task_instance_id, task_instance.task_id AS task_instance_task_id, task_instance.dag_id AS task_instance_dag_id, task_instance.run_id AS task_instance_run_id, task_instance.m
00:00:16.131|94|idle in transaction|Client|SELECT task_instance.id AS task_instance_id, task_instance.task_id AS task_instance_task_id, task_instance.dag_id AS task_instance_dag_id, task_instance.run_id AS task_instance_run_id, task_instance.m
00:00:16.711|94|idle in transaction||SELECT task_instance.id AS task_instance_id, task_instance.task_id AS task_instance_task_id, task_instance.dag_id AS task_instance_dag_id, task_instance.run_id AS task_instance_run_id, task_instance.m
00:00:17.301|94|idle in transaction|Client|SELECT task_instance.id AS task_instance_id, task_instance.task_id AS task_instance_task_id, task_instance.dag_id AS task_instance_dag_id, task_instance.run_id AS task_instance_run_id, task_instance.m
00:00:17.910|94|idle in transaction|Client|SELECT task_instance.id AS task_instance_id, task_instance.task_id AS task_instance_task_id, task_instance.dag_id AS task_instance_dag_id, task_instance.run_id AS task_instance_run_id, task_instance.m
00:00:18.501|94|idle in transaction|Client|SELECT task_instance.id AS task_instance_id, task_instance.task_id AS task_instance_task_id, task_instance.dag_id AS task_instance_dag_id, task_instance.run_id AS task_instance_run_id, task_instance.m
00:00:19.081|94|idle in transaction|Client|SELECT task_instance.id AS task_instance_id, task_instance.task_id AS task_instance_task_id, task_instance.dag_id AS task_instance_dag_id, task_instance.run_id AS task_instance_run_id, task_instance.m
00:00:19.645|94|idle in transaction||SELECT task_instance.id AS task_instance_id, task_instance.task_id AS task_instance_task_id, task_instance.dag_id AS task_instance_dag_id, task_instance.run_id AS task_instance_run_id, task_instance.m
00:00:20.215|94|active||SELECT task_instance.id AS task_instance_id, task_instance.task_id AS task_instance_task_id, task_instance.dag_id AS task_instance_dag_id, task_instance.run_id AS task_instance_run_id, task_instance.m
00:00:20.815|94|idle in transaction|Client|SELECT task_instance.id AS task_instance_id, task_instance.task_id AS task_instance_task_id, task_instance.dag_id AS task_instance_dag_id, task_instance.run_id AS task_instance_run_id, task_instance.m
00:00:21.406|94|idle in transaction|Client|SELECT task_instance.id AS task_instance_id, task_instance.task_id AS task_instance_task_id, task_instance.dag_id AS task_instance_dag_id, task_instance.run_id AS task_instance_run_id, task_instance.m
00:00:22.002|94|active||SELECT task_instance.id AS task_instance_id, task_instance.task_id AS task_instance_task_id, task_instance.dag_id AS task_instance_dag_id, task_instance.run_id AS task_instance_run_id, task_instance.m
00:00:22.598|94|idle in transaction|Client|SELECT task_instance.id AS task_instance_id, task_instance.task_id AS task_instance_task_id, task_instance.dag_id AS task_instance_dag_id, task_instance.run_id AS task_instance_run_id, task_instance.m
00:00:23.196|94|active||SELECT task_instance.id AS task_instance_id, task_instance.task_id AS task_instance_task_id, task_instance.dag_id AS task_instance_dag_id, task_instance.run_id AS task_instance_run_id, task_instance.m
00:00:23.798|94|idle in transaction|Client|SELECT task_instance.id AS task_instance_id, task_instance.task_id AS task_instance_task_id, task_instance.dag_id AS task_instance_dag_id, task_instance.run_id AS task_instance_run_id, task_instance.m
00:00:24.371|94|idle in transaction|Client|SELECT task_instance.id AS task_instance_id, task_instance.task_id AS task_instance_task_id, task_instance.dag_id AS task_instance_dag_id, task_instance.run_id AS task_instance_run_id, task_instance.m
00:00:24.938|94|idle in transaction|Client|SELECT task_instance.id AS task_instance_id, task_instance.task_id AS task_instance_task_id, task_instance.dag_id AS task_instance_dag_id, task_instance.run_id AS task_instance_run_id, task_instance.m
00:00:25.530|94|idle in transaction|Client|SELECT task_instance.id AS task_instance_id, task_instance.task_id AS task_instance_task_id, task_instance.dag_id AS task_instance_dag_id, task_instance.run_id AS task_instance_run_id, task_instance.m
00:00:26.113|94|idle in transaction|Client|SELECT task_instance.id AS task_instance_id, task_instance.task_id AS task_instance_task_id, task_instance.dag_id AS task_instance_dag_id, task_instance.run_id AS task_instance_run_id, task_instance.m
00:00:26.704|94|idle in transaction|Client|SELECT task_instance.id AS task_instance_id, task_instance.task_id AS task_instance_task_id, task_instance.dag_id AS task_instance_dag_id, task_instance.run_id AS task_instance_run_id, task_instance.m
00:00:27.291|94|idle in transaction||SELECT task_instance.id AS task_instance_id, task_instance.task_id AS task_instance_task_id, task_instance.dag_id AS task_instance_dag_id, task_instance.run_id AS task_instance_run_id, task_instance.m
00:00:27.871|94|idle in transaction|Client|SELECT task_instance.id AS task_instance_id, task_instance.task_id AS task_instance_task_id, task_instance.dag_id AS task_instance_dag_id, task_instance.run_id AS task_instance_run_id, task_instance.m
00:00:28.457|94|active||SELECT task_instance.id AS task_instance_id, task_instance.task_id AS task_instance_task_id, task_instance.dag_id AS task_instance_dag_id, task_instance.run_id AS task_instance_run_id, task_instance.m
00:00:29.059|94|idle in transaction|Client|SELECT task_instance.id AS task_instance_id, task_instance.task_id AS task_instance_task_id, task_instance.dag_id AS task_instance_dag_id, task_instance.run_id AS task_instance_run_id, task_instance.m
00:00:29.652|94|idle in transaction|Client|SELECT task_instance.id AS task_instance_id, task_instance.task_id AS task_instance_task_id, task_instance.dag_id AS task_instance_dag_id, task_instance.run_id AS task_instance_run_id, task_instance.m
00:00:30.218|94|idle in transaction|Client|SELECT task_instance.id AS task_instance_id, task_instance.task_id AS task_instance_task_id, task_instance.dag_id AS task_instance_dag_id, task_instance.run_id AS task_instance_run_id, task_instance.m
00:00:30.800|94|idle in transaction|Client|SELECT task_instance.id AS task_instance_id, task_instance.task_id AS task_instance_task_id, task_instance.dag_id AS task_instance_dag_id, task_instance.run_id AS task_instance_run_id, task_instance.m
00:00:31.388|94|idle in transaction|Client|SELECT task_instance.id AS task_instance_id, task_instance.task_id AS task_instance_task_id, task_instance.dag_id AS task_instance_dag_id, task_instance.run_id AS task_instance_run_id, task_instance.m
00:00:31.985|94|idle in transaction|Client|SELECT task_instance.id AS task_instance_id, task_instance.task_id AS task_instance_task_id, task_instance.dag_id AS task_instance_dag_id, task_instance.run_id AS task_instance_run_id, task_instance.m
00:00:32.547|94|idle in transaction|Client|SELECT task_instance.id AS task_instance_id, task_instance.task_id AS task_instance_task_id, task_instance.dag_id AS task_instance_dag_id, task_instance.run_id AS task_instance_run_id, task_instance.m
00:00:33.109|94|idle in transaction|Client|SELECT task_instance.id AS task_instance_id, task_instance.task_id AS task_instance_task_id, task_instance.dag_id AS task_instance_dag_id, task_instance.run_id AS task_instance_run_id, task_instance.m
00:00:33.684|94|active||SELECT task_instance.id AS task_instance_id, task_instance.task_id AS task_instance_task_id, task_instance.dag_id AS task_instance_dag_id, task_instance.run_id AS task_instance_run_id, task_instance.m
00:00:34.281|94|active||SELECT task_instance.id AS task_instance_id, task_instance.task_id AS task_instance_task_id, task_instance.dag_id AS task_instance_dag_id, task_instance.run_id AS task_instance_run_id, task_instance.m
00:00:34.883|94|idle in transaction|Client|SELECT task_instance.id AS task_instance_id, task_instance.task_id AS task_instance_task_id, task_instance.dag_id AS task_instance_dag_id, task_instance.run_id AS task_instance_run_id, task_instance.m
00:00:35.458|94|idle in transaction||SELECT task_instance.id AS task_instance_id, task_instance.task_id AS task_instance_task_id, task_instance.dag_id AS task_instance_dag_id, task_instance.run_id AS task_instance_run_id, task_instance.m
00:00:36.031|94|idle in transaction|Client|SELECT task_instance.id AS task_instance_id, task_instance.task_id AS task_instance_task_id, task_instance.dag_id AS task_instance_dag_id, task_instance.run_id AS task_instance_run_id, task_instance.m
00:00:36.634|94|active||SELECT task_instance.id AS task_instance_id, task_instance.task_id AS task_instance_task_id, task_instance.dag_id AS task_instance_dag_id, task_instance.run_id AS task_instance_run_id, task_instance.m
00:00:37.229|94|idle in transaction|Client|SELECT task_instance.id AS task_instance_id, task_instance.task_id AS task_instance_task_id, task_instance.dag_id AS task_instance_dag_id, task_instance.run_id AS task_instance_run_id, task_instance.m
00:00:37.804|94|idle in transaction|Client|SELECT task_instance.id AS task_instance_id, task_instance.task_id AS task_instance_task_id, task_instance.dag_id AS task_instance_dag_id, task_instance.run_id AS task_instance_run_id, task_instance.m
00:00:38.398|94|idle in transaction|Client|SELECT task_instance.id AS task_instance_id, task_instance.task_id AS task_instance_task_id, task_instance.dag_id AS task_instance_dag_id, task_instance.run_id AS task_instance_run_id, task_instance.m
00:00:38.985|94|active||SELECT task_instance.id AS task_instance_id, task_instance.task_id AS task_instance_task_id, task_instance.dag_id AS task_instance_dag_id, task_instance.run_id AS task_instance_run_id, task_instance.m
00:00:39.567|94|idle in transaction|Client|SELECT task_instance.id AS task_instance_id, task_instance.task_id AS task_instance_task_id, task_instance.dag_id AS task_instance_dag_id, task_instance.run_id AS task_instance_run_id, task_instance.m
00:00:40.152|94|idle in transaction|Client|SELECT task_instance.id AS task_instance_id, task_instance.task_id AS task_instance_task_id, task_instance.dag_id AS task_instance_dag_id, task_instance.run_id AS task_instance_run_id, task_instance.m
00:00:40.745|94|idle in transaction|Client|SELECT task_instance.id AS task_instance_id, task_instance.task_id AS task_instance_task_id, task_instance.dag_id AS task_instance_dag_id, task_instance.run_id AS task_instance_run_id, task_instance.m
00:00:41.326|94|idle in transaction||SELECT task_instance.id AS task_instance_id, task_instance.task_id AS task_instance_task_id, task_instance.dag_id AS task_instance_dag_id, task_instance.run_id AS task_instance_run_id, task_instance.m
00:00:41.907|94|idle in transaction|Client|SELECT task_instance.id AS task_instance_id, task_instance.task_id AS task_instance_task_id, task_instance.dag_id AS task_instance_dag_id, task_instance.run_id AS task_instance_run_id, task_instance.m
00:00:42.499|94|idle in transaction||SELECT task_instance.id AS task_instance_id, task_instance.task_id AS task_instance_task_id, task_instance.dag_id AS task_instance_dag_id, task_instance.run_id AS task_instance_run_id, task_instance.m
00:00:43.079|94|idle in transaction|Client|SELECT task_instance.id AS task_instance_id, task_instance.task_id AS task_instance_task_id, task_instance.dag_id AS task_instance_dag_id, task_instance.run_id AS task_instance_run_id, task_instance.m
00:00:43.675|94|idle in transaction|Client|SELECT task_instance.id AS task_instance_id, task_instance.task_id AS task_instance_task_id, task_instance.dag_id AS task_instance_dag_id, task_instance.run_id AS task_instance_run_id, task_instance.m
00:00:44.277|94|active||SELECT task_instance.id AS task_instance_id, task_instance.task_id AS task_instance_task_id, task_instance.dag_id AS task_instance_dag_id, task_instance.run_id AS task_instance_run_id, task_instance.m
00:00:44.848|94|idle in transaction|Client|SELECT task_instance.id AS task_instance_id, task_instance.task_id AS task_instance_task_id, task_instance.dag_id AS task_instance_dag_id, task_instance.run_id AS task_instance_run_id, task_instance.m
00:00:45.437|94|idle in transaction|Client|SELECT task_instance.id AS task_instance_id, task_instance.task_id AS task_instance_task_id, task_instance.dag_id AS task_instance_dag_id, task_instance.run_id AS task_instance_run_id, task_instance.m
00:00:46.006|94|idle in transaction|Client|SELECT task_instance.id AS task_instance_id, task_instance.task_id AS task_instance_task_id, task_instance.dag_id AS task_instance_dag_id, task_instance.run_id AS task_instance_run_id, task_instance.m
00:00:46.599|94|idle in transaction|Client|SELECT task_instance.id AS task_instance_id, task_instance.task_id AS task_instance_task_id, task_instance.dag_id AS task_instance_dag_id, task_instance.run_id AS task_instance_run_id, task_instance.m
00:00:47.193|94|idle in transaction|Client|SELECT task_instance.id AS task_instance_id, task_instance.task_id AS task_instance_task_id, task_instance.dag_id AS task_instance_dag_id, task_instance.run_id AS task_instance_run_id, task_instance.m
00:00:47.805|94|active||SELECT task_instance.id AS task_instance_id, task_instance.task_id AS task_instance_task_id, task_instance.dag_id AS task_instance_dag_id, task_instance.run_id AS task_instance_run_id, task_instance.m
00:00:48.410|94|idle in transaction|Client|SELECT task_instance.id AS task_instance_id, task_instance.task_id AS task_instance_task_id, task_instance.dag_id AS task_instance_dag_id, task_instance.run_id AS task_instance_run_id, task_instance.m
00:00:49.013|94|idle in transaction|Client|SELECT task_instance.id AS task_instance_id, task_instance.task_id AS task_instance_task_id, task_instance.dag_id AS task_instance_dag_id, task_instance.run_id AS task_instance_run_id, task_instance.m
00:00:49.619|94|idle in transaction|Client|SELECT task_instance.id AS task_instance_id, task_instance.task_id AS task_instance_task_id, task_instance.dag_id AS task_instance_dag_id, task_instance.run_id AS task_instance_run_id, task_instance.m
00:00:50.184|94|idle in transaction|Client|SELECT task_instance.id AS task_instance_id, task_instance.task_id AS task_instance_task_id, task_instance.dag_id AS task_instance_dag_id, task_instance.run_id AS task_instance_run_id, task_instance.m
00:00:50.750|94|idle in transaction|Client|SELECT task_instance.id AS task_instance_id, task_instance.task_id AS task_instance_task_id, task_instance.dag_id AS task_instance_dag_id, task_instance.run_id AS task_instance_run_id, task_instance.m
00:00:51.330|94|idle in transaction|Client|SELECT task_instance.id AS task_instance_id, task_instance.task_id AS task_instance_task_id, task_instance.dag_id AS task_instance_dag_id, task_instance.run_id AS task_instance_run_id, task_instance.m
00:00:51.936|94|idle in transaction|Client|SELECT task_instance.id AS task_instance_id, task_instance.task_id AS task_instance_task_id, task_instance.dag_id AS task_instance_dag_id, task_instance.run_id AS task_instance_run_id, task_instance.m
00:00:52.524|94|idle in transaction|Client|SELECT task_instance.id AS task_instance_id, task_instance.task_id AS task_instance_task_id, task_instance.dag_id AS task_instance_dag_id, task_instance.run_id AS task_instance_run_id, task_instance.m
00:00:53.121|94|idle in transaction|Client|SELECT task_instance.id AS task_instance_id, task_instance.task_id AS task_instance_task_id, task_instance.dag_id AS task_instance_dag_id, task_instance.run_id AS task_instance_run_id, task_instance.m
00:00:53.703|94|idle in transaction|Client|SELECT task_instance.id AS task_instance_id, task_instance.task_id AS task_instance_task_id, task_instance.dag_id AS task_instance_dag_id, task_instance.run_id AS task_instance_run_id, task_instance.m
00:00:54.305|94|idle in transaction|Client|SELECT task_instance.id AS task_instance_id, task_instance.task_id AS task_instance_task_id, task_instance.dag_id AS task_instance_dag_id, task_instance.run_id AS task_instance_run_id, task_instance.m
00:00:54.906|94|idle in transaction|Client|SELECT task_instance.id AS task_instance_id, task_instance.task_id AS task_instance_task_id, task_instance.dag_id AS task_instance_dag_id, task_instance.run_id AS task_instance_run_id, task_instance.m
00:00:55.503|94|idle in transaction|Client|SELECT task_instance.id AS task_instance_id, task_instance.task_id AS task_instance_task_id, task_instance.dag_id AS task_instance_dag_id, task_instance.run_id AS task_instance_run_id, task_instance.m
00:00:56.058|94|idle in transaction|Client|SELECT task_instance.id AS task_instance_id, task_instance.task_id AS task_instance_task_id, task_instance.dag_id AS task_instance_dag_id, task_instance.run_id AS task_instance_run_id, task_instance.m
00:00:56.645|94|idle in transaction|Client|SELECT task_instance.id AS task_instance_id, task_instance.task_id AS task_instance_task_id, task_instance.dag_id AS task_instance_dag_id, task_instance.run_id AS task_instance_run_id, task_instance.m
00:00:57.232|94|idle in transaction|Client|SELECT task_instance.id AS task_instance_id, task_instance.task_id AS task_instance_task_id, task_instance.dag_id AS task_instance_dag_id, task_instance.run_id AS task_instance_run_id, task_instance.m
00:00:57.818|94|idle in transaction|Client|SELECT task_instance.id AS task_instance_id, task_instance.task_id AS task_instance_task_id, task_instance.dag_id AS task_instance_dag_id, task_instance.run_id AS task_instance_run_id, task_instance.m
00:00:58.437|94|idle in transaction|Client|SELECT task_instance.id AS task_instance_id, task_instance.task_id AS task_instance_task_id, task_instance.dag_id AS task_instance_dag_id, task_instance.run_id AS task_instance_run_id, task_instance.m
00:00:59.044|94|idle in transaction|Client|SELECT task_instance.id AS task_instance_id, task_instance.task_id AS task_instance_task_id, task_instance.dag_id AS task_instance_dag_id, task_instance.run_id AS task_instance_run_id, task_instance.m
00:00:59.654|94|idle in transaction|Client|SELECT task_instance.id AS task_instance_id, task_instance.task_id AS task_instance_task_id, task_instance.dag_id AS task_instance_dag_id, task_instance.run_id AS task_instance_run_id, task_instance.m
00:01:00.256|94|idle in transaction|Client|SELECT task_instance.id AS task_instance_id, task_instance.task_id AS task_instance_task_id, task_instance.dag_id AS task_instance_dag_id, task_instance.run_id AS task_instance_run_id, task_instance.m
00:01:00.857|94|idle in transaction|Client|SELECT task_instance.id AS task_instance_id, task_instance.task_id AS task_instance_task_id, task_instance.dag_id AS task_instance_dag_id, task_instance.run_id AS task_instance_run_id, task_instance.m
00:01:01.425|94|idle in transaction|Client|SELECT task_instance.id AS task_instance_id, task_instance.task_id AS task_instance_task_id, task_instance.dag_id AS task_instance_dag_id, task_instance.run_id AS task_instance_run_id, task_instance.m
00:01:02.001|94|idle in transaction|Client|SELECT task_instance.id AS task_instance_id, task_instance.task_id AS task_instance_task_id, task_instance.dag_id AS task_instance_dag_id, task_instance.run_id AS task_instance_run_id, task_instance.m
00:01:02.687|94|idle in transaction|Client|SELECT task_instance.id AS task_instance_id, task_instance.task_id AS task_instance_task_id, task_instance.dag_id AS task_instance_dag_id, task_instance.run_id AS task_instance_run_id, task_instance.m
00:01:03.254|94|idle in transaction||SELECT task_instance.id AS task_instance_id, task_instance.task_id AS task_instance_task_id, task_instance.dag_id AS task_instance_dag_id, task_instance.run_id AS task_instance_run_id, task_instance.m
00:01:03.819|94|idle in transaction|Client|SELECT task_instance.id AS task_instance_id, task_instance.task_id AS task_instance_task_id, task_instance.dag_id AS task_instance_dag_id, task_instance.run_id AS task_instance_run_id, task_instance.m
00:01:04.415|94|active||SELECT task_instance.id AS task_instance_id, task_instance.task_id AS task_instance_task_id, task_instance.dag_id AS task_instance_dag_id, task_instance.run_id AS task_instance_run_id, task_instance.m
00:01:05.009|94|idle in transaction|Client|SELECT task_instance.id AS task_instance_id, task_instance.task_id AS task_instance_task_id, task_instance.dag_id AS task_instance_dag_id, task_instance.run_id AS task_instance_run_id, task_instance.m
00:01:05.603|94|idle in transaction|Client|SELECT task_instance.id AS task_instance_id, task_instance.task_id AS task_instance_task_id, task_instance.dag_id AS task_instance_dag_id, task_instance.run_id AS task_instance_run_id, task_instance.m
00:01:06.188|94|idle in transaction|Client|SELECT task_instance.id AS task_instance_id, task_instance.task_id AS task_instance_task_id, task_instance.dag_id AS task_instance_dag_id, task_instance.run_id AS task_instance_run_id, task_instance.m
00:01:06.786|94|idle in transaction|Client|SELECT task_instance.id AS task_instance_id, task_instance.task_id AS task_instance_task_id, task_instance.dag_id AS task_instance_dag_id, task_instance.run_id AS task_instance_run_id, task_instance.m
00:01:07.374|94|idle in transaction|Client|SELECT task_instance.id AS task_instance_id, task_instance.task_id AS task_instance_task_id, task_instance.dag_id AS task_instance_dag_id, task_instance.run_id AS task_instance_run_id, task_instance.m
00:01:07.959|94|idle in transaction|Client|SELECT task_instance.id AS task_instance_id, task_instance.task_id AS task_instance_task_id, task_instance.dag_id AS task_instance_dag_id, task_instance.run_id AS task_instance_run_id, task_instance.m
00:01:08.553|94|idle in transaction|Client|SELECT task_instance.id AS task_instance_id, task_instance.task_id AS task_instance_task_id, task_instance.dag_id AS task_instance_dag_id, task_instance.run_id AS task_instance_run_id, task_instance.m
00:01:09.162|95|idle in transaction||DELETE FROM dag_warning USING dag WHERE dag_warning.dag_id = dag.dag_id AND dag.is_stale = true
00:01:09.162|94|idle in transaction|Client|SELECT task_instance.id AS task_instance_id, task_instance.task_id AS task_instance_task_id, task_instance.dag_id AS task_instance_dag_id, task_instance.run_id AS task_instance_run_id, task_instance.m
00:01:09.786|94|active||SELECT task_instance.id AS task_instance_id, task_instance.task_id AS task_instance_task_id, task_instance.dag_id AS task_instance_dag_id, task_instance.run_id AS task_instance_run_id, task_instance.m
00:01:10.383|94|idle in transaction|Client|SELECT task_instance.id AS task_instance_id, task_instance.task_id AS task_instance_task_id, task_instance.dag_id AS task_instance_dag_id, task_instance.run_id AS task_instance_run_id, task_instance.m
00:01:11.004|94|idle in transaction|Client|SELECT task_instance.id AS task_instance_id, task_instance.task_id AS task_instance_task_id, task_instance.dag_id AS task_instance_dag_id, task_instance.run_id AS task_instance_run_id, task_instance.m
00:01:11.576|94|idle in transaction|Client|SELECT task_instance.id AS task_instance_id, task_instance.task_id AS task_instance_task_id, task_instance.dag_id AS task_instance_dag_id, task_instance.run_id AS task_instance_run_id, task_instance.m
00:01:12.205|94|active||SELECT task_instance.id AS task_instance_id, task_instance.task_id AS task_instance_task_id, task_instance.dag_id AS task_instance_dag_id, task_instance.run_id AS task_instance_run_id, task_instance.m
00:01:12.801|94|active||SELECT task_instance.id AS task_instance_id, task_instance.task_id AS task_instance_task_id, task_instance.dag_id AS task_instance_dag_id, task_instance.run_id AS task_instance_run_id, task_instance.m
00:01:13.392|94|active||SELECT task_instance.id AS task_instance_id, task_instance.task_id AS task_instance_task_id, task_instance.dag_id AS task_instance_dag_id, task_instance.run_id AS task_instance_run_id, task_instance.m
00:01:13.979|94|active||SELECT task_instance.id AS task_instance_id, task_instance.task_id AS task_instance_task_id, task_instance.dag_id AS task_instance_dag_id, task_instance.run_id AS task_instance_run_id, task_instance.m
00:01:14.572|94|idle in transaction|Client|SELECT task_instance.id AS task_instance_id, task_instance.task_id AS task_instance_task_id, task_instance.dag_id AS task_instance_dag_id, task_instance.run_id AS task_instance_run_id, task_instance.m
00:01:15.173|94|idle in transaction|Client|SELECT task_instance.id AS task_instance_id, task_instance.task_id AS task_instance_task_id, task_instance.dag_id AS task_instance_dag_id, task_instance.run_id AS task_instance_run_id, task_instance.m
00:01:15.768|94|idle in transaction|Client|SELECT task_instance.id AS task_instance_id, task_instance.task_id AS task_instance_task_id, task_instance.dag_id AS task_instance_dag_id, task_instance.run_id AS task_instance_run_id, task_instance.m
00:01:16.354|94|active||SELECT task_instance.id AS task_instance_id, task_instance.task_id AS task_instance_task_id, task_instance.dag_id AS task_instance_dag_id, task_instance.run_id AS task_instance_run_id, task_instance.m
00:01:16.954|94|idle in transaction|Client|SELECT task_instance.id AS task_instance_id, task_instance.task_id AS task_instance_task_id, task_instance.dag_id AS task_instance_dag_id, task_instance.run_id AS task_instance_run_id, task_instance.m
00:01:17.585|94|idle in transaction|Client|SELECT task_instance.id AS task_instance_id, task_instance.task_id AS task_instance_task_id, task_instance.dag_id AS task_instance_dag_id, task_instance.run_id AS task_instance_run_id, task_instance.m
00:01:18.176|94|active||SELECT task_instance.id AS task_instance_id, task_instance.task_id AS task_instance_task_id, task_instance.dag_id AS task_instance_dag_id, task_instance.run_id AS task_instance_run_id, task_instance.m
00:01:18.773|94|idle in transaction|Client|SELECT task_instance.id AS task_instance_id, task_instance.task_id AS task_instance_task_id, task_instance.dag_id AS task_instance_dag_id, task_instance.run_id AS task_instance_run_id, task_instance.m
00:01:19.355|94|idle in transaction|Client|SELECT task_instance.id AS task_instance_id, task_instance.task_id AS task_instance_task_id, task_instance.dag_id AS task_instance_dag_id, task_instance.run_id AS task_instance_run_id, task_instance.m
00:01:19.985|94|idle in transaction|Client|SELECT task_instance.id AS task_instance_id, task_instance.task_id AS task_instance_task_id, task_instance.dag_id AS task_instance_dag_id, task_instance.run_id AS task_instance_run_id, task_instance.m
00:01:20.592|94|idle in transaction|Client|SELECT task_instance.id AS task_instance_id, task_instance.task_id AS task_instance_task_id, task_instance.dag_id AS task_instance_dag_id, task_instance.run_id AS task_instance_run_id, task_instance.m
00:01:21.185|94|idle in transaction|Client|SELECT task_instance.id AS task_instance_id, task_instance.task_id AS task_instance_task_id, task_instance.dag_id AS task_instance_dag_id, task_instance.run_id AS task_instance_run_id, task_instance.m
00:01:21.809|94|active||SELECT task_instance.id AS task_instance_id, task_instance.task_id AS task_instance_task_id, task_instance.dag_id AS task_instance_dag_id, task_instance.run_id AS task_instance_run_id, task_instance.m
00:01:22.378|94|idle in transaction|Client|SELECT task_instance.id AS task_instance_id, task_instance.task_id AS task_instance_task_id, task_instance.dag_id AS task_instance_dag_id, task_instance.run_id AS task_instance_run_id, task_instance.m
00:01:22.958|94|active||SELECT task_instance.id AS task_instance_id, task_instance.task_id AS task_instance_task_id, task_instance.dag_id AS task_instance_dag_id, task_instance.run_id AS task_instance_run_id, task_instance.m
00:01:23.551|94|idle in transaction|Client|SELECT task_instance.id AS task_instance_id, task_instance.task_id AS task_instance_task_id, task_instance.dag_id AS task_instance_dag_id, task_instance.run_id AS task_instance_run_id, task_instance.m
00:01:24.115|94|idle in transaction|Client|SELECT task_instance.id AS task_instance_id, task_instance.task_id AS task_instance_task_id, task_instance.dag_id AS task_instance_dag_id, task_instance.run_id AS task_instance_run_id, task_instance.m
00:01:24.717|94|idle in transaction|Client|SELECT task_instance.id AS task_instance_id, task_instance.task_id AS task_instance_task_id, task_instance.dag_id AS task_instance_dag_id, task_instance.run_id AS task_instance_run_id, task_instance.m
00:01:25.322|94|idle in transaction|Client|SELECT task_instance.id AS task_instance_id, task_instance.task_id AS task_instance_task_id, task_instance.dag_id AS task_instance_dag_id, task_instance.run_id AS task_instance_run_id, task_instance.m
00:01:25.946|94|idle in transaction|Client|SELECT task_instance.id AS task_instance_id, task_instance.task_id AS task_instance_task_id, task_instance.dag_id AS task_instance_dag_id, task_instance.run_id AS task_instance_run_id, task_instance.m
00:01:26.518|94|idle in transaction|Client|SELECT task_instance.id AS task_instance_id, task_instance.task_id AS task_instance_task_id, task_instance.dag_id AS task_instance_dag_id, task_instance.run_id AS task_instance_run_id, task_instance.m
00:01:27.103|94|idle in transaction|Client|SELECT task_instance.id AS task_instance_id, task_instance.task_id AS task_instance_task_id, task_instance.dag_id AS task_instance_dag_id, task_instance.run_id AS task_instance_run_id, task_instance.m
00:01:27.679|94|idle in transaction|Client|SELECT task_instance.id AS task_instance_id, task_instance.task_id AS task_instance_task_id, task_instance.dag_id AS task_instance_dag_id, task_instance.run_id AS task_instance_run_id, task_instance.m
00:01:28.336|94|active||SELECT task_instance.id AS task_instance_id, task_instance.task_id AS task_instance_task_id, task_instance.dag_id AS task_instance_dag_id, task_instance.run_id AS task_instance_run_id, task_instance.m
00:01:28.931|94|idle in transaction|Client|SELECT task_instance.id AS task_instance_id, task_instance.task_id AS task_instance_task_id, task_instance.dag_id AS task_instance_dag_id, task_instance.run_id AS task_instance_run_id, task_instance.m
00:01:29.519|94|idle in transaction|Client|SELECT task_instance.id AS task_instance_id, task_instance.task_id AS task_instance_task_id, task_instance.dag_id AS task_instance_dag_id, task_instance.run_id AS task_instance_run_id, task_instance.m
00:01:30.092|94|idle in transaction|Client|SELECT task_instance.id AS task_instance_id, task_instance.task_id AS task_instance_task_id, task_instance.dag_id AS task_instance_dag_id, task_instance.run_id AS task_instance_run_id, task_instance.m
00:01:30.688|94|active||SELECT task_instance.id AS task_instance_id, task_instance.task_id AS task_instance_task_id, task_instance.dag_id AS task_instance_dag_id, task_instance.run_id AS task_instance_run_id, task_instance.m
00:01:31.292|94|active||SELECT task_instance.id AS task_instance_id, task_instance.task_id AS task_instance_task_id, task_instance.dag_id AS task_instance_dag_id, task_instance.run_id AS task_instance_run_id, task_instance.m
00:01:31.899|94|idle in transaction|Client|SELECT task_instance.id AS task_instance_id, task_instance.task_id AS task_instance_task_id, task_instance.dag_id AS task_instance_dag_id, task_instance.run_id AS task_instance_run_id, task_instance.m
00:01:32.465|94|active||SELECT task_instance.id AS task_instance_id, task_instance.task_id AS task_instance_task_id, task_instance.dag_id AS task_instance_dag_id, task_instance.run_id AS task_instance_run_id, task_instance.m
00:01:33.046|94|active||SELECT task_instance.id AS task_instance_id, task_instance.task_id AS task_instance_task_id, task_instance.dag_id AS task_instance_dag_id, task_instance.run_id AS task_instance_run_id, task_instance.m
00:01:33.622|94|idle in transaction|Client|SELECT task_instance.id AS task_instance_id, task_instance.task_id AS task_instance_task_id, task_instance.dag_id AS task_instance_dag_id, task_instance.run_id AS task_instance_run_id, task_instance.m
00:01:34.192|94|idle in transaction|Client|SELECT task_instance.id AS task_instance_id, task_instance.task_id AS task_instance_task_id, task_instance.dag_id AS task_instance_dag_id, task_instance.run_id AS task_instance_run_id, task_instance.m
00:01:34.813|94|idle in transaction|Client|SELECT task_instance.id AS task_instance_id, task_instance.task_id AS task_instance_task_id, task_instance.dag_id AS task_instance_dag_id, task_instance.run_id AS task_instance_run_id, task_instance.m
00:01:35.410|94|idle in transaction|Client|SELECT task_instance.id AS task_instance_id, task_instance.task_id AS task_instance_task_id, task_instance.dag_id AS task_instance_dag_id, task_instance.run_id AS task_instance_run_id, task_instance.m
00:01:35.995|94|idle in transaction|Client|SELECT task_instance.id AS task_instance_id, task_instance.task_id AS task_instance_task_id, task_instance.dag_id AS task_instance_dag_id, task_instance.run_id AS task_instance_run_id, task_instance.m
00:01:36.585|94|active||SELECT task_instance.id AS task_instance_id, task_instance.task_id AS task_instance_task_id, task_instance.dag_id AS task_instance_dag_id, task_instance.run_id AS task_instance_run_id, task_instance.m
00:01:37.250|94|idle in transaction|Client|SELECT task_instance.id AS task_instance_id, task_instance.task_id AS task_instance_task_id, task_instance.dag_id AS task_instance_dag_id, task_instance.run_id AS task_instance_run_id, task_instance.m
00:01:37.825|94|active||SELECT task_instance.id AS task_instance_id, task_instance.task_id AS task_instance_task_id, task_instance.dag_id AS task_instance_dag_id, task_instance.run_id AS task_instance_run_id, task_instance.m
00:01:38.441|94|idle in transaction|Client|SELECT task_instance.id, task_instance.task_id, task_instance.dag_id, task_instance.run_id, task_instance.map_index, task_instance.start_date, task_instance.end_date, task_instance.duration, task_inst
00:01:39.046|94|idle in transaction|Client|SELECT task_instance.id, task_instance.task_id, task_instance.dag_id, task_instance.run_id, task_instance.map_index, task_instance.start_date, task_instance.end_date, task_instance.duration, task_inst
00:01:39.676|94|idle in transaction|Client|SELECT task_instance.id, task_instance.task_id, task_instance.dag_id, task_instance.run_id, task_instance.map_index, task_instance.start_date, task_instance.end_date, task_instance.duration, task_inst
00:01:40.275|94|idle in transaction|Client|SELECT task_instance.id, task_instance.task_id, task_instance.dag_id, task_instance.run_id, task_instance.map_index, task_instance.start_date, task_instance.end_date, task_instance.duration, task_inst
00:01:40.927|94|idle in transaction|Client|SELECT task_instance.id, task_instance.task_id, task_instance.dag_id, task_instance.run_id, task_instance.map_index, task_instance.start_date, task_instance.end_date, task_instance.duration, task_inst
00:01:41.529|94|idle in transaction|Client|SELECT task_instance.id, task_instance.task_id, task_instance.dag_id, task_instance.run_id, task_instance.map_index, task_instance.start_date, task_instance.end_date, task_instance.duration, task_inst
00:01:42.173|94|idle in transaction|Client|SELECT task_instance.id, task_instance.task_id, task_instance.dag_id, task_instance.run_id, task_instance.map_index, task_instance.start_date, task_instance.end_date, task_instance.duration, task_inst
00:01:42.799|94|idle in transaction|Client|SELECT task_instance.id, task_instance.task_id, task_instance.dag_id, task_instance.run_id, task_instance.map_index, task_instance.start_date, task_instance.end_date, task_instance.duration, task_inst
00:01:43.397|94|idle in transaction|Client|SELECT task_instance.id, task_instance.task_id, task_instance.dag_id, task_instance.run_id, task_instance.map_index, task_instance.start_date, task_instance.end_date, task_instance.duration, task_inst
00:01:44.034|94|idle in transaction|Client|SELECT task_instance.id, task_instance.task_id, task_instance.dag_id, task_instance.run_id, task_instance.map_index, task_instance.start_date, task_instance.end_date, task_instance.duration, task_inst
00:01:44.651|94|idle in transaction|Client|SELECT task_instance.id, task_instance.task_id, task_instance.dag_id, task_instance.run_id, task_instance.map_index, task_instance.start_date, task_instance.end_date, task_instance.duration, task_inst
00:01:45.313|94|idle in transaction|Client|INSERT INTO task_instance (id, task_id, dag_id, run_id, map_index, start_date, end_date, duration, state, try_number, max_tries, hostname, unixname, pool, pool_slots, queue, priority_weight, operator,
00:01:45.883|94|active||INSERT INTO task_instance (id, task_id, dag_id, run_id, map_index, start_date, end_date, duration, state, try_number, max_tries, hostname, unixname, pool, pool_slots, queue, priority_weight, operator,
00:01:46.466|94|idle in transaction|Client|INSERT INTO task_instance (id, task_id, dag_id, run_id, map_index, start_date, end_date, duration, state, try_number, max_tries, hostname, unixname, pool, pool_slots, queue, priority_weight, operator,
00:01:47.074|94|idle in transaction|Client|INSERT INTO task_instance (id, task_id, dag_id, run_id, map_index, start_date, end_date, duration, state, try_number, max_tries, hostname, unixname, pool, pool_slots, queue, priority_weight, operator,
00:01:47.637|94|idle in transaction|Client|INSERT INTO task_instance (id, task_id, dag_id, run_id, map_index, start_date, end_date, duration, state, try_number, max_tries, hostname, unixname, pool, pool_slots, queue, priority_weight, operator,
00:01:48.194|94|active||INSERT INTO task_instance (id, task_id, dag_id, run_id, map_index, start_date, end_date, duration, state, try_number, max_tries, hostname, unixname, pool, pool_slots, queue, priority_weight, operator,
00:01:48.780|94|active||INSERT INTO task_instance (id, task_id, dag_id, run_id, map_index, start_date, end_date, duration, state, try_number, max_tries, hostname, unixname, pool, pool_slots, queue, priority_weight, operator,
00:01:49.359|94|active||INSERT INTO task_instance (id, task_id, dag_id, run_id, map_index, start_date, end_date, duration, state, try_number, max_tries, hostname, unixname, pool, pool_slots, queue, priority_weight, operator,
00:01:49.926|94|active||INSERT INTO task_instance (id, task_id, dag_id, run_id, map_index, start_date, end_date, duration, state, try_number, max_tries, hostname, unixname, pool, pool_slots, queue, priority_weight, operator,
00:01:50.509|94|active||INSERT INTO task_instance (id, task_id, dag_id, run_id, map_index, start_date, end_date, duration, state, try_number, max_tries, hostname, unixname, pool, pool_slots, queue, priority_weight, operator,
00:01:51.076|94|active||INSERT INTO task_instance (id, task_id, dag_id, run_id, map_index, start_date, end_date, duration, state, try_number, max_tries, hostname, unixname, pool, pool_slots, queue, priority_weight, operator,
00:01:51.661|94|active||INSERT INTO task_instance (id, task_id, dag_id, run_id, map_index, start_date, end_date, duration, state, try_number, max_tries, hostname, unixname, pool, pool_slots, queue, priority_weight, operator,
00:01:52.227|94|active||INSERT INTO task_instance (id, task_id, dag_id, run_id, map_index, start_date, end_date, duration, state, try_number, max_tries, hostname, unixname, pool, pool_slots, queue, priority_weight, operator,
00:01:52.794|94|idle in transaction|Client|INSERT INTO task_instance (id, task_id, dag_id, run_id, map_index, start_date, end_date, duration, state, try_number, max_tries, hostname, unixname, pool, pool_slots, queue, priority_weight, operator,
00:01:53.353|94|active||INSERT INTO task_instance (id, task_id, dag_id, run_id, map_index, start_date, end_date, duration, state, try_number, max_tries, hostname, unixname, pool, pool_slots, queue, priority_weight, operator,
00:01:53.981|94|idle in transaction|Client|INSERT INTO task_instance (id, task_id, dag_id, run_id, map_index, start_date, end_date, duration, state, try_number, max_tries, hostname, unixname, pool, pool_slots, queue, priority_weight, operator,
00:01:54.624|94|idle in transaction|Client|INSERT INTO task_instance (id, task_id, dag_id, run_id, map_index, start_date, end_date, duration, state, try_number, max_tries, hostname, unixname, pool, pool_slots, queue, priority_weight, operator,
00:01:55.215|94|active||SELECT task_instance.map_index FROM task_instance WHERE task_instance.dag_id = 'bench_flat_empty' AND task_instance.task_id = 'noop' AND task_instance.run_id = 'flat_empty_100000_1790726384'
00:01:55.808|94|idle in transaction|Client|SELECT dag_run.id, dag_run.dag_id, dag_run.queued_at, dag_run.logical_date, dag_run.start_date, dag_run.end_date, dag_run.state, dag_run.run_id, dag_run.creating_job_id, dag_run.run_type, dag_run.trig
00:01:55.808|1057|active||select count(*) from task_instance where dag_id='bench_flat_empty' and run_id='flat_empty_100000_1790726384' and map_index>=0
00:01:56.413|94|active||SELECT task_instance.id, task_instance.task_id, task_instance.dag_id, task_instance.run_id, task_instance.map_index, task_instance.start_date, task_instance.end_date, task_instance.duration, task_inst
00:01:56.980|94|idle in transaction|Client|SELECT dag_run.id, dag_run.dag_id, dag_run.queued_at, dag_run.logical_date, dag_run.start_date, dag_run.end_date, dag_run.state, dag_run.run_id, dag_run.creating_job_id, dag_run.run_type, dag_run.trig
00:01:57.570|94|idle in transaction|Client|SELECT dag_run.id, dag_run.dag_id, dag_run.queued_at, dag_run.logical_date, dag_run.start_date, dag_run.end_date, dag_run.state, dag_run.run_id, dag_run.creating_job_id, dag_run.run_type, dag_run.trig
00:01:58.142|94|idle in transaction|Client|SELECT dag_run.id, dag_run.dag_id, dag_run.queued_at, dag_run.logical_date, dag_run.start_date, dag_run.end_date, dag_run.state, dag_run.run_id, dag_run.creating_job_id, dag_run.run_type, dag_run.trig
00:01:58.709|94|idle in transaction|Client|SELECT dag_run.id, dag_run.dag_id, dag_run.queued_at, dag_run.logical_date, dag_run.start_date, dag_run.end_date, dag_run.state, dag_run.run_id, dag_run.creating_job_id, dag_run.run_type, dag_run.trig
00:01:59.277|95|idle in transaction|Client|DELETE FROM dag_warning USING dag WHERE dag_warning.dag_id = dag.dag_id AND dag.is_stale = true
00:01:59.277|94|idle in transaction|Client|SELECT task_instance.id, task_instance.task_id, task_instance.dag_id, task_instance.run_id, task_instance.map_index, task_instance.start_date, task_instance.end_date, task_instance.duration, task_inst
00:01:59.854|94|idle in transaction|Client|SELECT task_instance.id, task_instance.task_id, task_instance.dag_id, task_instance.run_id, task_instance.map_index, task_instance.start_date, task_instance.end_date, task_instance.duration, task_inst
00:02:00.431|94|idle in transaction|Client|SELECT dag_run.id, dag_run.dag_id, dag_run.queued_at, dag_run.logical_date, dag_run.start_date, dag_run.end_date, dag_run.state, dag_run.run_id, dag_run.creating_job_id, dag_run.run_type, dag_run.trig
00:02:01.040|94|idle in transaction|Client|SELECT task_instance.id, task_instance.task_id, task_instance.dag_id, task_instance.run_id, task_instance.map_index, task_instance.start_date, task_instance.end_date, task_instance.duration, task_inst
00:02:01.604|94|active|Client|SELECT dag_run.id, dag_run.dag_id, dag_run.queued_at, dag_run.logical_date, dag_run.start_date, dag_run.end_date, dag_run.state, dag_run.run_id, dag_run.creating_job_id, dag_run.run_type, dag_run.trig
00:02:02.189|94|idle in transaction|Client|SELECT task_instance.id, task_instance.task_id, task_instance.dag_id, task_instance.run_id, task_instance.map_index, task_instance.start_date, task_instance.end_date, task_instance.duration, task_inst
00:02:02.771|94|idle in transaction|Client|SELECT task_instance.id, task_instance.task_id, task_instance.dag_id, task_instance.run_id, task_instance.map_index, task_instance.start_date, task_instance.end_date, task_instance.duration, task_inst
00:02:03.357|94|idle in transaction|Client|SELECT task_instance.id, task_instance.task_id, task_instance.dag_id, task_instance.run_id, task_instance.map_index, task_instance.start_date, task_instance.end_date, task_instance.duration, task_inst
00:02:03.937|94|idle in transaction|Client|SELECT task_instance.id, task_instance.task_id, task_instance.dag_id, task_instance.run_id, task_instance.map_index, task_instance.start_date, task_instance.end_date, task_instance.duration, task_inst
00:02:04.500|95|active||SELECT dag.dag_id, dag.is_paused, dag.is_stale, dag.exceeds_max_non_backfill, dag.last_parsed_time, dag.last_parse_duration, dag.last_expired, dag.fileloc, dag.relative_fileloc, dag.bundle_name, dag.b
00:02:04.500|94|idle in transaction|Client|SELECT task_instance.id, task_instance.task_id, task_instance.dag_id, task_instance.run_id, task_instance.map_index, task_instance.start_date, task_instance.end_date, task_instance.duration, task_inst
00:02:05.057|94|idle in transaction|Client|SELECT dag_run.id, dag_run.dag_id, dag_run.queued_at, dag_run.logical_date, dag_run.start_date, dag_run.end_date, dag_run.state, dag_run.run_id, dag_run.creating_job_id, dag_run.run_type, dag_run.trig
00:02:05.612|94|idle in transaction|Client|SELECT dag_run.id, dag_run.dag_id, dag_run.queued_at, dag_run.logical_date, dag_run.start_date, dag_run.end_date, dag_run.state, dag_run.run_id, dag_run.creating_job_id, dag_run.run_type, dag_run.trig
00:02:06.192|94|idle in transaction|Client|SELECT task_instance.id, task_instance.task_id, task_instance.dag_id, task_instance.run_id, task_instance.map_index, task_instance.start_date, task_instance.end_date, task_instance.duration, task_inst
00:02:06.758|94|idle in transaction|Client|SELECT task_instance.id, task_instance.task_id, task_instance.dag_id, task_instance.run_id, task_instance.map_index, task_instance.start_date, task_instance.end_date, task_instance.duration, task_inst
00:02:07.320|94|idle in transaction|Client|SELECT task_instance.id, task_instance.task_id, task_instance.dag_id, task_instance.run_id, task_instance.map_index, task_instance.start_date, task_instance.end_date, task_instance.duration, task_inst
00:02:07.883|94|idle in transaction|Client|SELECT dag_run.id, dag_run.dag_id, dag_run.queued_at, dag_run.logical_date, dag_run.start_date, dag_run.end_date, dag_run.state, dag_run.run_id, dag_run.creating_job_id, dag_run.run_type, dag_run.trig
00:02:08.468|94|idle in transaction|Client|SELECT dag_run.id, dag_run.dag_id, dag_run.queued_at, dag_run.logical_date, dag_run.start_date, dag_run.end_date, dag_run.state, dag_run.run_id, dag_run.creating_job_id, dag_run.run_type, dag_run.trig
00:02:09.030|94|idle in transaction|Client|SELECT task_instance.id, task_instance.task_id, task_instance.dag_id, task_instance.run_id, task_instance.map_index, task_instance.start_date, task_instance.end_date, task_instance.duration, task_inst
00:02:09.601|94|idle in transaction|Client|SELECT task_instance.id, task_instance.task_id, task_instance.dag_id, task_instance.run_id, task_instance.map_index, task_instance.start_date, task_instance.end_date, task_instance.duration, task_inst
00:02:10.168|94|idle in transaction|Client|SELECT dag_run.id, dag_run.dag_id, dag_run.queued_at, dag_run.logical_date, dag_run.start_date, dag_run.end_date, dag_run.state, dag_run.run_id, dag_run.creating_job_id, dag_run.run_type, dag_run.trig
00:02:10.745|94|idle in transaction|Client|SELECT dag_run.id, dag_run.dag_id, dag_run.queued_at, dag_run.logical_date, dag_run.start_date, dag_run.end_date, dag_run.state, dag_run.run_id, dag_run.creating_job_id, dag_run.run_type, dag_run.trig
00:02:11.316|94|idle in transaction|Client|SELECT dag_run.id, dag_run.dag_id, dag_run.queued_at, dag_run.logical_date, dag_run.start_date, dag_run.end_date, dag_run.state, dag_run.run_id, dag_run.creating_job_id, dag_run.run_type, dag_run.trig
00:02:11.899|94|idle in transaction|Client|SELECT dag_run.id, dag_run.dag_id, dag_run.queued_at, dag_run.logical_date, dag_run.start_date, dag_run.end_date, dag_run.state, dag_run.run_id, dag_run.creating_job_id, dag_run.run_type, dag_run.trig
00:02:12.467|94|active||SELECT task_instance.id, task_instance.task_id, task_instance.dag_id, task_instance.run_id, task_instance.map_index, task_instance.start_date, task_instance.end_date, task_instance.duration, task_inst
00:02:13.031|94|idle in transaction|Client|SELECT dag_run.id, dag_run.dag_id, dag_run.queued_at, dag_run.logical_date, dag_run.start_date, dag_run.end_date, dag_run.state, dag_run.run_id, dag_run.creating_job_id, dag_run.run_type, dag_run.trig
00:02:13.636|94|active||SELECT task_instance.id, task_instance.task_id, task_instance.dag_id, task_instance.run_id, task_instance.map_index, task_instance.start_date, task_instance.end_date, task_instance.duration, task_inst
00:02:14.191|94|active||SELECT task_instance.id, task_instance.task_id, task_instance.dag_id, task_instance.run_id, task_instance.map_index, task_instance.start_date, task_instance.end_date, task_instance.duration, task_inst
00:02:14.779|94|idle in transaction|Client|SELECT task_instance.id, task_instance.task_id, task_instance.dag_id, task_instance.run_id, task_instance.map_index, task_instance.start_date, task_instance.end_date, task_instance.duration, task_inst
00:02:15.352|94|idle in transaction|Client|SELECT task_instance.id, task_instance.task_id, task_instance.dag_id, task_instance.run_id, task_instance.map_index, task_instance.start_date, task_instance.end_date, task_instance.duration, task_inst
00:02:15.929|94|idle in transaction|Client|SELECT dag_run.id, dag_run.dag_id, dag_run.queued_at, dag_run.logical_date, dag_run.start_date, dag_run.end_date, dag_run.state, dag_run.run_id, dag_run.creating_job_id, dag_run.run_type, dag_run.trig
00:02:16.487|94|active||SELECT task_instance.id, task_instance.task_id, task_instance.dag_id, task_instance.run_id, task_instance.map_index, task_instance.start_date, task_instance.end_date, task_instance.duration, task_inst
00:02:17.077|94|active||SELECT task_instance.id, task_instance.task_id, task_instance.dag_id, task_instance.run_id, task_instance.map_index, task_instance.start_date, task_instance.end_date, task_instance.duration, task_inst
00:02:17.666|94|idle in transaction||SELECT dag_run.id, dag_run.dag_id, dag_run.queued_at, dag_run.logical_date, dag_run.start_date, dag_run.end_date, dag_run.state, dag_run.run_id, dag_run.creating_job_id, dag_run.run_type, dag_run.trig
00:02:18.231|94|idle in transaction|Client|SELECT task_instance.id, task_instance.task_id, task_instance.dag_id, task_instance.run_id, task_instance.map_index, task_instance.start_date, task_instance.end_date, task_instance.duration, task_inst
00:02:18.836|94|idle in transaction|Client|SELECT task_instance.id, task_instance.task_id, task_instance.dag_id, task_instance.run_id, task_instance.map_index, task_instance.start_date, task_instance.end_date, task_instance.duration, task_inst
00:02:19.394|94|idle in transaction||SELECT dag_run.id, dag_run.dag_id, dag_run.queued_at, dag_run.logical_date, dag_run.start_date, dag_run.end_date, dag_run.state, dag_run.run_id, dag_run.creating_job_id, dag_run.run_type, dag_run.trig
00:02:19.979|94|idle in transaction|Client|SELECT dag_run.id, dag_run.dag_id, dag_run.queued_at, dag_run.logical_date, dag_run.start_date, dag_run.end_date, dag_run.state, dag_run.run_id, dag_run.creating_job_id, dag_run.run_type, dag_run.trig
00:02:20.588|94|idle in transaction||SELECT task_instance.id, task_instance.task_id, task_instance.dag_id, task_instance.run_id, task_instance.map_index, task_instance.start_date, task_instance.end_date, task_instance.duration, task_inst
00:02:21.176|94|idle in transaction|Client|SELECT task_instance.id, task_instance.task_id, task_instance.dag_id, task_instance.run_id, task_instance.map_index, task_instance.start_date, task_instance.end_date, task_instance.duration, task_inst
00:02:21.759|94|idle in transaction||SELECT task_instance.id, task_instance.task_id, task_instance.dag_id, task_instance.run_id, task_instance.map_index, task_instance.start_date, task_instance.end_date, task_instance.duration, task_inst
00:02:22.350|94|idle in transaction|Client|SELECT dag_run.id, dag_run.dag_id, dag_run.queued_at, dag_run.logical_date, dag_run.start_date, dag_run.end_date, dag_run.state, dag_run.run_id, dag_run.creating_job_id, dag_run.run_type, dag_run.trig
00:02:22.913|94|idle in transaction|Client|SELECT task_instance.id, task_instance.task_id, task_instance.dag_id, task_instance.run_id, task_instance.map_index, task_instance.start_date, task_instance.end_date, task_instance.duration, task_inst
00:02:23.478|94|idle in transaction|Client|SELECT dag_run.id, dag_run.dag_id, dag_run.queued_at, dag_run.logical_date, dag_run.start_date, dag_run.end_date, dag_run.state, dag_run.run_id, dag_run.creating_job_id, dag_run.run_type, dag_run.trig
00:02:23.478|1057|active||select coalesce(state,'none'), count(*) from task_instance where dag_id='bench_flat_empty' and run_id='flat_empty_100000_1790726384' group by 1
00:02:24.042|94|active|Client|SELECT dag_run.id, dag_run.dag_id, dag_run.queued_at, dag_run.logical_date, dag_run.start_date, dag_run.end_date, dag_run.state, dag_run.run_id, dag_run.creating_job_id, dag_run.run_type, dag_run.trig
00:02:24.599|94|active||SELECT task_instance.id, task_instance.task_id, task_instance.dag_id, task_instance.run_id, task_instance.map_index, task_instance.start_date, task_instance.end_date, task_instance.duration, task_inst
00:02:25.164|94|idle in transaction|Client|SELECT dag_run.id, dag_run.dag_id, dag_run.queued_at, dag_run.logical_date, dag_run.start_date, dag_run.end_date, dag_run.state, dag_run.run_id, dag_run.creating_job_id, dag_run.run_type, dag_run.trig
00:02:25.717|94|idle in transaction|Client|SELECT task_instance.id, task_instance.task_id, task_instance.dag_id, task_instance.run_id, task_instance.map_index, task_instance.start_date, task_instance.end_date, task_instance.duration, task_inst
00:02:26.285|94|idle in transaction||SELECT dag_run.id, dag_run.dag_id, dag_run.queued_at, dag_run.logical_date, dag_run.start_date, dag_run.end_date, dag_run.state, dag_run.run_id, dag_run.creating_job_id, dag_run.run_type, dag_run.trig
00:02:26.858|94|idle in transaction|Client|SELECT dag_run.id, dag_run.dag_id, dag_run.queued_at, dag_run.logical_date, dag_run.start_date, dag_run.end_date, dag_run.state, dag_run.run_id, dag_run.creating_job_id, dag_run.run_type, dag_run.trig
00:02:27.425|94|idle in transaction|Client|SELECT task_instance.id, task_instance.task_id, task_instance.dag_id, task_instance.run_id, task_instance.map_index, task_instance.start_date, task_instance.end_date, task_instance.duration, task_inst
00:02:28.009|94|idle in transaction|Client|SELECT dag_run.id, dag_run.dag_id, dag_run.queued_at, dag_run.logical_date, dag_run.start_date, dag_run.end_date, dag_run.state, dag_run.run_id, dag_run.creating_job_id, dag_run.run_type, dag_run.trig
00:02:28.600|94|idle in transaction|Client|SELECT dag_run.id, dag_run.dag_id, dag_run.queued_at, dag_run.logical_date, dag_run.start_date, dag_run.end_date, dag_run.state, dag_run.run_id, dag_run.creating_job_id, dag_run.run_type, dag_run.trig
00:02:29.163|94|idle in transaction|Client|SELECT dag_run.id, dag_run.dag_id, dag_run.queued_at, dag_run.logical_date, dag_run.start_date, dag_run.end_date, dag_run.state, dag_run.run_id, dag_run.creating_job_id, dag_run.run_type, dag_run.trig
00:02:29.733|94|idle in transaction|Client|SELECT task_instance.id, task_instance.task_id, task_instance.dag_id, task_instance.run_id, task_instance.map_index, task_instance.start_date, task_instance.end_date, task_instance.duration, task_inst
00:02:30.297|94|idle in transaction|Client|SELECT task_instance.id, task_instance.task_id, task_instance.dag_id, task_instance.run_id, task_instance.map_index, task_instance.start_date, task_instance.end_date, task_instance.duration, task_inst
00:02:30.855|94|idle in transaction|Client|SELECT task_instance.id, task_instance.task_id, task_instance.dag_id, task_instance.run_id, task_instance.map_index, task_instance.start_date, task_instance.end_date, task_instance.duration, task_inst
00:02:30.855|1057|active||select count(*) from task_instance where dag_id='bench_flat_empty' and run_id='flat_empty_100000_1790726384' and map_index>=0
00:02:31.423|94|idle in transaction|Client|SELECT task_instance.id, task_instance.task_id, task_instance.dag_id, task_instance.run_id, task_instance.map_index, task_instance.start_date, task_instance.end_date, task_instance.duration, task_inst
00:02:31.990|94|active||SELECT task_instance.id, task_instance.task_id, task_instance.dag_id, task_instance.run_id, task_instance.map_index, task_instance.start_date, task_instance.end_date, task_instance.duration, task_inst
00:02:32.580|94|idle in transaction|Client|SELECT dag_run.id, dag_run.dag_id, dag_run.queued_at, dag_run.logical_date, dag_run.start_date, dag_run.end_date, dag_run.state, dag_run.run_id, dag_run.creating_job_id, dag_run.run_type, dag_run.trig
00:02:33.150|94|active||SELECT task_instance.id, task_instance.task_id, task_instance.dag_id, task_instance.run_id, task_instance.map_index, task_instance.start_date, task_instance.end_date, task_instance.duration, task_inst
00:02:33.736|94|idle in transaction|Client|SELECT dag_run.id, dag_run.dag_id, dag_run.queued_at, dag_run.logical_date, dag_run.start_date, dag_run.end_date, dag_run.state, dag_run.run_id, dag_run.creating_job_id, dag_run.run_type, dag_run.trig
00:02:34.302|94|idle in transaction|Client|SELECT task_instance.id, task_instance.task_id, task_instance.dag_id, task_instance.run_id, task_instance.map_index, task_instance.start_date, task_instance.end_date, task_instance.duration, task_inst
00:02:34.887|94|idle in transaction|Client|SELECT task_instance.id, task_instance.task_id, task_instance.dag_id, task_instance.run_id, task_instance.map_index, task_instance.start_date, task_instance.end_date, task_instance.duration, task_inst
00:02:35.446|94|idle in transaction|Client|SELECT dag_run.id, dag_run.dag_id, dag_run.queued_at, dag_run.logical_date, dag_run.start_date, dag_run.end_date, dag_run.state, dag_run.run_id, dag_run.creating_job_id, dag_run.run_type, dag_run.trig
00:02:36.007|94|idle in transaction|Client|SELECT task_instance.id, task_instance.task_id, task_instance.dag_id, task_instance.run_id, task_instance.map_index, task_instance.start_date, task_instance.end_date, task_instance.duration, task_inst
00:02:36.564|94|active||SELECT task_instance.id, task_instance.task_id, task_instance.dag_id, task_instance.run_id, task_instance.map_index, task_instance.start_date, task_instance.end_date, task_instance.duration, task_inst
00:02:37.159|94|active||SELECT dag_run.id, dag_run.dag_id, dag_run.queued_at, dag_run.logical_date, dag_run.start_date, dag_run.end_date, dag_run.state, dag_run.run_id, dag_run.creating_job_id, dag_run.run_type, dag_run.trig
00:02:37.735|94|active||SELECT task_instance.id, task_instance.task_id, task_instance.dag_id, task_instance.run_id, task_instance.map_index, task_instance.start_date, task_instance.end_date, task_instance.duration, task_inst
00:02:38.312|94|idle in transaction|Client|SELECT dag_run.id, dag_run.dag_id, dag_run.queued_at, dag_run.logical_date, dag_run.start_date, dag_run.end_date, dag_run.state, dag_run.run_id, dag_run.creating_job_id, dag_run.run_type, dag_run.trig
00:02:38.312|1057|active||select count(*) from task_instance where dag_id='bench_flat_empty' and run_id='flat_empty_100000_1790726384' and map_index>=0
00:02:38.879|94|active|Client|SELECT task_instance.id, task_instance.task_id, task_instance.dag_id, task_instance.run_id, task_instance.map_index, task_instance.start_date, task_instance.end_date, task_instance.duration, task_inst
00:02:39.442|94|idle in transaction|Client|SELECT dag_run.id, dag_run.dag_id, dag_run.queued_at, dag_run.logical_date, dag_run.start_date, dag_run.end_date, dag_run.state, dag_run.run_id, dag_run.creating_job_id, dag_run.run_type, dag_run.trig
00:02:40.022|94|idle in transaction|Client|SELECT dag_run.id, dag_run.dag_id, dag_run.queued_at, dag_run.logical_date, dag_run.start_date, dag_run.end_date, dag_run.state, dag_run.run_id, dag_run.creating_job_id, dag_run.run_type, dag_run.trig
00:02:40.578|94|idle in transaction|Client|SELECT dag_run.id, dag_run.dag_id, dag_run.queued_at, dag_run.logical_date, dag_run.start_date, dag_run.end_date, dag_run.state, dag_run.run_id, dag_run.creating_job_id, dag_run.run_type, dag_run.trig
00:02:41.158|94|idle in transaction|Client|SELECT dag_run.id, dag_run.dag_id, dag_run.queued_at, dag_run.logical_date, dag_run.start_date, dag_run.end_date, dag_run.state, dag_run.run_id, dag_run.creating_job_id, dag_run.run_type, dag_run.trig
00:02:41.718|94|active||SELECT dag_run.id, dag_run.dag_id, dag_run.queued_at, dag_run.logical_date, dag_run.start_date, dag_run.end_date, dag_run.state, dag_run.run_id, dag_run.creating_job_id, dag_run.run_type, dag_run.trig
00:02:42.297|94|idle in transaction|Client|SELECT dag_run.id, dag_run.dag_id, dag_run.queued_at, dag_run.logical_date, dag_run.start_date, dag_run.end_date, dag_run.state, dag_run.run_id, dag_run.creating_job_id, dag_run.run_type, dag_run.trig
00:02:42.858|94|idle in transaction|Client|SELECT task_instance.id, task_instance.task_id, task_instance.dag_id, task_instance.run_id, task_instance.map_index, task_instance.start_date, task_instance.end_date, task_instance.duration, task_inst
00:02:43.468|94|idle in transaction|Client|SELECT task_instance.id, task_instance.task_id, task_instance.dag_id, task_instance.run_id, task_instance.map_index, task_instance.start_date, task_instance.end_date, task_instance.duration, task_inst
00:02:44.068|94|idle in transaction|Client|SELECT task_instance.id, task_instance.task_id, task_instance.dag_id, task_instance.run_id, task_instance.map_index, task_instance.start_date, task_instance.end_date, task_instance.duration, task_inst
00:02:44.659|94|idle in transaction|Client|SELECT task_instance.id, task_instance.task_id, task_instance.dag_id, task_instance.run_id, task_instance.map_index, task_instance.start_date, task_instance.end_date, task_instance.duration, task_inst
00:02:45.250|94|active|Client|SELECT dag_run.id, dag_run.dag_id, dag_run.queued_at, dag_run.logical_date, dag_run.start_date, dag_run.end_date, dag_run.state, dag_run.run_id, dag_run.creating_job_id, dag_run.run_type, dag_run.trig
00:02:45.821|94|idle in transaction|Client|SELECT task_instance.id, task_instance.task_id, task_instance.dag_id, task_instance.run_id, task_instance.map_index, task_instance.start_date, task_instance.end_date, task_instance.duration, task_inst
00:02:46.383|94|idle in transaction|Client|SELECT dag_run.id, dag_run.dag_id, dag_run.queued_at, dag_run.logical_date, dag_run.start_date, dag_run.end_date, dag_run.state, dag_run.run_id, dag_run.creating_job_id, dag_run.run_type, dag_run.trig
00:02:46.942|94|idle in transaction|Client|SELECT task_instance.id, task_instance.task_id, task_instance.dag_id, task_instance.run_id, task_instance.map_index, task_instance.start_date, task_instance.end_date, task_instance.duration, task_inst
00:02:47.500|94|idle in transaction|Client|SELECT dag_run.id, dag_run.dag_id, dag_run.queued_at, dag_run.logical_date, dag_run.start_date, dag_run.end_date, dag_run.state, dag_run.run_id, dag_run.creating_job_id, dag_run.run_type, dag_run.trig
00:02:48.056|94|idle in transaction||SELECT task_instance.id, task_instance.task_id, task_instance.dag_id, task_instance.run_id, task_instance.map_index, task_instance.start_date, task_instance.end_date, task_instance.duration, task_inst
00:02:48.613|94|active||SELECT dag_run.id, dag_run.dag_id, dag_run.queued_at, dag_run.logical_date, dag_run.start_date, dag_run.end_date, dag_run.state, dag_run.run_id, dag_run.creating_job_id, dag_run.run_type, dag_run.trig
00:02:49.173|94|idle in transaction|Client|SELECT task_instance.id, task_instance.task_id, task_instance.dag_id, task_instance.run_id, task_instance.map_index, task_instance.start_date, task_instance.end_date, task_instance.duration, task_inst
00:02:49.773|94|idle in transaction|Client|SELECT task_instance.id, task_instance.task_id, task_instance.dag_id, task_instance.run_id, task_instance.map_index, task_instance.start_date, task_instance.end_date, task_instance.duration, task_inst
00:02:50.337|94|idle in transaction|Client|SELECT task_instance.id, task_instance.task_id, task_instance.dag_id, task_instance.run_id, task_instance.map_index, task_instance.start_date, task_instance.end_date, task_instance.duration, task_inst
00:02:50.896|94|idle in transaction|Client|SELECT dag_run.id, dag_run.dag_id, dag_run.queued_at, dag_run.logical_date, dag_run.start_date, dag_run.end_date, dag_run.state, dag_run.run_id, dag_run.creating_job_id, dag_run.run_type, dag_run.trig
00:02:51.460|94|idle in transaction|Client|SELECT task_instance.id, task_instance.task_id, task_instance.dag_id, task_instance.run_id, task_instance.map_index, task_instance.start_date, task_instance.end_date, task_instance.duration, task_inst
00:02:52.037|94|idle in transaction|Client|SELECT dag_run.id, dag_run.dag_id, dag_run.queued_at, dag_run.logical_date, dag_run.start_date, dag_run.end_date, dag_run.state, dag_run.run_id, dag_run.creating_job_id, dag_run.run_type, dag_run.trig
00:02:52.593|94|idle in transaction|Client|SELECT dag_run.id, dag_run.dag_id, dag_run.queued_at, dag_run.logical_date, dag_run.start_date, dag_run.end_date, dag_run.state, dag_run.run_id, dag_run.creating_job_id, dag_run.run_type, dag_run.trig
00:02:53.187|94|idle in transaction|Client|SELECT task_instance.id, task_instance.task_id, task_instance.dag_id, task_instance.run_id, task_instance.map_index, task_instance.start_date, task_instance.end_date, task_instance.duration, task_inst
00:02:53.187|1057|active||select count(*) from task_instance where dag_id='bench_flat_empty' and run_id='flat_empty_100000_1790726384' and map_index>=0
00:02:53.755|94|idle in transaction|Client|SELECT dag_run.id, dag_run.dag_id, dag_run.queued_at, dag_run.logical_date, dag_run.start_date, dag_run.end_date, dag_run.state, dag_run.run_id, dag_run.creating_job_id, dag_run.run_type, dag_run.trig
00:02:54.311|94|idle in transaction|Client|SELECT dag_run.id, dag_run.dag_id, dag_run.queued_at, dag_run.logical_date, dag_run.start_date, dag_run.end_date, dag_run.state, dag_run.run_id, dag_run.creating_job_id, dag_run.run_type, dag_run.trig
00:02:54.883|94|active|Client|SELECT dag_run.id, dag_run.dag_id, dag_run.queued_at, dag_run.logical_date, dag_run.start_date, dag_run.end_date, dag_run.state, dag_run.run_id, dag_run.creating_job_id, dag_run.run_type, dag_run.trig
00:02:55.453|94|idle in transaction|Client|SELECT dag_run.id, dag_run.dag_id, dag_run.queued_at, dag_run.logical_date, dag_run.start_date, dag_run.end_date, dag_run.state, dag_run.run_id, dag_run.creating_job_id, dag_run.run_type, dag_run.trig
00:02:56.015|94|idle in transaction|Client|SELECT dag_run.id, dag_run.dag_id, dag_run.queued_at, dag_run.logical_date, dag_run.start_date, dag_run.end_date, dag_run.state, dag_run.run_id, dag_run.creating_job_id, dag_run.run_type, dag_run.trig
00:02:56.581|94|active||SELECT dag_run.id, dag_run.dag_id, dag_run.queued_at, dag_run.logical_date, dag_run.start_date, dag_run.end_date, dag_run.state, dag_run.run_id, dag_run.creating_job_id, dag_run.run_type, dag_run.trig
00:02:57.144|94|active||SELECT task_instance.id, task_instance.task_id, task_instance.dag_id, task_instance.run_id, task_instance.map_index, task_instance.start_date, task_instance.end_date, task_instance.duration, task_inst
00:02:57.723|94|idle in transaction|Client|SELECT dag_run.id, dag_run.dag_id, dag_run.queued_at, dag_run.logical_date, dag_run.start_date, dag_run.end_date, dag_run.state, dag_run.run_id, dag_run.creating_job_id, dag_run.run_type, dag_run.trig
00:02:58.297|94|idle in transaction|Client|SELECT dag_run.id, dag_run.dag_id, dag_run.queued_at, dag_run.logical_date, dag_run.start_date, dag_run.end_date, dag_run.state, dag_run.run_id, dag_run.creating_job_id, dag_run.run_type, dag_run.trig
00:02:58.865|94|idle in transaction|Client|SELECT dag_run.id, dag_run.dag_id, dag_run.queued_at, dag_run.logical_date, dag_run.start_date, dag_run.end_date, dag_run.state, dag_run.run_id, dag_run.creating_job_id, dag_run.run_type, dag_run.trig
00:02:59.441|94|idle in transaction|Client|SELECT dag_run.id, dag_run.dag_id, dag_run.queued_at, dag_run.logical_date, dag_run.start_date, dag_run.end_date, dag_run.state, dag_run.run_id, dag_run.creating_job_id, dag_run.run_type, dag_run.trig
00:03:00.017|94|idle in transaction|Client|SELECT dag_run.id, dag_run.dag_id, dag_run.queued_at, dag_run.logical_date, dag_run.start_date, dag_run.end_date, dag_run.state, dag_run.run_id, dag_run.creating_job_id, dag_run.run_type, dag_run.trig
00:03:00.586|94|idle in transaction|Client|SELECT task_instance.id, task_instance.task_id, task_instance.dag_id, task_instance.run_id, task_instance.map_index, task_instance.start_date, task_instance.end_date, task_instance.duration, task_inst
00:03:01.162|94|idle in transaction|Client|SELECT dag_run.id, dag_run.dag_id, dag_run.queued_at, dag_run.logical_date, dag_run.start_date, dag_run.end_date, dag_run.state, dag_run.run_id, dag_run.creating_job_id, dag_run.run_type, dag_run.trig
00:03:01.722|94|idle in transaction|Client|SELECT task_instance.id, task_instance.task_id, task_instance.dag_id, task_instance.run_id, task_instance.map_index, task_instance.start_date, task_instance.end_date, task_instance.duration, task_inst
00:03:02.298|94|active||SELECT task_instance.id, task_instance.task_id, task_instance.dag_id, task_instance.run_id, task_instance.map_index, task_instance.start_date, task_instance.end_date, task_instance.duration, task_inst
00:03:02.858|94|idle in transaction|Client|SELECT dag_run.id, dag_run.dag_id, dag_run.queued_at, dag_run.logical_date, dag_run.start_date, dag_run.end_date, dag_run.state, dag_run.run_id, dag_run.creating_job_id, dag_run.run_type, dag_run.trig
00:03:03.423|94|idle in transaction|Client|SELECT task_instance.id, task_instance.task_id, task_instance.dag_id, task_instance.run_id, task_instance.map_index, task_instance.start_date, task_instance.end_date, task_instance.duration, task_inst
00:03:03.979|94|idle in transaction|Client|SELECT task_instance.id, task_instance.task_id, task_instance.dag_id, task_instance.run_id, task_instance.map_index, task_instance.start_date, task_instance.end_date, task_instance.duration, task_inst
00:03:04.553|94|idle in transaction|Client|SELECT task_instance.id, task_instance.task_id, task_instance.dag_id, task_instance.run_id, task_instance.map_index, task_instance.start_date, task_instance.end_date, task_instance.duration, task_inst
00:03:05.111|94|idle in transaction|Client|SELECT task_instance.id, task_instance.task_id, task_instance.dag_id, task_instance.run_id, task_instance.map_index, task_instance.start_date, task_instance.end_date, task_instance.duration, task_inst
00:03:05.685|94|idle in transaction|Client|SELECT dag_run.id, dag_run.dag_id, dag_run.queued_at, dag_run.logical_date, dag_run.start_date, dag_run.end_date, dag_run.state, dag_run.run_id, dag_run.creating_job_id, dag_run.run_type, dag_run.trig
00:03:06.243|94|active|Client|SELECT dag_run.id, dag_run.dag_id, dag_run.queued_at, dag_run.logical_date, dag_run.start_date, dag_run.end_date, dag_run.state, dag_run.run_id, dag_run.creating_job_id, dag_run.run_type, dag_run.trig
00:03:06.827|94|idle in transaction|Client|SELECT task_instance.id, task_instance.task_id, task_instance.dag_id, task_instance.run_id, task_instance.map_index, task_instance.start_date, task_instance.end_date, task_instance.duration, task_inst
00:03:07.415|94|idle in transaction|Client|SELECT dag_run.id, dag_run.dag_id, dag_run.queued_at, dag_run.logical_date, dag_run.start_date, dag_run.end_date, dag_run.state, dag_run.run_id, dag_run.creating_job_id, dag_run.run_type, dag_run.trig
00:03:08.021|94|active||SELECT task_instance.id, task_instance.task_id, task_instance.dag_id, task_instance.run_id, task_instance.map_index, task_instance.start_date, task_instance.end_date, task_instance.duration, task_inst
00:03:08.021|1057|active||select count(*) from task_instance where dag_id='bench_flat_empty' and run_id='flat_empty_100000_1790726384' and map_index>=0
00:03:08.649|94|idle in transaction|Client|SELECT task_instance.id, task_instance.task_id, task_instance.dag_id, task_instance.run_id, task_instance.map_index, task_instance.start_date, task_instance.end_date, task_instance.duration, task_inst
00:03:09.207|94|idle in transaction|Client|SELECT dag_run.id, dag_run.dag_id, dag_run.queued_at, dag_run.logical_date, dag_run.start_date, dag_run.end_date, dag_run.state, dag_run.run_id, dag_run.creating_job_id, dag_run.run_type, dag_run.trig
00:03:09.789|94|idle in transaction|Client|SELECT dag_run.id, dag_run.dag_id, dag_run.queued_at, dag_run.logical_date, dag_run.start_date, dag_run.end_date, dag_run.state, dag_run.run_id, dag_run.creating_job_id, dag_run.run_type, dag_run.trig
00:03:10.351|94|active||SELECT dag_run.id, dag_run.dag_id, dag_run.queued_at, dag_run.logical_date, dag_run.start_date, dag_run.end_date, dag_run.state, dag_run.run_id, dag_run.creating_job_id, dag_run.run_type, dag_run.trig
00:03:10.909|94|idle in transaction|Client|SELECT task_instance.id, task_instance.task_id, task_instance.dag_id, task_instance.run_id, task_instance.map_index, task_instance.start_date, task_instance.end_date, task_instance.duration, task_inst
00:03:11.498|94|idle in transaction|Client|SELECT task_instance.id, task_instance.task_id, task_instance.dag_id, task_instance.run_id, task_instance.map_index, task_instance.start_date, task_instance.end_date, task_instance.duration, task_inst
00:03:12.079|94|idle in transaction||SELECT task_instance.id, task_instance.task_id, task_instance.dag_id, task_instance.run_id, task_instance.map_index, task_instance.start_date, task_instance.end_date, task_instance.duration, task_inst
00:03:12.690|94|idle in transaction|Client|SELECT task_instance.id, task_instance.task_id, task_instance.dag_id, task_instance.run_id, task_instance.map_index, task_instance.start_date, task_instance.end_date, task_instance.duration, task_inst
00:03:13.289|94|idle in transaction|Client|SELECT task_instance.id, task_instance.task_id, task_instance.dag_id, task_instance.run_id, task_instance.map_index, task_instance.start_date, task_instance.end_date, task_instance.duration, task_inst
00:03:13.871|94|idle in transaction|Client|SELECT task_instance.id, task_instance.task_id, task_instance.dag_id, task_instance.run_id, task_instance.map_index, task_instance.start_date, task_instance.end_date, task_instance.duration, task_inst
00:03:14.483|94|idle in transaction|Client|SELECT dag_run.id, dag_run.dag_id, dag_run.queued_at, dag_run.logical_date, dag_run.start_date, dag_run.end_date, dag_run.state, dag_run.run_id, dag_run.creating_job_id, dag_run.run_type, dag_run.trig
00:03:15.079|95|idle in transaction|Client|BEGIN
00:03:15.079|94|idle in transaction|Client|SELECT dag_run.id, dag_run.dag_id, dag_run.queued_at, dag_run.logical_date, dag_run.start_date, dag_run.end_date, dag_run.state, dag_run.run_id, dag_run.creating_job_id, dag_run.run_type, dag_run.trig
00:03:15.642|94|idle in transaction|Client|SELECT dag_run.id, dag_run.dag_id, dag_run.queued_at, dag_run.logical_date, dag_run.start_date, dag_run.end_date, dag_run.state, dag_run.run_id, dag_run.creating_job_id, dag_run.run_type, dag_run.trig
00:03:16.210|94|idle in transaction|Client|SELECT task_instance.id, task_instance.task_id, task_instance.dag_id, task_instance.run_id, task_instance.map_index, task_instance.start_date, task_instance.end_date, task_instance.duration, task_inst
00:03:16.766|94|idle in transaction|Client|SELECT dag_run.id, dag_run.dag_id, dag_run.queued_at, dag_run.logical_date, dag_run.start_date, dag_run.end_date, dag_run.state, dag_run.run_id, dag_run.creating_job_id, dag_run.run_type, dag_run.trig
00:03:17.361|94|idle in transaction|Client|SELECT dag_run.id, dag_run.dag_id, dag_run.queued_at, dag_run.logical_date, dag_run.start_date, dag_run.end_date, dag_run.state, dag_run.run_id, dag_run.creating_job_id, dag_run.run_type, dag_run.trig
00:03:17.931|94|idle in transaction|Client|SELECT dag_run.id, dag_run.dag_id, dag_run.queued_at, dag_run.logical_date, dag_run.start_date, dag_run.end_date, dag_run.state, dag_run.run_id, dag_run.creating_job_id, dag_run.run_type, dag_run.trig
00:03:18.546|94|idle in transaction|Client|SELECT task_instance.id, task_instance.task_id, task_instance.dag_id, task_instance.run_id, task_instance.map_index, task_instance.start_date, task_instance.end_date, task_instance.duration, task_inst
00:03:19.135|94|idle in transaction|Client|SELECT dag_run.id, dag_run.dag_id, dag_run.queued_at, dag_run.logical_date, dag_run.start_date, dag_run.end_date, dag_run.state, dag_run.run_id, dag_run.creating_job_id, dag_run.run_type, dag_run.trig
00:03:19.743|94|idle in transaction|Client|SELECT task_instance.id, task_instance.task_id, task_instance.dag_id, task_instance.run_id, task_instance.map_index, task_instance.start_date, task_instance.end_date, task_instance.duration, task_inst
00:03:20.319|94|idle in transaction|Client|SELECT dag_run.id, dag_run.dag_id, dag_run.queued_at, dag_run.logical_date, dag_run.start_date, dag_run.end_date, dag_run.state, dag_run.run_id, dag_run.creating_job_id, dag_run.run_type, dag_run.trig
00:03:20.927|94|idle in transaction|Client|SELECT dag_run.id, dag_run.dag_id, dag_run.queued_at, dag_run.logical_date, dag_run.start_date, dag_run.end_date, dag_run.state, dag_run.run_id, dag_run.creating_job_id, dag_run.run_type, dag_run.trig
00:03:21.483|94|idle in transaction|Client|SELECT task_instance.id, task_instance.task_id, task_instance.dag_id, task_instance.run_id, task_instance.map_index, task_instance.start_date, task_instance.end_date, task_instance.duration, task_inst
00:03:22.044|94|idle in transaction|Client|SELECT task_instance.id, task_instance.task_id, task_instance.dag_id, task_instance.run_id, task_instance.map_index, task_instance.start_date, task_instance.end_date, task_instance.duration, task_inst
00:03:22.630|94|idle in transaction|Client|SELECT task_instance.id, task_instance.task_id, task_instance.dag_id, task_instance.run_id, task_instance.map_index, task_instance.start_date, task_instance.end_date, task_instance.duration, task_inst
00:03:23.191|94|idle in transaction|Client|SELECT dag_run.id, dag_run.dag_id, dag_run.queued_at, dag_run.logical_date, dag_run.start_date, dag_run.end_date, dag_run.state, dag_run.run_id, dag_run.creating_job_id, dag_run.run_type, dag_run.trig
00:03:23.792|94|idle in transaction|Client|SELECT dag_run.id, dag_run.dag_id, dag_run.queued_at, dag_run.logical_date, dag_run.start_date, dag_run.end_date, dag_run.state, dag_run.run_id, dag_run.creating_job_id, dag_run.run_type, dag_run.trig
00:03:24.362|94|idle in transaction|Client|SELECT dag_run.id, dag_run.dag_id, dag_run.queued_at, dag_run.logical_date, dag_run.start_date, dag_run.end_date, dag_run.state, dag_run.run_id, dag_run.creating_job_id, dag_run.run_type, dag_run.trig
00:03:24.964|94|active||SELECT task_instance.id, task_instance.task_id, task_instance.dag_id, task_instance.run_id, task_instance.map_index, task_instance.start_date, task_instance.end_date, task_instance.duration, task_inst
00:03:25.534|94|idle in transaction|Client|SELECT task_instance.id, task_instance.task_id, task_instance.dag_id, task_instance.run_id, task_instance.map_index, task_instance.start_date, task_instance.end_date, task_instance.duration, task_inst
00:03:26.102|94|idle in transaction|Client|SELECT dag_run.id, dag_run.dag_id, dag_run.queued_at, dag_run.logical_date, dag_run.start_date, dag_run.end_date, dag_run.state, dag_run.run_id, dag_run.creating_job_id, dag_run.run_type, dag_run.trig
00:03:26.680|94|idle in transaction|Client|SELECT task_instance.id, task_instance.task_id, task_instance.dag_id, task_instance.run_id, task_instance.map_index, task_instance.start_date, task_instance.end_date, task_instance.duration, task_inst
00:03:27.245|94|idle in transaction|Client|SELECT task_instance.id, task_instance.task_id, task_instance.dag_id, task_instance.run_id, task_instance.map_index, task_instance.start_date, task_instance.end_date, task_instance.duration, task_inst
00:03:27.245|1057|active||select count(*) from task_instance where dag_id='bench_flat_empty' and run_id='flat_empty_100000_1790726384' and map_index>=0
00:03:27.816|94|idle in transaction|Client|SELECT task_instance.id, task_instance.task_id, task_instance.dag_id, task_instance.run_id, task_instance.map_index, task_instance.start_date, task_instance.end_date, task_instance.duration, task_inst
00:03:28.387|94|active||SELECT task_instance.id, task_instance.task_id, task_instance.dag_id, task_instance.run_id, task_instance.map_index, task_instance.start_date, task_instance.end_date, task_instance.duration, task_inst
00:03:28.964|94|idle in transaction|Client|SELECT dag_run.id, dag_run.dag_id, dag_run.queued_at, dag_run.logical_date, dag_run.start_date, dag_run.end_date, dag_run.state, dag_run.run_id, dag_run.creating_job_id, dag_run.run_type, dag_run.trig
00:03:29.523|94|idle in transaction|Client|SELECT dag_run.id, dag_run.dag_id, dag_run.queued_at, dag_run.logical_date, dag_run.start_date, dag_run.end_date, dag_run.state, dag_run.run_id, dag_run.creating_job_id, dag_run.run_type, dag_run.trig
00:03:30.088|94|idle in transaction|Client|SELECT task_instance.id, task_instance.task_id, task_instance.dag_id, task_instance.run_id, task_instance.map_index, task_instance.start_date, task_instance.end_date, task_instance.duration, task_inst
00:03:30.647|94|idle in transaction|Client|SELECT dag_run.id, dag_run.dag_id, dag_run.queued_at, dag_run.logical_date, dag_run.start_date, dag_run.end_date, dag_run.state, dag_run.run_id, dag_run.creating_job_id, dag_run.run_type, dag_run.trig
00:03:31.208|94|idle in transaction|Client|SELECT dag_run.id, dag_run.dag_id, dag_run.queued_at, dag_run.logical_date, dag_run.start_date, dag_run.end_date, dag_run.state, dag_run.run_id, dag_run.creating_job_id, dag_run.run_type, dag_run.trig
00:03:31.764|94|active||SELECT task_instance.id, task_instance.task_id, task_instance.dag_id, task_instance.run_id, task_instance.map_index, task_instance.start_date, task_instance.end_date, task_instance.duration, task_inst
00:03:32.344|94|active||SELECT task_instance.id, task_instance.task_id, task_instance.dag_id, task_instance.run_id, task_instance.map_index, task_instance.start_date, task_instance.end_date, task_instance.duration, task_inst
00:03:32.905|94|idle in transaction|Client|SELECT task_instance.id, task_instance.task_id, task_instance.dag_id, task_instance.run_id, task_instance.map_index, task_instance.start_date, task_instance.end_date, task_instance.duration, task_inst
00:03:33.461|94|idle in transaction|Client|SELECT task_instance.id, task_instance.task_id, task_instance.dag_id, task_instance.run_id, task_instance.map_index, task_instance.start_date, task_instance.end_date, task_instance.duration, task_inst
00:03:34.063|94|idle in transaction|Client|SELECT dag_run.id, dag_run.dag_id, dag_run.queued_at, dag_run.logical_date, dag_run.start_date, dag_run.end_date, dag_run.state, dag_run.run_id, dag_run.creating_job_id, dag_run.run_type, dag_run.trig
00:03:34.670|94|idle in transaction|Client|SELECT task_instance.id, task_instance.task_id, task_instance.dag_id, task_instance.run_id, task_instance.map_index, task_instance.start_date, task_instance.end_date, task_instance.duration, task_inst
00:03:35.259|94|idle in transaction|Client|SELECT task_instance.id, task_instance.task_id, task_instance.dag_id, task_instance.run_id, task_instance.map_index, task_instance.start_date, task_instance.end_date, task_instance.duration, task_inst
00:03:35.816|94|active||SELECT dag_run.id, dag_run.dag_id, dag_run.queued_at, dag_run.logical_date, dag_run.start_date, dag_run.end_date, dag_run.state, dag_run.run_id, dag_run.creating_job_id, dag_run.run_type, dag_run.trig
00:03:36.387|94|idle in transaction|Client|SELECT task_instance.id, task_instance.task_id, task_instance.dag_id, task_instance.run_id, task_instance.map_index, task_instance.start_date, task_instance.end_date, task_instance.duration, task_inst
00:03:36.947|94|idle in transaction|Client|SELECT dag_run.id, dag_run.dag_id, dag_run.queued_at, dag_run.logical_date, dag_run.start_date, dag_run.end_date, dag_run.state, dag_run.run_id, dag_run.creating_job_id, dag_run.run_type, dag_run.trig
00:03:37.535|94|idle in transaction|Client|SELECT dag_run.id, dag_run.dag_id, dag_run.queued_at, dag_run.logical_date, dag_run.start_date, dag_run.end_date, dag_run.state, dag_run.run_id, dag_run.creating_job_id, dag_run.run_type, dag_run.trig
00:03:38.114|94|idle in transaction|Client|SELECT dag_run.id, dag_run.dag_id, dag_run.queued_at, dag_run.logical_date, dag_run.start_date, dag_run.end_date, dag_run.state, dag_run.run_id, dag_run.creating_job_id, dag_run.run_type, dag_run.trig
00:03:38.684|94|idle in transaction|Client|SELECT dag_run.id, dag_run.dag_id, dag_run.queued_at, dag_run.logical_date, dag_run.start_date, dag_run.end_date, dag_run.state, dag_run.run_id, dag_run.creating_job_id, dag_run.run_type, dag_run.trig
00:03:39.252|94|idle in transaction|Client|SELECT dag_run.id, dag_run.dag_id, dag_run.queued_at, dag_run.logical_date, dag_run.start_date, dag_run.end_date, dag_run.state, dag_run.run_id, dag_run.creating_job_id, dag_run.run_type, dag_run.trig
00:03:39.861|94|idle in transaction|Client|SELECT task_instance.id, task_instance.task_id, task_instance.dag_id, task_instance.run_id, task_instance.map_index, task_instance.start_date, task_instance.end_date, task_instance.duration, task_inst
00:03:40.442|94|active||SELECT dag_run.id, dag_run.dag_id, dag_run.queued_at, dag_run.logical_date, dag_run.start_date, dag_run.end_date, dag_run.state, dag_run.run_id, dag_run.creating_job_id, dag_run.run_type, dag_run.trig
00:03:41.034|94|idle in transaction||SELECT dag_run.id, dag_run.dag_id, dag_run.queued_at, dag_run.logical_date, dag_run.start_date, dag_run.end_date, dag_run.state, dag_run.run_id, dag_run.creating_job_id, dag_run.run_type, dag_run.trig
00:03:41.592|94|idle in transaction|Client|SELECT dag_run.id, dag_run.dag_id, dag_run.queued_at, dag_run.logical_date, dag_run.start_date, dag_run.end_date, dag_run.state, dag_run.run_id, dag_run.creating_job_id, dag_run.run_type, dag_run.trig
00:03:42.173|94|idle in transaction|Client|SELECT dag_run.id, dag_run.dag_id, dag_run.queued_at, dag_run.logical_date, dag_run.start_date, dag_run.end_date, dag_run.state, dag_run.run_id, dag_run.creating_job_id, dag_run.run_type, dag_run.trig
00:03:42.759|94|idle in transaction|Client|SELECT task_instance.id, task_instance.task_id, task_instance.dag_id, task_instance.run_id, task_instance.map_index, task_instance.start_date, task_instance.end_date, task_instance.duration, task_inst
00:03:43.340|94|idle in transaction||SELECT task_instance.id, task_instance.task_id, task_instance.dag_id, task_instance.run_id, task_instance.map_index, task_instance.start_date, task_instance.end_date, task_instance.duration, task_inst
00:03:43.952|94|idle in transaction|Client|SELECT dag_run.id, dag_run.dag_id, dag_run.queued_at, dag_run.logical_date, dag_run.start_date, dag_run.end_date, dag_run.state, dag_run.run_id, dag_run.creating_job_id, dag_run.run_type, dag_run.trig
00:03:44.544|94|idle in transaction|Client|SELECT dag_run.id, dag_run.dag_id, dag_run.queued_at, dag_run.logical_date, dag_run.start_date, dag_run.end_date, dag_run.state, dag_run.run_id, dag_run.creating_job_id, dag_run.run_type, dag_run.trig
00:03:45.128|94|idle in transaction|Client|SELECT dag_run.id, dag_run.dag_id, dag_run.queued_at, dag_run.logical_date, dag_run.start_date, dag_run.end_date, dag_run.state, dag_run.run_id, dag_run.creating_job_id, dag_run.run_type, dag_run.trig
00:03:45.707|94|idle in transaction|Client|SELECT dag_run.id, dag_run.dag_id, dag_run.queued_at, dag_run.logical_date, dag_run.start_date, dag_run.end_date, dag_run.state, dag_run.run_id, dag_run.creating_job_id, dag_run.run_type, dag_run.trig
00:03:46.315|94|idle in transaction||SELECT dag_run.id, dag_run.dag_id, dag_run.queued_at, dag_run.logical_date, dag_run.start_date, dag_run.end_date, dag_run.state, dag_run.run_id, dag_run.creating_job_id, dag_run.run_type, dag_run.trig
00:03:46.904|94|active||SELECT dag_run.id, dag_run.dag_id, dag_run.queued_at, dag_run.logical_date, dag_run.start_date, dag_run.end_date, dag_run.state, dag_run.run_id, dag_run.creating_job_id, dag_run.run_type, dag_run.trig
00:03:47.473|94|idle in transaction|Client|SELECT task_instance.id, task_instance.task_id, task_instance.dag_id, task_instance.run_id, task_instance.map_index, task_instance.start_date, task_instance.end_date, task_instance.duration, task_inst
00:03:48.070|94|active|Client|SELECT task_instance.id, task_instance.task_id, task_instance.dag_id, task_instance.run_id, task_instance.map_index, task_instance.start_date, task_instance.end_date, task_instance.duration, task_inst
00:03:48.676|94|idle in transaction|Client|SELECT dag_run.id, dag_run.dag_id, dag_run.queued_at, dag_run.logical_date, dag_run.start_date, dag_run.end_date, dag_run.state, dag_run.run_id, dag_run.creating_job_id, dag_run.run_type, dag_run.trig
00:03:49.264|94|idle in transaction|Client|SELECT dag_run.id, dag_run.dag_id, dag_run.queued_at, dag_run.logical_date, dag_run.start_date, dag_run.end_date, dag_run.state, dag_run.run_id, dag_run.creating_job_id, dag_run.run_type, dag_run.trig
00:03:49.840|94|idle in transaction|Client|SELECT dag_run.id, dag_run.dag_id, dag_run.queued_at, dag_run.logical_date, dag_run.start_date, dag_run.end_date, dag_run.state, dag_run.run_id, dag_run.creating_job_id, dag_run.run_type, dag_run.trig
00:03:50.504|94|idle in transaction|Client|SELECT task_instance.id, task_instance.task_id, task_instance.dag_id, task_instance.run_id, task_instance.map_index, task_instance.start_date, task_instance.end_date, task_instance.duration, task_inst
00:03:51.131|94|idle in transaction|Client|SELECT dag_run.id, dag_run.dag_id, dag_run.queued_at, dag_run.logical_date, dag_run.start_date, dag_run.end_date, dag_run.state, dag_run.run_id, dag_run.creating_job_id, dag_run.run_type, dag_run.trig
00:03:51.700|94|idle in transaction|Client|SELECT task_instance.id, task_instance.task_id, task_instance.dag_id, task_instance.run_id, task_instance.map_index, task_instance.start_date, task_instance.end_date, task_instance.duration, task_inst
00:03:52.267|94|idle in transaction|Client|SELECT dag_run.id, dag_run.dag_id, dag_run.queued_at, dag_run.logical_date, dag_run.start_date, dag_run.end_date, dag_run.state, dag_run.run_id, dag_run.creating_job_id, dag_run.run_type, dag_run.trig
00:03:52.829|94|idle in transaction|Client|SELECT task_instance.id, task_instance.task_id, task_instance.dag_id, task_instance.run_id, task_instance.map_index, task_instance.start_date, task_instance.end_date, task_instance.duration, task_inst
00:03:53.412|94|active||SELECT task_instance.id, task_instance.task_id, task_instance.dag_id, task_instance.run_id, task_instance.map_index, task_instance.start_date, task_instance.end_date, task_instance.duration, task_inst
00:03:53.975|94|idle in transaction|Client|SELECT dag_run.id, dag_run.dag_id, dag_run.queued_at, dag_run.logical_date, dag_run.start_date, dag_run.end_date, dag_run.state, dag_run.run_id, dag_run.creating_job_id, dag_run.run_type, dag_run.trig
00:03:54.553|94|idle in transaction|Client|SELECT task_instance.id, task_instance.task_id, task_instance.dag_id, task_instance.run_id, task_instance.map_index, task_instance.start_date, task_instance.end_date, task_instance.duration, task_inst
00:03:55.138|94|idle in transaction|Client|SELECT task_instance.id, task_instance.task_id, task_instance.dag_id, task_instance.run_id, task_instance.map_index, task_instance.start_date, task_instance.end_date, task_instance.duration, task_inst
00:03:55.723|94|idle in transaction|Client|SELECT task_instance.id, task_instance.task_id, task_instance.dag_id, task_instance.run_id, task_instance.map_index, task_instance.start_date, task_instance.end_date, task_instance.duration, task_inst
00:03:56.303|94|idle in transaction||SELECT dag_run.id, dag_run.dag_id, dag_run.queued_at, dag_run.logical_date, dag_run.start_date, dag_run.end_date, dag_run.state, dag_run.run_id, dag_run.creating_job_id, dag_run.run_type, dag_run.trig
00:03:56.874|94|idle in transaction|Client|SELECT dag_run.id, dag_run.dag_id, dag_run.queued_at, dag_run.logical_date, dag_run.start_date, dag_run.end_date, dag_run.state, dag_run.run_id, dag_run.creating_job_id, dag_run.run_type, dag_run.trig
00:03:57.436|94|active||SELECT dag_run.id, dag_run.dag_id, dag_run.queued_at, dag_run.logical_date, dag_run.start_date, dag_run.end_date, dag_run.state, dag_run.run_id, dag_run.creating_job_id, dag_run.run_type, dag_run.trig
00:03:57.992|94|idle in transaction|Client|SELECT dag_run.id, dag_run.dag_id, dag_run.queued_at, dag_run.logical_date, dag_run.start_date, dag_run.end_date, dag_run.state, dag_run.run_id, dag_run.creating_job_id, dag_run.run_type, dag_run.trig
00:03:58.552|94|idle in transaction|Client|SELECT task_instance.id, task_instance.task_id, task_instance.dag_id, task_instance.run_id, task_instance.map_index, task_instance.start_date, task_instance.end_date, task_instance.duration, task_inst
00:03:59.117|94|idle in transaction|Client|SELECT dag_run.id, dag_run.dag_id, dag_run.queued_at, dag_run.logical_date, dag_run.start_date, dag_run.end_date, dag_run.state, dag_run.run_id, dag_run.creating_job_id, dag_run.run_type, dag_run.trig
00:03:59.702|94|idle in transaction|Client|SELECT dag_run.id, dag_run.dag_id, dag_run.queued_at, dag_run.logical_date, dag_run.start_date, dag_run.end_date, dag_run.state, dag_run.run_id, dag_run.creating_job_id, dag_run.run_type, dag_run.trig
00:04:00.271|94|idle in transaction|Client|SELECT task_instance.id, task_instance.task_id, task_instance.dag_id, task_instance.run_id, task_instance.map_index, task_instance.start_date, task_instance.end_date, task_instance.duration, task_inst
00:04:00.869|94|idle in transaction|Client|SELECT task_instance.id, task_instance.task_id, task_instance.dag_id, task_instance.run_id, task_instance.map_index, task_instance.start_date, task_instance.end_date, task_instance.duration, task_inst
00:04:01.446|94|active||SELECT task_instance.id, task_instance.task_id, task_instance.dag_id, task_instance.run_id, task_instance.map_index, task_instance.start_date, task_instance.end_date, task_instance.duration, task_inst
00:04:02.030|94|idle in transaction|Client|SELECT task_instance.id, task_instance.task_id, task_instance.dag_id, task_instance.run_id, task_instance.map_index, task_instance.start_date, task_instance.end_date, task_instance.duration, task_inst
00:04:02.592|94|idle in transaction|Client|SELECT dag_run.id, dag_run.dag_id, dag_run.queued_at, dag_run.logical_date, dag_run.start_date, dag_run.end_date, dag_run.state, dag_run.run_id, dag_run.creating_job_id, dag_run.run_type, dag_run.trig
00:04:03.169|94|idle in transaction|Client|SELECT dag_run.id, dag_run.dag_id, dag_run.queued_at, dag_run.logical_date, dag_run.start_date, dag_run.end_date, dag_run.state, dag_run.run_id, dag_run.creating_job_id, dag_run.run_type, dag_run.trig
00:04:03.735|94|idle in transaction|Client|SELECT task_instance.id, task_instance.task_id, task_instance.dag_id, task_instance.run_id, task_instance.map_index, task_instance.start_date, task_instance.end_date, task_instance.duration, task_inst
00:04:04.311|94|idle in transaction|Client|SELECT dag_run.id, dag_run.dag_id, dag_run.queued_at, dag_run.logical_date, dag_run.start_date, dag_run.end_date, dag_run.state, dag_run.run_id, dag_run.creating_job_id, dag_run.run_type, dag_run.trig
00:04:04.895|94|idle in transaction|Client|SELECT task_instance.id, task_instance.task_id, task_instance.dag_id, task_instance.run_id, task_instance.map_index, task_instance.start_date, task_instance.end_date, task_instance.duration, task_inst
00:04:05.457|94|active||SELECT task_instance.id, task_instance.task_id, task_instance.dag_id, task_instance.run_id, task_instance.map_index, task_instance.start_date, task_instance.end_date, task_instance.duration, task_inst
00:04:06.026|94|idle in transaction|Client|SELECT task_instance.id, task_instance.task_id, task_instance.dag_id, task_instance.run_id, task_instance.map_index, task_instance.start_date, task_instance.end_date, task_instance.duration, task_inst
00:04:06.596|94|idle in transaction|Client|SELECT dag_run.id, dag_run.dag_id, dag_run.queued_at, dag_run.logical_date, dag_run.start_date, dag_run.end_date, dag_run.state, dag_run.run_id, dag_run.creating_job_id, dag_run.run_type, dag_run.trig
00:04:07.167|94|idle in transaction|Client|SELECT task_instance.id, task_instance.task_id, task_instance.dag_id, task_instance.run_id, task_instance.map_index, task_instance.start_date, task_instance.end_date, task_instance.duration, task_inst
00:04:07.746|94|idle in transaction|Client|SELECT task_instance.id, task_instance.task_id, task_instance.dag_id, task_instance.run_id, task_instance.map_index, task_instance.start_date, task_instance.end_date, task_instance.duration, task_inst
00:04:08.310|94|idle in transaction|Client|SELECT dag_run.id, dag_run.dag_id, dag_run.queued_at, dag_run.logical_date, dag_run.start_date, dag_run.end_date, dag_run.state, dag_run.run_id, dag_run.creating_job_id, dag_run.run_type, dag_run.trig
00:04:08.885|94|idle in transaction|Client|SELECT task_instance.id, task_instance.task_id, task_instance.dag_id, task_instance.run_id, task_instance.map_index, task_instance.start_date, task_instance.end_date, task_instance.duration, task_inst
00:04:09.449|94|idle in transaction|Client|SELECT dag_run.id, dag_run.dag_id, dag_run.queued_at, dag_run.logical_date, dag_run.start_date, dag_run.end_date, dag_run.state, dag_run.run_id, dag_run.creating_job_id, dag_run.run_type, dag_run.trig
00:04:10.010|94|idle in transaction|Client|SELECT task_instance.id, task_instance.task_id, task_instance.dag_id, task_instance.run_id, task_instance.map_index, task_instance.start_date, task_instance.end_date, task_instance.duration, task_inst
00:04:10.572|94|idle in transaction|Client|SELECT dag_run.id, dag_run.dag_id, dag_run.queued_at, dag_run.logical_date, dag_run.start_date, dag_run.end_date, dag_run.state, dag_run.run_id, dag_run.creating_job_id, dag_run.run_type, dag_run.trig
00:04:11.142|94|idle in transaction|Client|SELECT task_instance.id, task_instance.task_id, task_instance.dag_id, task_instance.run_id, task_instance.map_index, task_instance.start_date, task_instance.end_date, task_instance.duration, task_inst
00:04:11.719|94|idle in transaction|Client|SELECT dag_run.id, dag_run.dag_id, dag_run.queued_at, dag_run.logical_date, dag_run.start_date, dag_run.end_date, dag_run.state, dag_run.run_id, dag_run.creating_job_id, dag_run.run_type, dag_run.trig
00:04:12.284|94|idle in transaction|Client|SELECT dag_run.id, dag_run.dag_id, dag_run.queued_at, dag_run.logical_date, dag_run.start_date, dag_run.end_date, dag_run.state, dag_run.run_id, dag_run.creating_job_id, dag_run.run_type, dag_run.trig
00:04:12.858|94|idle in transaction|Client|SELECT dag_run.id, dag_run.dag_id, dag_run.queued_at, dag_run.logical_date, dag_run.start_date, dag_run.end_date, dag_run.state, dag_run.run_id, dag_run.creating_job_id, dag_run.run_type, dag_run.trig
00:04:13.450|94|idle in transaction|Client|SELECT task_instance.id, task_instance.task_id, task_instance.dag_id, task_instance.run_id, task_instance.map_index, task_instance.start_date, task_instance.end_date, task_instance.duration, task_inst
00:04:14.032|94|idle in transaction|Client|SELECT dag_run.id, dag_run.dag_id, dag_run.queued_at, dag_run.logical_date, dag_run.start_date, dag_run.end_date, dag_run.state, dag_run.run_id, dag_run.creating_job_id, dag_run.run_type, dag_run.trig
00:04:14.606|94|idle in transaction|Client|SELECT task_instance.id, task_instance.task_id, task_instance.dag_id, task_instance.run_id, task_instance.map_index, task_instance.start_date, task_instance.end_date, task_instance.duration, task_inst
00:04:15.180|94|idle in transaction|Client|SELECT dag_run.id, dag_run.dag_id, dag_run.queued_at, dag_run.logical_date, dag_run.start_date, dag_run.end_date, dag_run.state, dag_run.run_id, dag_run.creating_job_id, dag_run.run_type, dag_run.trig
00:04:15.757|94|idle in transaction|Client|SELECT task_instance.id, task_instance.task_id, task_instance.dag_id, task_instance.run_id, task_instance.map_index, task_instance.start_date, task_instance.end_date, task_instance.duration, task_inst
00:04:16.319|94|idle in transaction|Client|SELECT dag_run.id, dag_run.dag_id, dag_run.queued_at, dag_run.logical_date, dag_run.start_date, dag_run.end_date, dag_run.state, dag_run.run_id, dag_run.creating_job_id, dag_run.run_type, dag_run.trig
00:04:16.892|94|idle in transaction|Client|SELECT task_instance.id, task_instance.task_id, task_instance.dag_id, task_instance.run_id, task_instance.map_index, task_instance.start_date, task_instance.end_date, task_instance.duration, task_inst
00:04:17.457|94|idle in transaction|Client|SELECT dag_run.id, dag_run.dag_id, dag_run.queued_at, dag_run.logical_date, dag_run.start_date, dag_run.end_date, dag_run.state, dag_run.run_id, dag_run.creating_job_id, dag_run.run_type, dag_run.trig
00:04:18.040|94|idle in transaction|Client|SELECT dag_run.id, dag_run.dag_id, dag_run.queued_at, dag_run.logical_date, dag_run.start_date, dag_run.end_date, dag_run.state, dag_run.run_id, dag_run.creating_job_id, dag_run.run_type, dag_run.trig
00:04:18.613|94|idle in transaction|Client|SELECT dag_run.id, dag_run.dag_id, dag_run.queued_at, dag_run.logical_date, dag_run.start_date, dag_run.end_date, dag_run.state, dag_run.run_id, dag_run.creating_job_id, dag_run.run_type, dag_run.trig
00:04:19.202|94|idle in transaction|Client|SELECT task_instance.id, task_instance.task_id, task_instance.dag_id, task_instance.run_id, task_instance.map_index, task_instance.start_date, task_instance.end_date, task_instance.duration, task_inst
00:04:19.202|1057|active||select coalesce(state,'none'), count(*) from task_instance where dag_id='bench_flat_empty' and run_id='flat_empty_100000_1790726384' group by 1
00:04:19.800|94|idle in transaction|Client|SELECT dag_run.id, dag_run.dag_id, dag_run.queued_at, dag_run.logical_date, dag_run.start_date, dag_run.end_date, dag_run.state, dag_run.run_id, dag_run.creating_job_id, dag_run.run_type, dag_run.trig
00:04:20.361|94|idle in transaction|Client|SELECT task_instance.id, task_instance.task_id, task_instance.dag_id, task_instance.run_id, task_instance.map_index, task_instance.start_date, task_instance.end_date, task_instance.duration, task_inst
00:04:20.931|94|active|Client|SELECT task_instance.id, task_instance.task_id, task_instance.dag_id, task_instance.run_id, task_instance.map_index, task_instance.start_date, task_instance.end_date, task_instance.duration, task_inst
00:04:21.493|94|idle in transaction|Client|SELECT dag_run.id, dag_run.dag_id, dag_run.queued_at, dag_run.logical_date, dag_run.start_date, dag_run.end_date, dag_run.state, dag_run.run_id, dag_run.creating_job_id, dag_run.run_type, dag_run.trig
00:04:22.069|94|idle in transaction|Client|SELECT dag_run.id, dag_run.dag_id, dag_run.queued_at, dag_run.logical_date, dag_run.start_date, dag_run.end_date, dag_run.state, dag_run.run_id, dag_run.creating_job_id, dag_run.run_type, dag_run.trig
00:04:22.631|94|idle in transaction|Client|SELECT dag_run.id, dag_run.dag_id, dag_run.queued_at, dag_run.logical_date, dag_run.start_date, dag_run.end_date, dag_run.state, dag_run.run_id, dag_run.creating_job_id, dag_run.run_type, dag_run.trig
00:04:23.196|94|idle in transaction|Client|SELECT task_instance.id, task_instance.task_id, task_instance.dag_id, task_instance.run_id, task_instance.map_index, task_instance.start_date, task_instance.end_date, task_instance.duration, task_inst
00:04:23.774|94|active||SELECT task_instance.id, task_instance.task_id, task_instance.dag_id, task_instance.run_id, task_instance.map_index, task_instance.start_date, task_instance.end_date, task_instance.duration, task_inst
00:04:24.346|94|idle in transaction|Client|SELECT task_instance.id, task_instance.task_id, task_instance.dag_id, task_instance.run_id, task_instance.map_index, task_instance.start_date, task_instance.end_date, task_instance.duration, task_inst
00:04:24.921|94|idle in transaction|Client|SELECT dag_run.id, dag_run.dag_id, dag_run.queued_at, dag_run.logical_date, dag_run.start_date, dag_run.end_date, dag_run.state, dag_run.run_id, dag_run.creating_job_id, dag_run.run_type, dag_run.trig
00:04:25.523|94|idle in transaction|Client|SELECT dag_run.id, dag_run.dag_id, dag_run.queued_at, dag_run.logical_date, dag_run.start_date, dag_run.end_date, dag_run.state, dag_run.run_id, dag_run.creating_job_id, dag_run.run_type, dag_run.trig
00:04:25.523|1057|active||select coalesce(state,'none'), count(*) from task_instance where dag_id='bench_flat_empty' and run_id='flat_empty_100000_1790726384' group by 1
00:04:26.097|94|idle in transaction||SELECT dag_run.id, dag_run.dag_id, dag_run.queued_at, dag_run.logical_date, dag_run.start_date, dag_run.end_date, dag_run.state, dag_run.run_id, dag_run.creating_job_id, dag_run.run_type, dag_run.trig
00:04:26.664|94|idle in transaction|Client|SELECT task_instance.id, task_instance.task_id, task_instance.dag_id, task_instance.run_id, task_instance.map_index, task_instance.start_date, task_instance.end_date, task_instance.duration, task_inst
00:04:27.237|94|idle in transaction|Client|SELECT task_instance.id, task_instance.task_id, task_instance.dag_id, task_instance.run_id, task_instance.map_index, task_instance.start_date, task_instance.end_date, task_instance.duration, task_inst
00:04:27.799|94|active||SELECT task_instance.id, task_instance.task_id, task_instance.dag_id, task_instance.run_id, task_instance.map_index, task_instance.start_date, task_instance.end_date, task_instance.duration, task_inst
00:04:28.373|94|idle in transaction|Client|SELECT dag_run.id, dag_run.dag_id, dag_run.queued_at, dag_run.logical_date, dag_run.start_date, dag_run.end_date, dag_run.state, dag_run.run_id, dag_run.creating_job_id, dag_run.run_type, dag_run.trig
00:04:28.929|94|idle in transaction|Client|SELECT dag_run.id, dag_run.dag_id, dag_run.queued_at, dag_run.logical_date, dag_run.start_date, dag_run.end_date, dag_run.state, dag_run.run_id, dag_run.creating_job_id, dag_run.run_type, dag_run.trig
00:04:29.526|95|idle in transaction|Client|DELETE FROM dag_warning USING dag WHERE dag_warning.dag_id = dag.dag_id AND dag.is_stale = true
00:04:29.526|94|idle in transaction|Client|SELECT task_instance.id, task_instance.task_id, task_instance.dag_id, task_instance.run_id, task_instance.map_index, task_instance.start_date, task_instance.end_date, task_instance.duration, task_inst
00:04:30.098|94|idle in transaction|Client|SELECT task_instance.id, task_instance.task_id, task_instance.dag_id, task_instance.run_id, task_instance.map_index, task_instance.start_date, task_instance.end_date, task_instance.duration, task_inst
00:04:30.663|94|idle in transaction|Client|SELECT task_instance.id, task_instance.task_id, task_instance.dag_id, task_instance.run_id, task_instance.map_index, task_instance.start_date, task_instance.end_date, task_instance.duration, task_inst
00:04:31.273|94|idle in transaction|Client|SELECT task_instance.id, task_instance.task_id, task_instance.dag_id, task_instance.run_id, task_instance.map_index, task_instance.start_date, task_instance.end_date, task_instance.duration, task_inst
00:04:31.841|94|active|Client|SELECT task_instance.id, task_instance.task_id, task_instance.dag_id, task_instance.run_id, task_instance.map_index, task_instance.start_date, task_instance.end_date, task_instance.duration, task_inst
00:04:32.412|94|idle in transaction|Client|SELECT task_instance.id, task_instance.task_id, task_instance.dag_id, task_instance.run_id, task_instance.map_index, task_instance.start_date, task_instance.end_date, task_instance.duration, task_inst
00:04:33.056|94|idle in transaction|Client|SELECT task_instance.id, task_instance.task_id, task_instance.dag_id, task_instance.run_id, task_instance.map_index, task_instance.start_date, task_instance.end_date, task_instance.duration, task_inst
00:04:33.764|94|idle in transaction|Client|SELECT task_instance.id, task_instance.task_id, task_instance.dag_id, task_instance.run_id, task_instance.map_index, task_instance.start_date, task_instance.end_date, task_instance.duration, task_inst
00:04:34.413|94|idle in transaction|Client|SELECT task_instance.id, task_instance.task_id, task_instance.dag_id, task_instance.run_id, task_instance.map_index, task_instance.start_date, task_instance.end_date, task_instance.duration, task_inst
00:04:34.974|94|idle in transaction|Client|SELECT dag_run.id, dag_run.dag_id, dag_run.queued_at, dag_run.logical_date, dag_run.start_date, dag_run.end_date, dag_run.state, dag_run.run_id, dag_run.creating_job_id, dag_run.run_type, dag_run.trig
00:04:35.531|94|idle in transaction|Client|SELECT task_instance.id, task_instance.task_id, task_instance.dag_id, task_instance.run_id, task_instance.map_index, task_instance.start_date, task_instance.end_date, task_instance.duration, task_inst
00:04:36.103|94|idle in transaction|Client|SELECT dag_run.id, dag_run.dag_id, dag_run.queued_at, dag_run.logical_date, dag_run.start_date, dag_run.end_date, dag_run.state, dag_run.run_id, dag_run.creating_job_id, dag_run.run_type, dag_run.trig
00:04:36.668|94|idle in transaction|Client|SELECT task_instance.id, task_instance.task_id, task_instance.dag_id, task_instance.run_id, task_instance.map_index, task_instance.start_date, task_instance.end_date, task_instance.duration, task_inst
00:04:37.278|94|idle in transaction|Client|SELECT dag_run.id, dag_run.dag_id, dag_run.queued_at, dag_run.logical_date, dag_run.start_date, dag_run.end_date, dag_run.state, dag_run.run_id, dag_run.creating_job_id, dag_run.run_type, dag_run.trig
00:04:37.872|94|idle in transaction|Client|SELECT task_instance.id, task_instance.task_id, task_instance.dag_id, task_instance.run_id, task_instance.map_index, task_instance.start_date, task_instance.end_date, task_instance.duration, task_inst
00:04:38.434|94|idle in transaction|Client|SELECT task_instance.id, task_instance.task_id, task_instance.dag_id, task_instance.run_id, task_instance.map_index, task_instance.start_date, task_instance.end_date, task_instance.duration, task_inst
00:04:38.997|94|idle in transaction||SELECT task_instance.id, task_instance.task_id, task_instance.dag_id, task_instance.run_id, task_instance.map_index, task_instance.start_date, task_instance.end_date, task_instance.duration, task_inst
00:04:39.557|94|idle in transaction|Client|SELECT dag_run.id, dag_run.dag_id, dag_run.queued_at, dag_run.logical_date, dag_run.start_date, dag_run.end_date, dag_run.state, dag_run.run_id, dag_run.creating_job_id, dag_run.run_type, dag_run.trig
00:04:40.135|94|idle in transaction|Client|SELECT task_instance.id, task_instance.task_id, task_instance.dag_id, task_instance.run_id, task_instance.map_index, task_instance.start_date, task_instance.end_date, task_instance.duration, task_inst
00:04:40.704|94|idle in transaction|Client|SELECT task_instance.id, task_instance.task_id, task_instance.dag_id, task_instance.run_id, task_instance.map_index, task_instance.start_date, task_instance.end_date, task_instance.duration, task_inst
00:04:41.283|94|active|Client|SELECT task_instance.id, task_instance.task_id, task_instance.dag_id, task_instance.run_id, task_instance.map_index, task_instance.start_date, task_instance.end_date, task_instance.duration, task_inst
00:04:41.841|94|idle in transaction|Client|SELECT dag_run.id, dag_run.dag_id, dag_run.queued_at, dag_run.logical_date, dag_run.start_date, dag_run.end_date, dag_run.state, dag_run.run_id, dag_run.creating_job_id, dag_run.run_type, dag_run.trig
00:04:42.421|94|idle in transaction|Client|SELECT dag_run.id, dag_run.dag_id, dag_run.queued_at, dag_run.logical_date, dag_run.start_date, dag_run.end_date, dag_run.state, dag_run.run_id, dag_run.creating_job_id, dag_run.run_type, dag_run.trig
00:04:43.044|94|idle in transaction|Client|SELECT task_instance.id, task_instance.task_id, task_instance.dag_id, task_instance.run_id, task_instance.map_index, task_instance.start_date, task_instance.end_date, task_instance.duration, task_inst
00:04:43.630|94|active||SELECT dag_run.id, dag_run.dag_id, dag_run.queued_at, dag_run.logical_date, dag_run.start_date, dag_run.end_date, dag_run.state, dag_run.run_id, dag_run.creating_job_id, dag_run.run_type, dag_run.trig
00:04:44.193|94|idle in transaction|Client|SELECT task_instance.id, task_instance.task_id, task_instance.dag_id, task_instance.run_id, task_instance.map_index, task_instance.start_date, task_instance.end_date, task_instance.duration, task_inst
00:04:44.769|94|idle in transaction|Client|SELECT dag_run.id, dag_run.dag_id, dag_run.queued_at, dag_run.logical_date, dag_run.start_date, dag_run.end_date, dag_run.state, dag_run.run_id, dag_run.creating_job_id, dag_run.run_type, dag_run.trig
00:04:45.348|94|idle in transaction|Client|SELECT dag_run.id, dag_run.dag_id, dag_run.queued_at, dag_run.logical_date, dag_run.start_date, dag_run.end_date, dag_run.state, dag_run.run_id, dag_run.creating_job_id, dag_run.run_type, dag_run.trig
00:04:45.905|94|idle in transaction|Client|SELECT dag_run.id, dag_run.dag_id, dag_run.queued_at, dag_run.logical_date, dag_run.start_date, dag_run.end_date, dag_run.state, dag_run.run_id, dag_run.creating_job_id, dag_run.run_type, dag_run.trig
00:04:46.511|94|idle in transaction|Client|SELECT task_instance.id, task_instance.task_id, task_instance.dag_id, task_instance.run_id, task_instance.map_index, task_instance.start_date, task_instance.end_date, task_instance.duration, task_inst
00:04:47.082|94|idle in transaction|Client|SELECT dag_run.id, dag_run.dag_id, dag_run.queued_at, dag_run.logical_date, dag_run.start_date, dag_run.end_date, dag_run.state, dag_run.run_id, dag_run.creating_job_id, dag_run.run_type, dag_run.trig
00:04:47.657|94|idle in transaction|Client|SELECT dag_run.id, dag_run.dag_id, dag_run.queued_at, dag_run.logical_date, dag_run.start_date, dag_run.end_date, dag_run.state, dag_run.run_id, dag_run.creating_job_id, dag_run.run_type, dag_run.trig
00:04:48.222|94|idle in transaction|Client|SELECT dag_run.id, dag_run.dag_id, dag_run.queued_at, dag_run.logical_date, dag_run.start_date, dag_run.end_date, dag_run.state, dag_run.run_id, dag_run.creating_job_id, dag_run.run_type, dag_run.trig
00:04:48.816|94|active|Client|SELECT dag_run.id, dag_run.dag_id, dag_run.queued_at, dag_run.logical_date, dag_run.start_date, dag_run.end_date, dag_run.state, dag_run.run_id, dag_run.creating_job_id, dag_run.run_type, dag_run.trig
00:04:49.409|94|idle in transaction|Client|SELECT task_instance.id, task_instance.task_id, task_instance.dag_id, task_instance.run_id, task_instance.map_index, task_instance.start_date, task_instance.end_date, task_instance.duration, task_inst
00:04:50.159|94|idle in transaction|Client|SELECT dag_run.id, dag_run.dag_id, dag_run.queued_at, dag_run.logical_date, dag_run.start_date, dag_run.end_date, dag_run.state, dag_run.run_id, dag_run.creating_job_id, dag_run.run_type, dag_run.trig
00:04:50.159|1057|active||select coalesce(state,'none'), count(*) from task_instance where dag_id='bench_flat_empty' and run_id='flat_empty_100000_1790726384' group by 1
00:04:50.767|94|idle in transaction|Client|SELECT dag_run.id, dag_run.dag_id, dag_run.queued_at, dag_run.logical_date, dag_run.start_date, dag_run.end_date, dag_run.state, dag_run.run_id, dag_run.creating_job_id, dag_run.run_type, dag_run.trig
00:04:51.334|94|idle in transaction|Client|SELECT task_instance.id, task_instance.task_id, task_instance.dag_id, task_instance.run_id, task_instance.map_index, task_instance.start_date, task_instance.end_date, task_instance.duration, task_inst
00:04:51.902|94|idle in transaction|Client|SELECT task_instance.id, task_instance.task_id, task_instance.dag_id, task_instance.run_id, task_instance.map_index, task_instance.start_date, task_instance.end_date, task_instance.duration, task_inst
00:04:52.466|94|idle in transaction|Client|SELECT dag_run.id, dag_run.dag_id, dag_run.queued_at, dag_run.logical_date, dag_run.start_date, dag_run.end_date, dag_run.state, dag_run.run_id, dag_run.creating_job_id, dag_run.run_type, dag_run.trig
00:04:53.048|94|active||UPDATE task_instance SET start_date='2026-09-30T00:04:52.961797+00:00'::timestamptz, end_date='2026-09-30T00:04:52.961801+00:00'::timestamptz, duration=0, state='success', try_number=(task_instance.tr
00:04:53.645|94|active||UPDATE task_instance SET start_date='2026-09-30T00:04:53.568030+00:00'::timestamptz, end_date='2026-09-30T00:04:53.568035+00:00'::timestamptz, duration=0, state='success', try_number=(task_instance.tr
00:04:54.212|94|active||UPDATE task_instance SET start_date='2026-09-30T00:04:54.127554+00:00'::timestamptz, end_date='2026-09-30T00:04:54.127558+00:00'::timestamptz, duration=0, state='success', try_number=(task_instance.tr
00:04:54.797|94|active||UPDATE task_instance SET start_date='2026-09-30T00:04:54.712143+00:00'::timestamptz, end_date='2026-09-30T00:04:54.712148+00:00'::timestamptz, duration=0, state='success', try_number=(task_instance.tr
00:04:55.370|94|idle in transaction|Client|UPDATE task_instance SET start_date='2026-09-30T00:04:55.262559+00:00'::timestamptz, end_date='2026-09-30T00:04:55.262563+00:00'::timestamptz, duration=0, state='success', try_number=(task_instance.tr
00:04:55.945|94|active||UPDATE task_instance SET start_date='2026-09-30T00:04:55.866720+00:00'::timestamptz, end_date='2026-09-30T00:04:55.866724+00:00'::timestamptz, duration=0, state='success', try_number=(task_instance.tr
00:04:56.531|94|active||UPDATE task_instance SET start_date='2026-09-30T00:04:56.450780+00:00'::timestamptz, end_date='2026-09-30T00:04:56.450789+00:00'::timestamptz, duration=0, state='success', try_number=(task_instance.tr
00:04:57.182|94|active||UPDATE task_instance SET start_date='2026-09-30T00:04:57.103570+00:00'::timestamptz, end_date='2026-09-30T00:04:57.103579+00:00'::timestamptz, duration=0, state='success', try_number=(task_instance.tr
00:04:57.800|94|active||UPDATE task_instance SET start_date='2026-09-30T00:04:57.710253+00:00'::timestamptz, end_date='2026-09-30T00:04:57.710260+00:00'::timestamptz, duration=0, state='success', try_number=(task_instance.tr
00:04:58.380|94|active||UPDATE task_instance SET start_date='2026-09-30T00:04:58.286459+00:00'::timestamptz, end_date='2026-09-30T00:04:58.286469+00:00'::timestamptz, duration=0, state='success', try_number=(task_instance.tr
00:04:58.981|94|idle in transaction|Client|UPDATE task_instance SET start_date='2026-09-30T00:04:58.516570+00:00'::timestamptz, end_date='2026-09-30T00:04:58.516575+00:00'::timestamptz, duration=0, state='success', try_number=(task_instance.tr
00:05:00.218|94|active||SELECT task_instance.id, task_instance.task_id, task_instance.dag_id, task_instance.run_id, task_instance.map_index, task_instance.start_date, task_instance.end_date, task_instance.duration, task_inst
00:05:00.827|94|active||SELECT task_instance.id, task_instance.task_id, task_instance.dag_id, task_instance.run_id, task_instance.map_index, task_instance.start_date, task_instance.end_date, task_instance.duration, task_inst
00:05:01.479|94|idle in transaction|Client|SELECT task_instance.id, task_instance.task_id, task_instance.dag_id, task_instance.run_id, task_instance.map_index, task_instance.start_date, task_instance.end_date, task_instance.duration, task_inst
00:05:02.092|94|idle in transaction|Client|SELECT task_instance.id, task_instance.task_id, task_instance.dag_id, task_instance.run_id, task_instance.map_index, task_instance.start_date, task_instance.end_date, task_instance.duration, task_inst
00:05:02.854|94|idle in transaction|Client|SELECT task_instance.id, task_instance.task_id, task_instance.dag_id, task_instance.run_id, task_instance.map_index, task_instance.start_date, task_instance.end_date, task_instance.duration, task_inst
00:05:03.444|94|idle in transaction|Client|SELECT task_instance.id, task_instance.task_id, task_instance.dag_id, task_instance.run_id, task_instance.map_index, task_instance.start_date, task_instance.end_date, task_instance.duration, task_inst
00:05:04.125|94|idle in transaction|Client|SELECT task_instance.id, task_instance.task_id, task_instance.dag_id, task_instance.run_id, task_instance.map_index, task_instance.start_date, task_instance.end_date, task_instance.duration, task_inst
00:05:04.790|94|idle in transaction|Client|SELECT task_instance.id, task_instance.task_id, task_instance.dag_id, task_instance.run_id, task_instance.map_index, task_instance.start_date, task_instance.end_date, task_instance.duration, task_inst
00:05:05.399|94|idle in transaction|Client|SELECT task_instance.id, task_instance.task_id, task_instance.dag_id, task_instance.run_id, task_instance.map_index, task_instance.start_date, task_instance.end_date, task_instance.duration, task_inst
00:05:06.068|94|idle in transaction|Client|SELECT task_instance.id, task_instance.task_id, task_instance.dag_id, task_instance.run_id, task_instance.map_index, task_instance.start_date, task_instance.end_date, task_instance.duration, task_inst
00:05:06.745|94|idle in transaction|Client|SELECT task_instance.id, task_instance.task_id, task_instance.dag_id, task_instance.run_id, task_instance.map_index, task_instance.start_date, task_instance.end_date, task_instance.duration, task_inst
00:05:07.389|94|idle in transaction|Client|SELECT task_instance.id, task_instance.task_id, task_instance.dag_id, task_instance.run_id, task_instance.map_index, task_instance.start_date, task_instance.end_date, task_instance.duration, task_inst
00:05:08.027|94|idle in transaction|Client|SELECT task_instance.id, task_instance.task_id, task_instance.dag_id, task_instance.run_id, task_instance.map_index, task_instance.start_date, task_instance.end_date, task_instance.duration, task_inst
00:05:08.027|1057|active||select coalesce(state,'none'), count(*) from task_instance where dag_id='bench_flat_empty' and run_id='flat_empty_100000_1790726384' group by 1
00:05:08.642|94|idle in transaction|Client|SELECT task_instance.id, task_instance.task_id, task_instance.dag_id, task_instance.run_id, task_instance.map_index, task_instance.start_date, task_instance.end_date, task_instance.duration, task_inst
00:05:09.296|95|idle in transaction|Client|DELETE FROM import_error WHERE (import_error.bundle_name, import_error.filename) IN (('dags-folder', '_common.py'))
00:05:09.296|94|idle in transaction|Client|SELECT task_instance.id, task_instance.task_id, task_instance.dag_id, task_instance.run_id, task_instance.map_index, task_instance.start_date, task_instance.end_date, task_instance.duration, task_inst
00:05:09.910|94|idle in transaction|Client|SELECT task_instance.id, task_instance.task_id, task_instance.dag_id, task_instance.run_id, task_instance.map_index, task_instance.start_date, task_instance.end_date, task_instance.duration, task_inst
00:05:10.547|94|idle in transaction|Client|SELECT task_instance.id, task_instance.task_id, task_instance.dag_id, task_instance.run_id, task_instance.map_index, task_instance.start_date, task_instance.end_date, task_instance.duration, task_inst
00:05:11.264|94|idle in transaction|Client|SELECT task_instance.id, task_instance.task_id, task_instance.dag_id, task_instance.run_id, task_instance.map_index, task_instance.start_date, task_instance.end_date, task_instance.duration, task_inst
00:05:11.912|94|idle in transaction|Client|SELECT task_instance.id, task_instance.task_id, task_instance.dag_id, task_instance.run_id, task_instance.map_index, task_instance.start_date, task_instance.end_date, task_instance.duration, task_inst
00:05:12.529|94|idle in transaction|Client|UPDATE dag_run SET end_date='2026-09-30T00:05:12.291888+00:00'::timestamptz, state='success', last_scheduling_decision='2026-09-30T00:04:59.912310+00:00'::timestamptz, updated_at='2026-09-30T00:05:12.
00:05:14.323|94|idle in transaction||SELECT serialized_dag.id, serialized_dag.dag_id, serialized_dag.data, serialized_dag.data_compressed, serialized_dag.created_at, serialized_dag.last_updated, serialized_dag.dag_hash, serialized_dag.da
00:05:14.913|5014|active||SELECT task_instance.id AS task_instance_id, task_instance.task_id AS task_instance_task_id, task_instance.dag_id AS task_instance_dag_id, task_instance.run_id AS task_instance_run_id, task_instance.m
00:05:15.556|5014|idle in transaction|Client|SELECT task_instance.id AS task_instance_id, task_instance.task_id AS task_instance_task_id, task_instance.dag_id AS task_instance_dag_id, task_instance.run_id AS task_instance_run_id, task_instance.m
00:05:16.148|5014|idle in transaction|Client|SELECT task_instance.id AS task_instance_id, task_instance.task_id AS task_instance_task_id, task_instance.dag_id AS task_instance_dag_id, task_instance.run_id AS task_instance_run_id, task_instance.m
00:05:16.812|5014|idle in transaction|Client|SELECT task_instance.id AS task_instance_id, task_instance.task_id AS task_instance_task_id, task_instance.dag_id AS task_instance_dag_id, task_instance.run_id AS task_instance_run_id, task_instance.m
00:05:17.441|5014|idle in transaction|Client|SELECT task_instance.id AS task_instance_id, task_instance.task_id AS task_instance_task_id, task_instance.dag_id AS task_instance_dag_id, task_instance.run_id AS task_instance_run_id, task_instance.m
00:05:18.037|5014|idle in transaction|Client|SELECT task_instance.id AS task_instance_id, task_instance.task_id AS task_instance_task_id, task_instance.dag_id AS task_instance_dag_id, task_instance.run_id AS task_instance_run_id, task_instance.m
00:05:18.613|5014|idle in transaction|Client|SELECT task_instance.id AS task_instance_id, task_instance.task_id AS task_instance_task_id, task_instance.dag_id AS task_instance_dag_id, task_instance.run_id AS task_instance_run_id, task_instance.m
00:05:19.260|5014|idle in transaction|Client|SELECT task_instance.id AS task_instance_id, task_instance.task_id AS task_instance_task_id, task_instance.dag_id AS task_instance_dag_id, task_instance.run_id AS task_instance_run_id, task_instance.m
00:05:19.848|5014|idle in transaction|Client|SELECT task_instance.id AS task_instance_id, task_instance.task_id AS task_instance_task_id, task_instance.dag_id AS task_instance_dag_id, task_instance.run_id AS task_instance_run_id, task_instance.m
00:05:20.447|5014|idle in transaction|Client|SELECT task_instance.id AS task_instance_id, task_instance.task_id AS task_instance_task_id, task_instance.dag_id AS task_instance_dag_id, task_instance.run_id AS task_instance_run_id, task_instance.m
00:05:21.053|5014|idle in transaction|Client|SELECT task_instance.id AS task_instance_id, task_instance.task_id AS task_instance_task_id, task_instance.dag_id AS task_instance_dag_id, task_instance.run_id AS task_instance_run_id, task_instance.m
00:05:21.710|94|idle in transaction|Client|SELECT dag.dag_id, dag.is_paused, dag.is_stale, dag.exceeds_max_non_backfill, dag.last_parsed_time, dag.last_parse_duration, dag.last_expired, dag.fileloc, dag.relative_fileloc, dag.bundle_name, dag.b
00:05:21.710|5014|idle in transaction|Client|SELECT task_instance.id AS task_instance_id, task_instance.task_id AS task_instance_task_id, task_instance.dag_id AS task_instance_dag_id, task_instance.run_id AS task_instance_run_id, task_instance.m
00:05:22.345|5014|active||SELECT dag.dag_id, dag_bundle_team.team_name FROM dag JOIN dag_bundle ON dag.bundle_name = dag_bundle.name LEFT OUTER JOIN dag_bundle_team ON dag_bundle.name = dag_bundle_team.dag_bundle_name
00:05:22.916|5014|active||SELECT dag_version.id, dag_version.version_number, dag_version.dag_id, dag_version.bundle_name, dag_version.bundle_version, dag_version.version_data, dag_version.created_at, dag_version.last_updated, 
00:05:23.481|5113|active||SELECT count(*) AS count_1 FROM (SELECT dag.dag_id AS dag_id, dag.is_paused AS is_paused, dag.is_stale AS is_stale, dag.exceeds_max_non_backfill AS exceeds_max_non_backfill, dag.last_parsed_time AS la
00:05:33.892|95|idle in transaction|Client|SELECT dag_bundle.last_refreshed, dag_bundle.version FROM dag_bundle WHERE dag_bundle.name = 'dags-folder'
00:05:39.486|95|idle in transaction|Client|SELECT asset.id, asset.name, asset.uri, asset."group", asset.extra, asset.created_at, asset.updated_at FROM asset WHERE NOT (EXISTS (SELECT 1 FROM dag_schedule_asset_reference WHERE asset.id = dag_sch
00:05:44.375|94|idle in transaction|Client|BEGIN
00:05:48.684|95|idle in transaction|Client|DELETE FROM dag_warning USING dag WHERE dag_warning.dag_id = dag.dag_id AND dag.is_stale = true
00:05:52.984|94|idle in transaction|Client|SELECT task_instance.id, task_instance.task_id, task_instance.dag_id, task_instance.run_id, task_instance.map_index, task_instance.start_date, task_instance.end_date, task_instance.duration, task_inst
00:05:52.984|5460|active|Timeout|autovacuum: VACUUM ANALYZE public.task_instance
00:05:53.588|5460|active||autovacuum: VACUUM ANALYZE public.task_instance
00:05:54.392|5460|active||autovacuum: VACUUM ANALYZE public.task_instance
00:05:55.601|94|idle in transaction|Client|BEGIN
00:06:09.657|95|active|Client|BEGIN
00:06:15.104|94|idle in transaction|Client|SELECT dag_run.id, dag_run.dag_id, dag_run.logical_date FROM dag_run WHERE (dag_run.dag_id, dag_run.logical_date) IN ((NULL, NULL)) AND (1 != 1)
00:06:28.456|95|idle in transaction|Client|SELECT dag_priority_parsing_request.id, dag_priority_parsing_request.bundle_name, dag_priority_parsing_request.relative_fileloc FROM dag_priority_parsing_request WHERE dag_priority_parsing_request.bun
00:06:31.529|95|active|Client|COMMIT
00:06:50.505|94|idle in transaction|Client|SELECT task_instance.id, task_instance.task_id, task_instance.dag_id, task_instance.run_id, task_instance.map_index, task_instance.start_date, task_instance.end_date, task_instance.duration, task_inst
00:06:52.364|95|idle in transaction|Client|BEGIN
00:06:59.820|94|active||SELECT callback.id, callback.type, callback.fetch_method, callback.data, callback.bundle_name, callback.state, callback.output, callback.priority_weight, callback.created_at, callback.trigger_id FROM 
00:07:20.631|94|idle in transaction|Client|SELECT asset_partition_dag_run.id, asset_partition_dag_run.target_dag_id, asset_partition_dag_run.created_dag_run_id, asset_partition_dag_run.partition_key, asset_partition_dag_run.partition_date, ass
00:07:31.629|94|active||SELECT deadline.id, deadline.created_at, deadline.last_updated_at, deadline.dagrun_id, deadline.deadline_time, deadline.missed, deadline.callback_id, deadline.deadline_alert_id FROM deadline WHERE dea
00:07:32.798|95|idle in transaction|Client|DELETE FROM dag_warning USING dag WHERE dag_warning.dag_id = dag.dag_id AND dag.is_stale = true
00:07:34.038|94|active||SELECT task_instance.id, task_instance.task_id, task_instance.dag_id, task_instance.run_id, task_instance.map_index, task_instance.start_date, task_instance.end_date, task_instance.duration, task_inst
00:07:44.055|94|idle in transaction|Client|SELECT asset_dag_run_queue.asset_id, asset_dag_run_queue.target_dag_id, asset_dag_run_queue.created_at, asset_1.id, asset_1.name, asset_1.uri, asset_1."group", asset_1.extra, asset_1.created_at AS cre
00:08:01.259|94|idle in transaction|Client|SELECT asset_partition_dag_run.id, asset_partition_dag_run.target_dag_id, asset_partition_dag_run.created_dag_run_id, asset_partition_dag_run.partition_key, asset_partition_dag_run.partition_date, ass
00:08:17.838|95|active||SELECT 1
00:08:27.111|94|active||SELECT dag_run.id, dag_run.dag_id, dag_run.queued_at, dag_run.logical_date, dag_run.start_date, dag_run.end_date, dag_run.state, dag_run.run_id, dag_run.creating_job_id, dag_run.run_type, dag_run.trig
00:08:32.642|94|idle in transaction|Client|SELECT asset_partition_dag_run.id, asset_partition_dag_run.target_dag_id, asset_partition_dag_run.created_dag_run_id, asset_partition_dag_run.partition_key, asset_partition_dag_run.partition_date, ass
00:08:41.843|94|idle in transaction|Client|SELECT task_instance.dag_id, task_instance.task_id, task_instance.run_id, task_instance.state, count('*') AS count_1 FROM task_instance WHERE task_instance.state IN ('awaiting_input', 'running', 'defe
00:08:46.633|94|idle in transaction|Client|SELECT asset_partition_dag_run.id, asset_partition_dag_run.target_dag_id, asset_partition_dag_run.created_dag_run_id, asset_partition_dag_run.partition_key, asset_partition_dag_run.partition_date, ass
00:08:50.308|103|idle in transaction|Client|SELECT asset.id, asset.name, asset.uri, asset."group", asset.extra, asset.created_at, asset.updated_at FROM asset WHERE asset.id = 1
00:08:50.877|103|idle in transaction|Client|SELECT asset.id FROM asset WHERE asset.id = 1 FOR NO KEY UPDATE
00:08:51.462|103|active||SELECT asset.id, asset.name, asset.uri, asset."group", asset.extra, asset.created_at, asset.updated_at, asset_active_1.name AS name_1, asset_active_1.uri AS uri_1, dag_1.dag_id, dag_1.is_paused, dag_1
00:08:52.036|103|idle in transaction|Client|SELECT asset.id, asset.name, asset.uri, asset."group", asset.extra, asset.created_at, asset.updated_at, asset_active_1.name AS name_1, asset_active_1.uri AS uri_1, dag_1.dag_id, dag_1.is_paused, dag_1
00:08:52.611|103|idle in transaction|Client|SELECT asset.id, asset.name, asset.uri, asset."group", asset.extra, asset.created_at, asset.updated_at, asset_active_1.name AS name_1, asset_active_1.uri AS uri_1, dag_1.dag_id, dag_1.is_paused, dag_1
00:08:53.190|95|idle in transaction|Client|BEGIN
00:08:53.190|103|idle in transaction|Client|INSERT INTO asset_partition_dag_run (target_dag_id, created_dag_run_id, partition_key, partition_date, rollup_fingerprint, created_at, updated_at) VALUES ('bench_partition_consumer', NULL, 'ACCT000001
00:08:53.771|103|idle in transaction|Client|SELECT serialized_dag.id, serialized_dag.dag_id, serialized_dag.data, serialized_dag.data_compressed, serialized_dag.created_at, serialized_dag.last_updated, serialized_dag.dag_hash, serialized_dag.da
00:08:54.360|103|idle in transaction|Client|SELECT asset.id FROM asset WHERE asset.id = 1 FOR NO KEY UPDATE
00:08:54.916|103|active||SELECT asset.id, asset.name, asset.uri, asset."group", asset.extra, asset.created_at, asset.updated_at, asset_active_1.name AS name_1, asset_active_1.uri AS uri_1, dag_1.dag_id, dag_1.is_paused, dag_1
00:08:55.488|103|idle in transaction|Client|SELECT asset_partition_dag_run.id, asset_partition_dag_run.target_dag_id, asset_partition_dag_run.created_dag_run_id, asset_partition_dag_run.partition_key, asset_partition_dag_run.partition_date, ass
00:08:56.167|103|idle in transaction|Client|SELECT asset.id, asset.name, asset.uri, asset."group", asset.extra, asset.created_at, asset.updated_at FROM asset WHERE asset.id = 1
00:08:56.167|106|active|Lock|SELECT task_instance.state, task_instance.try_number, task_instance.max_tries, task_instance.dag_id, task_instance.task_id, task_instance.run_id, task_instance.map_index, task_instance.hostname, dag_r
00:08:56.739|103|idle in transaction|Client|INSERT INTO partitioned_asset_key_log (asset_id, asset_event_id, asset_partition_dag_run_id, source_partition_key, target_dag_id, target_partition_key, created_at) VALUES (1, 896, 896, 'ACCT00000073',
00:08:56.739|106|active|Lock|SELECT task_instance.state, task_instance.try_number, task_instance.max_tries, task_instance.dag_id, task_instance.task_id, task_instance.run_id, task_instance.map_index, task_instance.hostname, dag_r
00:08:57.328|103|idle in transaction|Client|SELECT serialized_dag.id, serialized_dag.dag_id, serialized_dag.data, serialized_dag.data_compressed, serialized_dag.created_at, serialized_dag.last_updated, serialized_dag.dag_hash, serialized_dag.da
00:08:57.328|106|active|Lock|SELECT task_instance.state, task_instance.try_number, task_instance.max_tries, task_instance.dag_id, task_instance.task_id, task_instance.run_id, task_instance.map_index, task_instance.hostname, dag_r
00:08:57.929|94|idle in transaction|Client|SELECT task_instance.id, task_instance.task_id, task_instance.dag_id, task_instance.run_id, task_instance.map_index, task_instance.start_date, task_instance.end_date, task_instance.duration, task_inst
00:08:58.524|94|active||SELECT task_instance.id, task_instance.task_id, task_instance.dag_id, task_instance.run_id, task_instance.map_index, task_instance.start_date, task_instance.end_date, task_instance.duration, task_inst
00:08:59.130|94|idle in transaction|Client|SELECT max(log_template.id) AS max_1 FROM log_template
00:08:59.693|94|idle in transaction|Client|INSERT INTO task_instance (id, task_id, dag_id, run_id, map_index, try_number, max_tries, hostname, unixname, pool, pool_slots, queue, priority_weight, operator, custom_operator_name, executor_config,
00:09:00.265|94|idle in transaction|Client|UPDATE asset_partition_dag_run SET created_dag_run_id=288, updated_at='2026-09-30T00:09:00.202971+00:00'::timestamptz WHERE asset_partition_dag_run.id = 283
00:09:00.825|94|idle in transaction|Client|SELECT dag_version.id, dag_version.version_number, dag_version.dag_id, dag_version.bundle_name, dag_version.bundle_version, dag_version.version_data, dag_version.created_at, dag_version.last_updated F
00:09:01.416|94|idle in transaction|Client|SELECT asset_event.id, asset_event.asset_id, asset_event.extra, asset_event.source_task_id, asset_event.source_dag_id, asset_event.source_run_id, asset_event.source_map_index, asset_event.timestamp, a
00:09:01.995|94|idle in transaction|Client|SELECT dag.dag_id AS dag_dag_id, dag.is_paused AS dag_is_paused, dag.is_stale AS dag_is_stale, dag.exceeds_max_non_backfill AS dag_exceeds_max_non_backfill, dag.last_parsed_time AS dag_last_parsed_tim
00:09:02.573|94|idle in transaction|Client|SELECT dag_version.id, dag_version.version_number, dag_version.dag_id, dag_version.bundle_name, dag_version.bundle_version, dag_version.version_data, dag_version.created_at, dag_version.last_updated F
00:09:03.146|94|idle in transaction|Client|UPDATE dag_run SET last_scheduling_decision='2026-09-30T00:09:02.292748+00:00'::timestamptz, updated_at='2026-09-30T00:09:03.069911+00:00'::timestamptz, scheduled_by_job_id=1 WHERE dag_run.id = 42
00:09:04.342|94|idle in transaction|Client|INSERT INTO dagrun_asset_event (dag_run_id, event_id) VALUES (532, 527)
00:09:04.899|94|idle in transaction|Client|SELECT task_instance.id, task_instance.task_id, task_instance.dag_id, task_instance.run_id, task_instance.map_index, task_instance.start_date, task_instance.end_date, task_instance.duration, task_inst
00:09:05.468|94|idle in transaction|Client|INSERT INTO task_instance (id, task_id, dag_id, run_id, map_index, try_number, max_tries, hostname, unixname, pool, pool_slots, queue, priority_weight, operator, custom_operator_name, executor_config,
00:09:06.041|94|idle in transaction|Client|INSERT INTO dag_run (dag_id, queued_at, logical_date, start_date, end_date, state, run_id, creating_job_id, run_type, triggered_by, triggering_user_name, conf, data_interval_start, data_interval_end, 
00:09:06.627|94|idle in transaction|Client|INSERT INTO dag_run (dag_id, queued_at, logical_date, start_date, end_date, state, run_id, creating_job_id, run_type, triggered_by, triggering_user_name, conf, data_interval_start, data_interval_end, 
00:09:07.218|94|active||INSERT INTO task_instance (id, task_id, dag_id, run_id, map_index, try_number, max_tries, hostname, unixname, pool, pool_slots, queue, priority_weight, operator, custom_operator_name, executor_config,
00:09:07.787|94|active||SELECT dag_run.id, dag_run.dag_id, dag_run.queued_at, dag_run.logical_date, dag_run.start_date, dag_run.end_date, dag_run.state, dag_run.run_id, dag_run.creating_job_id, dag_run.run_type, dag_run.trig
00:09:08.349|94|idle in transaction|Client|SELECT task_instance.id, task_instance.task_id, task_instance.dag_id, task_instance.run_id, task_instance.map_index, task_instance.start_date, task_instance.end_date, task_instance.duration, task_inst
00:09:08.927|94|idle in transaction|Client|SELECT task_instance.id, task_instance.task_id, task_instance.dag_id, task_instance.run_id, task_instance.map_index, task_instance.start_date, task_instance.end_date, task_instance.duration, task_inst
00:09:10.093|94|idle in transaction|Client|SELECT task_instance.id, task_instance.task_id, task_instance.dag_id, task_instance.run_id, task_instance.map_index, task_instance.start_date, task_instance.end_date, task_instance.duration, task_inst
00:09:10.651|94|active||SELECT task_instance.dag_version_id FROM task_instance WHERE task_instance.dag_id = 'bench_partition_consumer' AND task_instance.dag_version_id = '01a0efa2-2565-7f80-a0a2-753ce7d9a46b'::uuid::UUID AND
00:09:11.214|94|idle in transaction|Client|SELECT dag_version.id, dag_version.version_number, dag_version.dag_id, dag_version.bundle_name, dag_version.bundle_version, dag_version.version_data, dag_version.created_at, dag_version.last_updated F
00:09:11.809|94|active||SELECT dag_run.id, dag_run.dag_id, dag_run.queued_at, dag_run.logical_date, dag_run.start_date, dag_run.end_date, dag_run.state, dag_run.run_id, dag_run.creating_job_id, dag_run.run_type, dag_run.trig
00:09:12.374|94|active||UPDATE task_instance SET start_date='2026-09-30T00:09:12.312982+00:00'::timestamptz, end_date='2026-09-30T00:09:12.312983+00:00'::timestamptz, duration=0, state='success', try_number=(task_instance.tr
00:09:12.952|94|idle in transaction|Client|SELECT dag.dag_id AS dag_dag_id, dag.is_paused AS dag_is_paused, dag.is_stale AS dag_is_stale, dag.exceeds_max_non_backfill AS dag_exceeds_max_non_backfill, dag.last_parsed_time AS dag_last_parsed_tim
00:09:14.117|94|idle in transaction|Client|SELECT dag_version.id, dag_version.version_number, dag_version.dag_id, dag_version.bundle_name, dag_version.bundle_version, dag_version.version_data, dag_version.created_at, dag_version.last_updated F
00:09:14.691|94|idle in transaction|Client|SELECT task_instance.id, task_instance.task_id, task_instance.dag_id, task_instance.run_id, task_instance.map_index, task_instance.start_date, task_instance.end_date, task_instance.duration, task_inst
00:09:15.257|94|idle in transaction|Client|UPDATE task_instance SET start_date='2026-09-30T00:09:15.195642+00:00'::timestamptz, end_date='2026-09-30T00:09:15.195643+00:00'::timestamptz, duration=0, state='success', try_number=(task_instance.tr
00:09:16.467|94|idle in transaction|Client|SELECT dag_version.id, dag_version.version_number, dag_version.dag_id, dag_version.bundle_name, dag_version.bundle_version, dag_version.version_data, dag_version.created_at, dag_version.last_updated F
00:09:17.058|94|idle in transaction|Client|SELECT dag_version.id, dag_version.version_number, dag_version.dag_id, dag_version.bundle_name, dag_version.bundle_version, dag_version.version_data, dag_version.created_at, dag_version.last_updated F
00:09:17.668|94|idle in transaction|Client|SELECT dag_version.id, dag_version.version_number, dag_version.dag_id, dag_version.bundle_name, dag_version.bundle_version, dag_version.version_data, dag_version.created_at, dag_version.last_updated F
00:09:18.890|94|idle in transaction|Client|SELECT task_instance.id, task_instance.task_id, task_instance.dag_id, task_instance.run_id, task_instance.map_index, task_instance.start_date, task_instance.end_date, task_instance.duration, task_inst
00:09:19.501|94|idle in transaction|Client|SELECT task_instance.dag_version_id FROM task_instance WHERE task_instance.dag_id = 'bench_partition_consumer' AND task_instance.dag_version_id = '01a0efa2-2565-7f80-a0a2-753ce7d9a46b'::uuid::UUID AND
00:09:20.088|94|idle in transaction|Client|SELECT dag_version.id, dag_version.version_number, dag_version.dag_id, dag_version.bundle_name, dag_version.bundle_version, dag_version.version_data, dag_version.created_at, dag_version.last_updated F
00:09:20.669|94|idle in transaction|Client|SELECT task_instance.id, task_instance.task_id, task_instance.dag_id, task_instance.run_id, task_instance.map_index, task_instance.start_date, task_instance.end_date, task_instance.duration, task_inst
00:09:21.235|94|idle in transaction|Client|SELECT dag_run.dag_id, count('*') AS count_1 FROM dag_run WHERE dag_run.dag_id IN ('bench_partition_consumer') AND dag_run.state IN ('running', 'queued') AND dag_run.run_type != 'backfill' GROUP BY da
00:09:21.837|94|idle in transaction|Client|SELECT dag_run.dag_id, count('*') AS count_1 FROM dag_run WHERE dag_run.dag_id IN ('bench_partition_consumer') AND dag_run.state IN ('running', 'queued') AND dag_run.run_type != 'backfill' GROUP BY da
00:09:22.988|94|idle in transaction|Client|SELECT dag_version.id, dag_version.version_number, dag_version.dag_id, dag_version.bundle_name, dag_version.bundle_version, dag_version.version_data, dag_version.created_at, dag_version.last_updated F
00:09:23.564|94|idle in transaction|Client|SELECT task_instance.id, task_instance.task_id, task_instance.dag_id, task_instance.run_id, task_instance.map_index, task_instance.start_date, task_instance.end_date, task_instance.duration, task_inst
00:09:24.163|94|idle in transaction|Client|SELECT task_instance.id, task_instance.task_id, task_instance.dag_id, task_instance.run_id, task_instance.map_index, task_instance.start_date, task_instance.end_date, task_instance.duration, task_inst
00:09:25.357|94|idle in transaction|Client|SELECT dag_run.dag_id, count('*') AS count_1 FROM dag_run WHERE dag_run.dag_id IN ('bench_partition_consumer') AND dag_run.state IN ('running', 'queued') AND dag_run.run_type != 'backfill' GROUP BY da
00:09:25.925|94|idle in transaction|Client|SELECT task_instance.dag_version_id FROM task_instance WHERE task_instance.dag_id = 'bench_partition_consumer' AND task_instance.dag_version_id = '01a0efa2-2565-7f80-a0a2-753ce7d9a46b'::uuid::UUID AND
00:09:33.161|95|idle in transaction||BEGIN
00:09:36.259|94|idle in transaction|Client|SELECT callback.id, callback.type, callback.fetch_method, callback.data, callback.bundle_name, callback.state, callback.output, callback.priority_weight, callback.created_at, callback.trigger_id FROM 
00:09:50.951|95|idle in transaction|Client|SELECT callback.id, callback.type, callback.fetch_method, callback.data, callback.bundle_name, callback.state, callback.output, callback.priority_weight, callback.created_at, callback.trigger_id FROM 
00:09:50.951|94|idle in transaction|Client|SELECT task_instance.id, task_instance.task_id, task_instance.dag_id, task_instance.run_id, task_instance.map_index, task_instance.start_date, task_instance.end_date, task_instance.duration, task_inst
00:09:51.559|94|idle in transaction|Client|SELECT task_instance.dag_id, task_instance.task_id, task_instance.run_id, task_instance.state, count('*') AS count_1 FROM task_instance WHERE task_instance.state IN ('awaiting_input', 'running', 'defe
00:09:52.725|103|idle in transaction|Client|SELECT asset.id, asset.name, asset.uri, asset."group", asset.extra, asset.created_at, asset.updated_at FROM asset WHERE asset.id = 1
00:09:53.314|103|active|Client|SELECT asset.id, asset.name, asset.uri, asset."group", asset.extra, asset.created_at, asset.updated_at, asset_active_1.name AS name_1, asset_active_1.uri AS uri_1, dag_1.dag_id, dag_1.is_paused, dag_1
00:09:53.314|8240|active|Timeout|autovacuum: VACUUM ANALYZE public.dag_run
00:09:53.896|103|idle in transaction|Client|SELECT asset.id, asset.name, asset.uri, asset."group", asset.extra, asset.created_at, asset.updated_at, asset_active_1.name AS name_1, asset_active_1.uri AS uri_1, dag_1.dag_id, dag_1.is_paused, dag_1
00:09:53.896|8240|active|Timeout|autovacuum: VACUUM ANALYZE public.dag_run
00:09:54.475|103|idle in transaction|Client|INSERT INTO partitioned_asset_key_log (asset_id, asset_event_id, asset_partition_dag_run_id, source_partition_key, target_dag_id, target_partition_key, created_at) VALUES (1, 1252, 1252, 'ACCT00007486
00:09:54.475|8240|active|Timeout|autovacuum: VACUUM ANALYZE public.dag_run
00:09:55.053|103|idle in transaction|Client|SELECT serialized_dag.id, serialized_dag.dag_id, serialized_dag.data, serialized_dag.data_compressed, serialized_dag.created_at, serialized_dag.last_updated, serialized_dag.dag_hash, serialized_dag.da
00:09:55.053|8240|active|Timeout|autovacuum: VACUUM ANALYZE public.dag_run
00:09:55.607|103|idle in transaction|Client|SELECT asset.id, asset.name, asset.uri, asset."group", asset.extra, asset.created_at, asset.updated_at, asset_active_1.name AS name_1, asset_active_1.uri AS uri_1, dag_1.dag_id, dag_1.is_paused, dag_1
00:09:55.607|8240|active|Timeout|autovacuum: VACUUM ANALYZE public.dag_run
00:09:56.187|103|idle in transaction|Client|SELECT asset.id, asset.name, asset.uri, asset."group", asset.extra, asset.created_at, asset.updated_at, asset_active_1.name AS name_1, asset_active_1.uri AS uri_1, dag_1.dag_id, dag_1.is_paused, dag_1
00:09:56.187|8240|active|Timeout|autovacuum: VACUUM ANALYZE public.dag_run
00:09:56.754|103|idle in transaction|Client|SELECT asset_partition_dag_run.id, asset_partition_dag_run.target_dag_id, asset_partition_dag_run.created_dag_run_id, asset_partition_dag_run.partition_key, asset_partition_dag_run.partition_date, ass
00:09:56.754|8240|active|Timeout|autovacuum: VACUUM ANALYZE public.dag_run
00:09:57.318|103|idle in transaction|Client|SELECT asset_alias.id, asset_alias.name, asset_alias."group" FROM asset_alias WHERE asset_alias.name IN (NULL) AND (1 != 1)
00:09:57.318|8240|active|Timeout|autovacuum: VACUUM ANALYZE public.dag_run
00:09:57.876|103|idle in transaction|Client|SELECT serialized_dag.id, serialized_dag.dag_id, serialized_dag.data, serialized_dag.data_compressed, serialized_dag.created_at, serialized_dag.last_updated, serialized_dag.dag_hash, serialized_dag.da
00:09:57.876|8240|active|Timeout|autovacuum: VACUUM ANALYZE public.dag_run
00:09:58.455|103|active||SELECT asset_partition_dag_run.id, asset_partition_dag_run.target_dag_id, asset_partition_dag_run.created_dag_run_id, asset_partition_dag_run.partition_key, asset_partition_dag_run.partition_date, ass
00:09:58.455|106|active|Lock|SELECT task_instance.state, task_instance.try_number, task_instance.max_tries, task_instance.dag_id, task_instance.task_id, task_instance.run_id, task_instance.map_index, task_instance.hostname, dag_r
00:09:59.028|103|idle in transaction|Client|SELECT asset.id, asset.name, asset.uri, asset."group", asset.extra, asset.created_at, asset.updated_at, asset_active_1.name AS name_1, asset_active_1.uri AS uri_1, dag_1.dag_id, dag_1.is_paused, dag_1
00:09:59.028|106|active|Lock|SELECT task_instance.state, task_instance.try_number, task_instance.max_tries, task_instance.dag_id, task_instance.task_id, task_instance.run_id, task_instance.map_index, task_instance.hostname, dag_r
00:09:59.630|103|idle in transaction|Client|SELECT asset.id, asset.name, asset.uri, asset."group", asset.extra, asset.created_at, asset.updated_at, asset_active_1.name AS name_1, asset_active_1.uri AS uri_1, dag_1.dag_id, dag_1.is_paused, dag_1
00:09:59.630|106|active|Lock|SELECT task_instance.state, task_instance.try_number, task_instance.max_tries, task_instance.dag_id, task_instance.task_id, task_instance.run_id, task_instance.map_index, task_instance.hostname, dag_r
00:10:00.205|103|idle in transaction|Client|INSERT INTO partitioned_asset_key_log (asset_id, asset_event_id, asset_partition_dag_run_id, source_partition_key, target_dag_id, target_partition_key, created_at) VALUES (1, 1938, 1938, 'ACCT00008568
00:10:00.205|106|active|Lock|SELECT task_instance.state, task_instance.try_number, task_instance.max_tries, task_instance.dag_id, task_instance.task_id, task_instance.run_id, task_instance.map_index, task_instance.hostname, dag_r
00:10:00.774|103|idle in transaction|Client|SELECT asset.id, asset.name, asset.uri, asset."group", asset.extra, asset.created_at, asset.updated_at, asset_active_1.name AS name_1, asset_active_1.uri AS uri_1, dag_1.dag_id, dag_1.is_paused, dag_1
00:10:00.774|106|active|Lock|SELECT task_instance.state, task_instance.try_number, task_instance.max_tries, task_instance.dag_id, task_instance.task_id, task_instance.run_id, task_instance.map_index, task_instance.hostname, dag_r
00:10:01.335|103|active||INSERT INTO partitioned_asset_key_log (asset_id, asset_event_id, asset_partition_dag_run_id, source_partition_key, target_dag_id, target_partition_key, created_at) VALUES (1, 2095, 2095, 'ACCT00003805
00:10:01.335|106|active|Lock|SELECT task_instance.state, task_instance.try_number, task_instance.max_tries, task_instance.dag_id, task_instance.task_id, task_instance.run_id, task_instance.map_index, task_instance.hostname, dag_r
00:10:01.908|103|active|Client|SELECT asset_alias.id, asset_alias.name, asset_alias."group" FROM asset_alias WHERE asset_alias.name IN (NULL) AND (1 != 1)
00:10:01.908|106|active|Lock|SELECT task_instance.state, task_instance.try_number, task_instance.max_tries, task_instance.dag_id, task_instance.task_id, task_instance.run_id, task_instance.map_index, task_instance.hostname, dag_r
00:10:02.467|103|idle in transaction|Client|INSERT INTO partitioned_asset_key_log (asset_id, asset_event_id, asset_partition_dag_run_id, source_partition_key, target_dag_id, target_partition_key, created_at) VALUES (1, 2266, 2266, 'ACCT00001230
00:10:02.467|106|active|Lock|SELECT task_instance.state, task_instance.try_number, task_instance.max_tries, task_instance.dag_id, task_instance.task_id, task_instance.run_id, task_instance.map_index, task_instance.hostname, dag_r
00:10:03.030|94|idle in transaction|Client|SELECT dag.dag_id, dag.is_paused, dag.is_stale, dag.exceeds_max_non_backfill, dag.last_parsed_time, dag.last_parse_duration, dag.last_expired, dag.fileloc, dag.relative_fileloc, dag.bundle_name, dag.b
00:10:03.030|103|idle in transaction|Client|SELECT serialized_dag.id, serialized_dag.dag_id, serialized_dag.data, serialized_dag.data_compressed, serialized_dag.created_at, serialized_dag.last_updated, serialized_dag.dag_hash, serialized_dag.da
00:10:03.030|106|active|Lock|SELECT task_instance.state, task_instance.try_number, task_instance.max_tries, task_instance.dag_id, task_instance.task_id, task_instance.run_id, task_instance.map_index, task_instance.hostname, dag_r
00:10:03.593|103|idle in transaction|Client|SELECT serialized_dag.id, serialized_dag.dag_id, serialized_dag.data, serialized_dag.data_compressed, serialized_dag.created_at, serialized_dag.last_updated, serialized_dag.dag_hash, serialized_dag.da
00:10:03.593|106|active|Lock|SELECT task_instance.state, task_instance.try_number, task_instance.max_tries, task_instance.dag_id, task_instance.task_id, task_instance.run_id, task_instance.map_index, task_instance.hostname, dag_r
00:10:04.162|103|idle in transaction|Client|SELECT asset.id, asset.name, asset.uri, asset."group", asset.extra, asset.created_at, asset.updated_at, asset_active_1.name AS name_1, asset_active_1.uri AS uri_1, dag_1.dag_id, dag_1.is_paused, dag_1
00:10:04.162|106|active|Lock|SELECT task_instance.state, task_instance.try_number, task_instance.max_tries, task_instance.dag_id, task_instance.task_id, task_instance.run_id, task_instance.map_index, task_instance.hostname, dag_r
00:10:04.735|103|idle in transaction|Client|SELECT asset.id, asset.name, asset.uri, asset."group", asset.extra, asset.created_at, asset.updated_at FROM asset WHERE asset.id = 1
00:10:04.735|106|active|Lock|SELECT task_instance.state, task_instance.try_number, task_instance.max_tries, task_instance.dag_id, task_instance.task_id, task_instance.run_id, task_instance.map_index, task_instance.hostname, dag_r
00:10:04.735|8379|active|Lock|SELECT task_instance.state, task_instance.try_number, task_instance.max_tries, task_instance.dag_id, task_instance.task_id, task_instance.run_id, task_instance.map_index, task_instance.hostname, dag_r
00:10:05.292|103|idle in transaction|Client|SELECT asset.id FROM asset WHERE asset.id = 1 FOR NO KEY UPDATE
00:10:05.292|106|active|Lock|SELECT task_instance.state, task_instance.try_number, task_instance.max_tries, task_instance.dag_id, task_instance.task_id, task_instance.run_id, task_instance.map_index, task_instance.hostname, dag_r
00:10:05.292|8379|active|Lock|SELECT task_instance.state, task_instance.try_number, task_instance.max_tries, task_instance.dag_id, task_instance.task_id, task_instance.run_id, task_instance.map_index, task_instance.hostname, dag_r
00:10:05.848|103|idle in transaction|Client|SELECT serialized_dag.id, serialized_dag.dag_id, serialized_dag.data, serialized_dag.data_compressed, serialized_dag.created_at, serialized_dag.last_updated, serialized_dag.dag_hash, serialized_dag.da
00:10:05.848|106|active|Lock|SELECT task_instance.state, task_instance.try_number, task_instance.max_tries, task_instance.dag_id, task_instance.task_id, task_instance.run_id, task_instance.map_index, task_instance.hostname, dag_r
00:10:05.848|8379|active|Lock|SELECT task_instance.state, task_instance.try_number, task_instance.max_tries, task_instance.dag_id, task_instance.task_id, task_instance.run_id, task_instance.map_index, task_instance.hostname, dag_r
00:10:06.416|103|idle in transaction|Client|INSERT INTO asset_partition_dag_run (target_dag_id, created_dag_run_id, partition_key, partition_date, rollup_fingerprint, created_at, updated_at) VALUES ('bench_partition_consumer', NULL, 'ACCT000019
00:10:06.416|106|active|Lock|SELECT task_instance.state, task_instance.try_number, task_instance.max_tries, task_instance.dag_id, task_instance.task_id, task_instance.run_id, task_instance.map_index, task_instance.hostname, dag_r
00:10:06.416|8379|active|Lock|SELECT task_instance.state, task_instance.try_number, task_instance.max_tries, task_instance.dag_id, task_instance.task_id, task_instance.run_id, task_instance.map_index, task_instance.hostname, dag_r
00:10:06.982|103|idle in transaction|Client|SELECT dag.dag_id, dag.is_paused, dag.is_stale, dag.exceeds_max_non_backfill, dag.last_parsed_time, dag.last_parse_duration, dag.last_expired, dag.fileloc, dag.relative_fileloc, dag.bundle_name, dag.b
00:10:06.982|106|active|Lock|SELECT task_instance.state, task_instance.try_number, task_instance.max_tries, task_instance.dag_id, task_instance.task_id, task_instance.run_id, task_instance.map_index, task_instance.hostname, dag_r
00:10:06.982|8379|active|Lock|SELECT task_instance.state, task_instance.try_number, task_instance.max_tries, task_instance.dag_id, task_instance.task_id, task_instance.run_id, task_instance.map_index, task_instance.hostname, dag_r
00:10:07.553|103|idle in transaction|Client|SELECT asset.id FROM asset WHERE asset.id = 1 FOR NO KEY UPDATE
00:10:07.553|106|active|Lock|SELECT task_instance.state, task_instance.try_number, task_instance.max_tries, task_instance.dag_id, task_instance.task_id, task_instance.run_id, task_instance.map_index, task_instance.hostname, dag_r
00:10:07.553|8379|active|Lock|SELECT task_instance.state, task_instance.try_number, task_instance.max_tries, task_instance.dag_id, task_instance.task_id, task_instance.run_id, task_instance.map_index, task_instance.hostname, dag_r
00:10:08.108|103|idle in transaction|Client|SELECT asset.id, asset.name, asset.uri, asset."group", asset.extra, asset.created_at, asset.updated_at, asset_active_1.name AS name_1, asset_active_1.uri AS uri_1, dag_1.dag_id, dag_1.is_paused, dag_1
00:10:08.108|106|active|Lock|SELECT task_instance.state, task_instance.try_number, task_instance.max_tries, task_instance.dag_id, task_instance.task_id, task_instance.run_id, task_instance.map_index, task_instance.hostname, dag_r
00:10:08.108|8379|active|Lock|SELECT task_instance.state, task_instance.try_number, task_instance.max_tries, task_instance.dag_id, task_instance.task_id, task_instance.run_id, task_instance.map_index, task_instance.hostname, dag_r
00:10:08.675|103|active||SELECT asset_partition_dag_run.id, asset_partition_dag_run.target_dag_id, asset_partition_dag_run.created_dag_run_id, asset_partition_dag_run.partition_key, asset_partition_dag_run.partition_date, ass
00:10:08.675|106|active|Lock|SELECT task_instance.state, task_instance.try_number, task_instance.max_tries, task_instance.dag_id, task_instance.task_id, task_instance.run_id, task_instance.map_index, task_instance.hostname, dag_r
00:10:08.675|8379|active|Lock|SELECT task_instance.state, task_instance.try_number, task_instance.max_tries, task_instance.dag_id, task_instance.task_id, task_instance.run_id, task_instance.map_index, task_instance.hostname, dag_r
00:10:09.238|103|active||SELECT asset.id, asset.name, asset.uri, asset."group", asset.extra, asset.created_at, asset.updated_at, asset_active_1.name AS name_1, asset_active_1.uri AS uri_1, dag_1.dag_id, dag_1.is_paused, dag_1
00:10:09.238|106|active|Lock|SELECT task_instance.state, task_instance.try_number, task_instance.max_tries, task_instance.dag_id, task_instance.task_id, task_instance.run_id, task_instance.map_index, task_instance.hostname, dag_r
00:10:09.238|8379|active|Lock|SELECT task_instance.state, task_instance.try_number, task_instance.max_tries, task_instance.dag_id, task_instance.task_id, task_instance.run_id, task_instance.map_index, task_instance.hostname, dag_r
00:10:09.804|103|idle in transaction|Client|SELECT asset.id, asset.name, asset.uri, asset."group", asset.extra, asset.created_at, asset.updated_at FROM asset WHERE asset.id = 1
00:10:09.804|106|active|Lock|SELECT task_instance.state, task_instance.try_number, task_instance.max_tries, task_instance.dag_id, task_instance.task_id, task_instance.run_id, task_instance.map_index, task_instance.hostname, dag_r
00:10:09.804|8379|active|Lock|SELECT task_instance.state, task_instance.try_number, task_instance.max_tries, task_instance.dag_id, task_instance.task_id, task_instance.run_id, task_instance.map_index, task_instance.hostname, dag_r
00:10:10.365|103|idle in transaction|Client|INSERT INTO asset_partition_dag_run (target_dag_id, created_dag_run_id, partition_key, partition_date, rollup_fingerprint, created_at, updated_at) VALUES ('bench_partition_consumer', NULL, 'ACCT000042
00:10:10.365|106|active|Lock|SELECT task_instance.state, task_instance.try_number, task_instance.max_tries, task_instance.dag_id, task_instance.task_id, task_instance.run_id, task_instance.map_index, task_instance.hostname, dag_r
00:10:10.365|8379|active|Lock|SELECT task_instance.state, task_instance.try_number, task_instance.max_tries, task_instance.dag_id, task_instance.task_id, task_instance.run_id, task_instance.map_index, task_instance.hostname, dag_r
00:10:10.922|94|idle in transaction|Client|SELECT asset_dag_run_queue.asset_id, asset_dag_run_queue.target_dag_id, asset_dag_run_queue.created_at, asset_1.id, asset_1.name, asset_1.uri, asset_1."group", asset_1.extra, asset_1.created_at AS cre
00:10:10.922|103|idle in transaction|Client|INSERT INTO partitioned_asset_key_log (asset_id, asset_event_id, asset_partition_dag_run_id, source_partition_key, target_dag_id, target_partition_key, created_at) VALUES (1, 3543, 3543, 'ACCT00009061
00:10:10.922|106|active|Lock|SELECT task_instance.state, task_instance.try_number, task_instance.max_tries, task_instance.dag_id, task_instance.task_id, task_instance.run_id, task_instance.map_index, task_instance.hostname, dag_r
00:10:10.922|8379|active|Lock|SELECT task_instance.state, task_instance.try_number, task_instance.max_tries, task_instance.dag_id, task_instance.task_id, task_instance.run_id, task_instance.map_index, task_instance.hostname, dag_r
00:10:11.504|103|idle in transaction|Client|SELECT asset.id, asset.name, asset.uri, asset."group", asset.extra, asset.created_at, asset.updated_at, asset_active_1.name AS name_1, asset_active_1.uri AS uri_1, dag_1.dag_id, dag_1.is_paused, dag_1
00:10:11.504|106|active|Lock|SELECT task_instance.state, task_instance.try_number, task_instance.max_tries, task_instance.dag_id, task_instance.task_id, task_instance.run_id, task_instance.map_index, task_instance.hostname, dag_r
00:10:11.504|8379|active|Lock|SELECT task_instance.state, task_instance.try_number, task_instance.max_tries, task_instance.dag_id, task_instance.task_id, task_instance.run_id, task_instance.map_index, task_instance.hostname, dag_r
00:10:12.070|103|idle in transaction|Client|INSERT INTO partitioned_asset_key_log (asset_id, asset_event_id, asset_partition_dag_run_id, source_partition_key, target_dag_id, target_partition_key, created_at) VALUES (1, 3712, 3712, 'ACCT00009367
00:10:12.070|106|active|Lock|SELECT task_instance.state, task_instance.try_number, task_instance.max_tries, task_instance.dag_id, task_instance.task_id, task_instance.run_id, task_instance.map_index, task_instance.hostname, dag_r
00:10:12.070|8379|active|Lock|SELECT task_instance.state, task_instance.try_number, task_instance.max_tries, task_instance.dag_id, task_instance.task_id, task_instance.run_id, task_instance.map_index, task_instance.hostname, dag_r
00:10:12.640|103|idle in transaction|Client|SELECT asset.id, asset.name, asset.uri, asset."group", asset.extra, asset.created_at, asset.updated_at, asset_active_1.name AS name_1, asset_active_1.uri AS uri_1, dag_1.dag_id, dag_1.is_paused, dag_1
00:10:12.640|106|active|Lock|SELECT task_instance.state, task_instance.try_number, task_instance.max_tries, task_instance.dag_id, task_instance.task_id, task_instance.run_id, task_instance.map_index, task_instance.hostname, dag_r
00:10:12.640|8379|active|Lock|SELECT task_instance.state, task_instance.try_number, task_instance.max_tries, task_instance.dag_id, task_instance.task_id, task_instance.run_id, task_instance.map_index, task_instance.hostname, dag_r
00:10:12.640|8478|active|Lock|SELECT task_instance.state, task_instance.try_number, task_instance.max_tries, task_instance.dag_id, task_instance.task_id, task_instance.run_id, task_instance.map_index, task_instance.hostname, dag_r
00:10:13.239|103|idle in transaction|Client|INSERT INTO partitioned_asset_key_log (asset_id, asset_event_id, asset_partition_dag_run_id, source_partition_key, target_dag_id, target_partition_key, created_at) VALUES (1, 3878, 3878, 'ACCT00009219
00:10:13.239|106|active|Lock|SELECT task_instance.state, task_instance.try_number, task_instance.max_tries, task_instance.dag_id, task_instance.task_id, task_instance.run_id, task_instance.map_index, task_instance.hostname, dag_r
00:10:13.239|8379|active|Lock|SELECT task_instance.state, task_instance.try_number, task_instance.max_tries, task_instance.dag_id, task_instance.task_id, task_instance.run_id, task_instance.map_index, task_instance.hostname, dag_r
00:10:13.239|8478|active|Lock|SELECT task_instance.state, task_instance.try_number, task_instance.max_tries, task_instance.dag_id, task_instance.task_id, task_instance.run_id, task_instance.map_index, task_instance.hostname, dag_r
00:10:13.813|103|idle in transaction||SELECT asset.id, asset.name, asset.uri, asset."group", asset.extra, asset.created_at, asset.updated_at, asset_active_1.name AS name_1, asset_active_1.uri AS uri_1, dag_1.dag_id, dag_1.is_paused, dag_1
00:10:13.813|106|active|Lock|SELECT task_instance.state, task_instance.try_number, task_instance.max_tries, task_instance.dag_id, task_instance.task_id, task_instance.run_id, task_instance.map_index, task_instance.hostname, dag_r
00:10:13.813|8379|active|Lock|SELECT task_instance.state, task_instance.try_number, task_instance.max_tries, task_instance.dag_id, task_instance.task_id, task_instance.run_id, task_instance.map_index, task_instance.hostname, dag_r
00:10:13.813|8478|active|Lock|SELECT task_instance.state, task_instance.try_number, task_instance.max_tries, task_instance.dag_id, task_instance.task_id, task_instance.run_id, task_instance.map_index, task_instance.hostname, dag_r
00:10:14.377|103|idle in transaction|Client|INSERT INTO partitioned_asset_key_log (asset_id, asset_event_id, asset_partition_dag_run_id, source_partition_key, target_dag_id, target_partition_key, created_at) VALUES (1, 4043, 4043, 'ACCT00007222
00:10:14.377|106|active|Lock|SELECT task_instance.state, task_instance.try_number, task_instance.max_tries, task_instance.dag_id, task_instance.task_id, task_instance.run_id, task_instance.map_index, task_instance.hostname, dag_r
00:10:14.377|8379|active|Lock|SELECT task_instance.state, task_instance.try_number, task_instance.max_tries, task_instance.dag_id, task_instance.task_id, task_instance.run_id, task_instance.map_index, task_instance.hostname, dag_r
00:10:14.377|8478|active|Lock|SELECT task_instance.state, task_instance.try_number, task_instance.max_tries, task_instance.dag_id, task_instance.task_id, task_instance.run_id, task_instance.map_index, task_instance.hostname, dag_r
00:10:14.946|103|idle in transaction|Client|SELECT asset.id, asset.name, asset.uri, asset."group", asset.extra, asset.created_at, asset.updated_at, asset_active_1.name AS name_1, asset_active_1.uri AS uri_1, dag_1.dag_id, dag_1.is_paused, dag_1
00:10:14.946|106|active|Lock|SELECT task_instance.state, task_instance.try_number, task_instance.max_tries, task_instance.dag_id, task_instance.task_id, task_instance.run_id, task_instance.map_index, task_instance.hostname, dag_r
00:10:14.946|8379|active|Lock|SELECT task_instance.state, task_instance.try_number, task_instance.max_tries, task_instance.dag_id, task_instance.task_id, task_instance.run_id, task_instance.map_index, task_instance.hostname, dag_r
00:10:14.946|8478|active|Lock|SELECT task_instance.state, task_instance.try_number, task_instance.max_tries, task_instance.dag_id, task_instance.task_id, task_instance.run_id, task_instance.map_index, task_instance.hostname, dag_r
00:10:15.515|103|idle in transaction|Client|SELECT asset.id, asset.name, asset.uri, asset."group", asset.extra, asset.created_at, asset.updated_at, asset_active_1.name AS name_1, asset_active_1.uri AS uri_1, dag_1.dag_id, dag_1.is_paused, dag_1
00:10:15.515|106|active|Lock|SELECT task_instance.state, task_instance.try_number, task_instance.max_tries, task_instance.dag_id, task_instance.task_id, task_instance.run_id, task_instance.map_index, task_instance.hostname, dag_r
00:10:15.515|8379|active|Lock|SELECT task_instance.state, task_instance.try_number, task_instance.max_tries, task_instance.dag_id, task_instance.task_id, task_instance.run_id, task_instance.map_index, task_instance.hostname, dag_r
00:10:15.515|8478|active|Lock|SELECT task_instance.state, task_instance.try_number, task_instance.max_tries, task_instance.dag_id, task_instance.task_id, task_instance.run_id, task_instance.map_index, task_instance.hostname, dag_r
00:10:16.083|103|idle in transaction|Client|SELECT asset_alias.id, asset_alias.name, asset_alias."group" FROM asset_alias WHERE asset_alias.name IN (NULL) AND (1 != 1)
00:10:16.083|106|active|Lock|SELECT task_instance.state, task_instance.try_number, task_instance.max_tries, task_instance.dag_id, task_instance.task_id, task_instance.run_id, task_instance.map_index, task_instance.hostname, dag_r
00:10:16.083|8379|active|Lock|SELECT task_instance.state, task_instance.try_number, task_instance.max_tries, task_instance.dag_id, task_instance.task_id, task_instance.run_id, task_instance.map_index, task_instance.hostname, dag_r
00:10:16.083|8478|active|Lock|SELECT task_instance.state, task_instance.try_number, task_instance.max_tries, task_instance.dag_id, task_instance.task_id, task_instance.run_id, task_instance.map_index, task_instance.hostname, dag_r
00:10:16.646|103|idle in transaction|Client|INSERT INTO partitioned_asset_key_log (asset_id, asset_event_id, asset_partition_dag_run_id, source_partition_key, target_dag_id, target_partition_key, created_at) VALUES (1, 4387, 4387, 'ACCT00003188
00:10:16.646|106|active|Lock|SELECT task_instance.state, task_instance.try_number, task_instance.max_tries, task_instance.dag_id, task_instance.task_id, task_instance.run_id, task_instance.map_index, task_instance.hostname, dag_r
00:10:16.646|8379|active|Lock|SELECT task_instance.state, task_instance.try_number, task_instance.max_tries, task_instance.dag_id, task_instance.task_id, task_instance.run_id, task_instance.map_index, task_instance.hostname, dag_r
00:10:16.646|8478|active|Lock|SELECT task_instance.state, task_instance.try_number, task_instance.max_tries, task_instance.dag_id, task_instance.task_id, task_instance.run_id, task_instance.map_index, task_instance.hostname, dag_r
00:10:17.208|103|active||INSERT INTO partitioned_asset_key_log (asset_id, asset_event_id, asset_partition_dag_run_id, source_partition_key, target_dag_id, target_partition_key, created_at) VALUES (1, 4465, 4465, 'ACCT00000531
00:10:17.208|106|active|Lock|SELECT task_instance.state, task_instance.try_number, task_instance.max_tries, task_instance.dag_id, task_instance.task_id, task_instance.run_id, task_instance.map_index, task_instance.hostname, dag_r
00:10:17.208|8379|active|Lock|SELECT task_instance.state, task_instance.try_number, task_instance.max_tries, task_instance.dag_id, task_instance.task_id, task_instance.run_id, task_instance.map_index, task_instance.hostname, dag_r
00:10:17.208|8478|active|Lock|SELECT task_instance.state, task_instance.try_number, task_instance.max_tries, task_instance.dag_id, task_instance.task_id, task_instance.run_id, task_instance.map_index, task_instance.hostname, dag_r
00:10:17.767|103|idle in transaction|Client|SELECT asset.id FROM asset WHERE asset.id = 1 FOR NO KEY UPDATE
00:10:17.767|106|active|Lock|SELECT task_instance.state, task_instance.try_number, task_instance.max_tries, task_instance.dag_id, task_instance.task_id, task_instance.run_id, task_instance.map_index, task_instance.hostname, dag_r
00:10:17.767|8379|active|Lock|SELECT task_instance.state, task_instance.try_number, task_instance.max_tries, task_instance.dag_id, task_instance.task_id, task_instance.run_id, task_instance.map_index, task_instance.hostname, dag_r
00:10:17.767|8478|active|Lock|SELECT task_instance.state, task_instance.try_number, task_instance.max_tries, task_instance.dag_id, task_instance.task_id, task_instance.run_id, task_instance.map_index, task_instance.hostname, dag_r
00:10:18.321|103|active|Client|SELECT asset.id FROM asset WHERE asset.id = 1 FOR NO KEY UPDATE
00:10:18.321|106|active|Lock|SELECT task_instance.state, task_instance.try_number, task_instance.max_tries, task_instance.dag_id, task_instance.task_id, task_instance.run_id, task_instance.map_index, task_instance.hostname, dag_r
00:10:18.321|8379|active|Lock|SELECT task_instance.state, task_instance.try_number, task_instance.max_tries, task_instance.dag_id, task_instance.task_id, task_instance.run_id, task_instance.map_index, task_instance.hostname, dag_r
00:10:18.321|8478|active|Lock|SELECT task_instance.state, task_instance.try_number, task_instance.max_tries, task_instance.dag_id, task_instance.task_id, task_instance.run_id, task_instance.map_index, task_instance.hostname, dag_r
00:10:18.902|103|idle in transaction|Client|SELECT asset_alias.id, asset_alias.name, asset_alias."group" FROM asset_alias WHERE asset_alias.name IN (NULL) AND (1 != 1)
00:10:18.902|106|active|Lock|SELECT task_instance.state, task_instance.try_number, task_instance.max_tries, task_instance.dag_id, task_instance.task_id, task_instance.run_id, task_instance.map_index, task_instance.hostname, dag_r
00:10:18.902|8379|active|Lock|SELECT task_instance.state, task_instance.try_number, task_instance.max_tries, task_instance.dag_id, task_instance.task_id, task_instance.run_id, task_instance.map_index, task_instance.hostname, dag_r
00:10:18.902|8478|active|Lock|SELECT task_instance.state, task_instance.try_number, task_instance.max_tries, task_instance.dag_id, task_instance.task_id, task_instance.run_id, task_instance.map_index, task_instance.hostname, dag_r
00:10:19.465|103|active||SELECT asset_partition_dag_run.id, asset_partition_dag_run.target_dag_id, asset_partition_dag_run.created_dag_run_id, asset_partition_dag_run.partition_key, asset_partition_dag_run.partition_date, ass
00:10:19.465|106|active|Lock|SELECT task_instance.state, task_instance.try_number, task_instance.max_tries, task_instance.dag_id, task_instance.task_id, task_instance.run_id, task_instance.map_index, task_instance.hostname, dag_r
00:10:19.465|8379|active|Lock|SELECT task_instance.state, task_instance.try_number, task_instance.max_tries, task_instance.dag_id, task_instance.task_id, task_instance.run_id, task_instance.map_index, task_instance.hostname, dag_r
00:10:19.465|8478|active|Lock|SELECT task_instance.state, task_instance.try_number, task_instance.max_tries, task_instance.dag_id, task_instance.task_id, task_instance.run_id, task_instance.map_index, task_instance.hostname, dag_r
00:10:20.028|103|idle in transaction|Client|SELECT dag.dag_id, dag.is_paused, dag.is_stale, dag.exceeds_max_non_backfill, dag.last_parsed_time, dag.last_parse_duration, dag.last_expired, dag.fileloc, dag.relative_fileloc, dag.bundle_name, dag.b
00:10:20.028|106|active|Lock|SELECT task_instance.state, task_instance.try_number, task_instance.max_tries, task_instance.dag_id, task_instance.task_id, task_instance.run_id, task_instance.map_index, task_instance.hostname, dag_r
00:10:20.028|8379|active|Lock|SELECT task_instance.state, task_instance.try_number, task_instance.max_tries, task_instance.dag_id, task_instance.task_id, task_instance.run_id, task_instance.map_index, task_instance.hostname, dag_r
00:10:20.028|8478|active|Lock|SELECT task_instance.state, task_instance.try_number, task_instance.max_tries, task_instance.dag_id, task_instance.task_id, task_instance.run_id, task_instance.map_index, task_instance.hostname, dag_r
00:10:20.601|103|idle in transaction||SELECT asset.id FROM asset WHERE asset.id = 1 FOR NO KEY UPDATE
00:10:20.601|106|active|Lock|SELECT task_instance.state, task_instance.try_number, task_instance.max_tries, task_instance.dag_id, task_instance.task_id, task_instance.run_id, task_instance.map_index, task_instance.hostname, dag_r
00:10:20.601|8379|active|Lock|SELECT task_instance.state, task_instance.try_number, task_instance.max_tries, task_instance.dag_id, task_instance.task_id, task_instance.run_id, task_instance.map_index, task_instance.hostname, dag_r
00:10:20.601|8478|active|Lock|SELECT task_instance.state, task_instance.try_number, task_instance.max_tries, task_instance.dag_id, task_instance.task_id, task_instance.run_id, task_instance.map_index, task_instance.hostname, dag_r
00:10:21.169|103|idle in transaction|Client|SELECT serialized_dag.id, serialized_dag.dag_id, serialized_dag.data, serialized_dag.data_compressed, serialized_dag.created_at, serialized_dag.last_updated, serialized_dag.dag_hash, serialized_dag.da
00:10:21.169|106|active|Lock|SELECT task_instance.state, task_instance.try_number, task_instance.max_tries, task_instance.dag_id, task_instance.task_id, task_instance.run_id, task_instance.map_index, task_instance.hostname, dag_r
00:10:21.169|8379|active|Lock|SELECT task_instance.state, task_instance.try_number, task_instance.max_tries, task_instance.dag_id, task_instance.task_id, task_instance.run_id, task_instance.map_index, task_instance.hostname, dag_r
00:10:21.169|8478|active|Lock|SELECT task_instance.state, task_instance.try_number, task_instance.max_tries, task_instance.dag_id, task_instance.task_id, task_instance.run_id, task_instance.map_index, task_instance.hostname, dag_r
00:10:21.731|103|idle in transaction|Client|SELECT asset.id, asset.name, asset.uri, asset."group", asset.extra, asset.created_at, asset.updated_at FROM asset WHERE asset.id = 1
00:10:21.731|106|active|Lock|SELECT task_instance.state, task_instance.try_number, task_instance.max_tries, task_instance.dag_id, task_instance.task_id, task_instance.run_id, task_instance.map_index, task_instance.hostname, dag_r
00:10:21.731|8379|active|Lock|SELECT task_instance.state, task_instance.try_number, task_instance.max_tries, task_instance.dag_id, task_instance.task_id, task_instance.run_id, task_instance.map_index, task_instance.hostname, dag_r
00:10:21.731|8478|active|Lock|SELECT task_instance.state, task_instance.try_number, task_instance.max_tries, task_instance.dag_id, task_instance.task_id, task_instance.run_id, task_instance.map_index, task_instance.hostname, dag_r
00:10:22.293|103|idle in transaction|Client|SELECT asset.id, asset.name, asset.uri, asset."group", asset.extra, asset.created_at, asset.updated_at, asset_active_1.name AS name_1, asset_active_1.uri AS uri_1, dag_1.dag_id, dag_1.is_paused, dag_1
00:10:22.293|106|active|Lock|SELECT task_instance.state, task_instance.try_number, task_instance.max_tries, task_instance.dag_id, task_instance.task_id, task_instance.run_id, task_instance.map_index, task_instance.hostname, dag_r
00:10:22.293|8379|active|Lock|SELECT task_instance.state, task_instance.try_number, task_instance.max_tries, task_instance.dag_id, task_instance.task_id, task_instance.run_id, task_instance.map_index, task_instance.hostname, dag_r
00:10:22.293|8478|active|Lock|SELECT task_instance.state, task_instance.try_number, task_instance.max_tries, task_instance.dag_id, task_instance.task_id, task_instance.run_id, task_instance.map_index, task_instance.hostname, dag_r
00:10:22.861|103|active||SELECT asset_partition_dag_run.id, asset_partition_dag_run.target_dag_id, asset_partition_dag_run.created_dag_run_id, asset_partition_dag_run.partition_key, asset_partition_dag_run.partition_date, ass
00:10:22.861|106|active|Lock|SELECT task_instance.state, task_instance.try_number, task_instance.max_tries, task_instance.dag_id, task_instance.task_id, task_instance.run_id, task_instance.map_index, task_instance.hostname, dag_r
00:10:22.861|8379|active|Lock|SELECT task_instance.state, task_instance.try_number, task_instance.max_tries, task_instance.dag_id, task_instance.task_id, task_instance.run_id, task_instance.map_index, task_instance.hostname, dag_r
00:10:22.861|8478|active|Lock|SELECT task_instance.state, task_instance.try_number, task_instance.max_tries, task_instance.dag_id, task_instance.task_id, task_instance.run_id, task_instance.map_index, task_instance.hostname, dag_r
00:10:23.422|103|idle in transaction|Client|SELECT serialized_dag.id, serialized_dag.dag_id, serialized_dag.data, serialized_dag.data_compressed, serialized_dag.created_at, serialized_dag.last_updated, serialized_dag.dag_hash, serialized_dag.da
00:10:23.422|106|active|Lock|SELECT task_instance.state, task_instance.try_number, task_instance.max_tries, task_instance.dag_id, task_instance.task_id, task_instance.run_id, task_instance.map_index, task_instance.hostname, dag_r
00:10:23.422|8379|active|Lock|SELECT task_instance.state, task_instance.try_number, task_instance.max_tries, task_instance.dag_id, task_instance.task_id, task_instance.run_id, task_instance.map_index, task_instance.hostname, dag_r
00:10:23.422|8478|active|Lock|SELECT task_instance.state, task_instance.try_number, task_instance.max_tries, task_instance.dag_id, task_instance.task_id, task_instance.run_id, task_instance.map_index, task_instance.hostname, dag_r
00:10:23.993|103|idle in transaction|Client|SELECT asset.id, asset.name, asset.uri, asset."group", asset.extra, asset.created_at, asset.updated_at, asset_active_1.name AS name_1, asset_active_1.uri AS uri_1, dag_1.dag_id, dag_1.is_paused, dag_1
00:10:23.993|106|active|Lock|SELECT task_instance.state, task_instance.try_number, task_instance.max_tries, task_instance.dag_id, task_instance.task_id, task_instance.run_id, task_instance.map_index, task_instance.hostname, dag_r
00:10:23.993|8379|active|Lock|SELECT task_instance.state, task_instance.try_number, task_instance.max_tries, task_instance.dag_id, task_instance.task_id, task_instance.run_id, task_instance.map_index, task_instance.hostname, dag_r
00:10:23.993|8478|active|Lock|SELECT task_instance.state, task_instance.try_number, task_instance.max_tries, task_instance.dag_id, task_instance.task_id, task_instance.run_id, task_instance.map_index, task_instance.hostname, dag_r
00:10:24.578|103|idle in transaction|Client|SELECT asset.id, asset.name, asset.uri, asset."group", asset.extra, asset.created_at, asset.updated_at FROM asset WHERE asset.id = 1
00:10:24.578|106|active|Lock|SELECT task_instance.state, task_instance.try_number, task_instance.max_tries, task_instance.dag_id, task_instance.task_id, task_instance.run_id, task_instance.map_index, task_instance.hostname, dag_r
00:10:24.578|8379|active|Lock|SELECT task_instance.state, task_instance.try_number, task_instance.max_tries, task_instance.dag_id, task_instance.task_id, task_instance.run_id, task_instance.map_index, task_instance.hostname, dag_r
00:10:24.578|8478|active|Lock|SELECT task_instance.state, task_instance.try_number, task_instance.max_tries, task_instance.dag_id, task_instance.task_id, task_instance.run_id, task_instance.map_index, task_instance.hostname, dag_r
00:10:25.148|103|idle in transaction|Client|SELECT serialized_dag.id, serialized_dag.dag_id, serialized_dag.data, serialized_dag.data_compressed, serialized_dag.created_at, serialized_dag.last_updated, serialized_dag.dag_hash, serialized_dag.da
00:10:25.148|106|active|Lock|SELECT task_instance.state, task_instance.try_number, task_instance.max_tries, task_instance.dag_id, task_instance.task_id, task_instance.run_id, task_instance.map_index, task_instance.hostname, dag_r
00:10:25.148|8379|active|Lock|SELECT task_instance.state, task_instance.try_number, task_instance.max_tries, task_instance.dag_id, task_instance.task_id, task_instance.run_id, task_instance.map_index, task_instance.hostname, dag_r
00:10:25.148|8478|active|Lock|SELECT task_instance.state, task_instance.try_number, task_instance.max_tries, task_instance.dag_id, task_instance.task_id, task_instance.run_id, task_instance.map_index, task_instance.hostname, dag_r
00:10:25.148|8632|active|Lock|SELECT task_instance.state, task_instance.try_number, task_instance.max_tries, task_instance.dag_id, task_instance.task_id, task_instance.run_id, task_instance.map_index, task_instance.hostname, dag_r
00:10:25.709|103|idle in transaction||SELECT serialized_dag.id, serialized_dag.dag_id, serialized_dag.data, serialized_dag.data_compressed, serialized_dag.created_at, serialized_dag.last_updated, serialized_dag.dag_hash, serialized_dag.da
00:10:25.709|106|active|Lock|SELECT task_instance.state, task_instance.try_number, task_instance.max_tries, task_instance.dag_id, task_instance.task_id, task_instance.run_id, task_instance.map_index, task_instance.hostname, dag_r
00:10:25.709|8197|active||select coalesce(state,'none'), count(*) from task_instance where dag_id='bench_partition_consumer' group by 1
00:10:25.709|8379|active|Lock|SELECT task_instance.state, task_instance.try_number, task_instance.max_tries, task_instance.dag_id, task_instance.task_id, task_instance.run_id, task_instance.map_index, task_instance.hostname, dag_r
00:10:25.709|8478|active|Lock|SELECT task_instance.state, task_instance.try_number, task_instance.max_tries, task_instance.dag_id, task_instance.task_id, task_instance.run_id, task_instance.map_index, task_instance.hostname, dag_r
00:10:25.709|8632|active|Lock|SELECT task_instance.state, task_instance.try_number, task_instance.max_tries, task_instance.dag_id, task_instance.task_id, task_instance.run_id, task_instance.map_index, task_instance.hostname, dag_r
00:10:26.301|103|idle in transaction|Client|SELECT asset_alias.id, asset_alias.name, asset_alias."group" FROM asset_alias WHERE asset_alias.name IN (NULL) AND (1 != 1)
00:10:26.301|106|active|Lock|SELECT task_instance.state, task_instance.try_number, task_instance.max_tries, task_instance.dag_id, task_instance.task_id, task_instance.run_id, task_instance.map_index, task_instance.hostname, dag_r
00:10:26.301|8379|active|Lock|SELECT task_instance.state, task_instance.try_number, task_instance.max_tries, task_instance.dag_id, task_instance.task_id, task_instance.run_id, task_instance.map_index, task_instance.hostname, dag_r
00:10:26.301|8478|active|Lock|SELECT task_instance.state, task_instance.try_number, task_instance.max_tries, task_instance.dag_id, task_instance.task_id, task_instance.run_id, task_instance.map_index, task_instance.hostname, dag_r
00:10:26.301|8632|active|Lock|SELECT task_instance.state, task_instance.try_number, task_instance.max_tries, task_instance.dag_id, task_instance.task_id, task_instance.run_id, task_instance.map_index, task_instance.hostname, dag_r
00:10:26.874|103|idle in transaction|Client|SELECT asset_alias.id, asset_alias.name, asset_alias."group" FROM asset_alias WHERE asset_alias.name IN (NULL) AND (1 != 1)
00:10:26.874|106|active|Lock|SELECT task_instance.state, task_instance.try_number, task_instance.max_tries, task_instance.dag_id, task_instance.task_id, task_instance.run_id, task_instance.map_index, task_instance.hostname, dag_r
00:10:26.874|8379|active|Lock|SELECT task_instance.state, task_instance.try_number, task_instance.max_tries, task_instance.dag_id, task_instance.task_id, task_instance.run_id, task_instance.map_index, task_instance.hostname, dag_r
00:10:26.874|8478|active|Lock|SELECT task_instance.state, task_instance.try_number, task_instance.max_tries, task_instance.dag_id, task_instance.task_id, task_instance.run_id, task_instance.map_index, task_instance.hostname, dag_r
00:10:26.874|8632|active|Lock|SELECT task_instance.state, task_instance.try_number, task_instance.max_tries, task_instance.dag_id, task_instance.task_id, task_instance.run_id, task_instance.map_index, task_instance.hostname, dag_r
00:10:27.443|103|idle in transaction||SELECT asset.id FROM asset WHERE asset.id = 1 FOR NO KEY UPDATE
00:10:27.443|106|active|Lock|SELECT task_instance.state, task_instance.try_number, task_instance.max_tries, task_instance.dag_id, task_instance.task_id, task_instance.run_id, task_instance.map_index, task_instance.hostname, dag_r
00:10:27.443|8379|active|Lock|SELECT task_instance.state, task_instance.try_number, task_instance.max_tries, task_instance.dag_id, task_instance.task_id, task_instance.run_id, task_instance.map_index, task_instance.hostname, dag_r
00:10:27.443|8478|active|Lock|SELECT task_instance.state, task_instance.try_number, task_instance.max_tries, task_instance.dag_id, task_instance.task_id, task_instance.run_id, task_instance.map_index, task_instance.hostname, dag_r
00:10:27.443|8632|active|Lock|SELECT task_instance.state, task_instance.try_number, task_instance.max_tries, task_instance.dag_id, task_instance.task_id, task_instance.run_id, task_instance.map_index, task_instance.hostname, dag_r
00:10:28.007|103|idle in transaction|Client|SELECT asset.id FROM asset WHERE asset.id = 1 FOR NO KEY UPDATE
00:10:28.007|106|active|Lock|SELECT task_instance.state, task_instance.try_number, task_instance.max_tries, task_instance.dag_id, task_instance.task_id, task_instance.run_id, task_instance.map_index, task_instance.hostname, dag_r
00:10:28.007|8379|active|Lock|SELECT task_instance.state, task_instance.try_number, task_instance.max_tries, task_instance.dag_id, task_instance.task_id, task_instance.run_id, task_instance.map_index, task_instance.hostname, dag_r
00:10:28.007|8478|active|Lock|SELECT task_instance.state, task_instance.try_number, task_instance.max_tries, task_instance.dag_id, task_instance.task_id, task_instance.run_id, task_instance.map_index, task_instance.hostname, dag_r
00:10:28.007|8632|active|Lock|SELECT task_instance.state, task_instance.try_number, task_instance.max_tries, task_instance.dag_id, task_instance.task_id, task_instance.run_id, task_instance.map_index, task_instance.hostname, dag_r
00:10:28.578|103|idle in transaction|Client|INSERT INTO asset_event (asset_id, extra, source_task_id, source_dag_id, source_run_id, source_map_index, timestamp, partition_key) VALUES (1, '{}'::JSON, 'emit', 'bench_partition_producer', 'part_10k
00:10:28.578|106|active|Lock|SELECT task_instance.state, task_instance.try_number, task_instance.max_tries, task_instance.dag_id, task_instance.task_id, task_instance.run_id, task_instance.map_index, task_instance.hostname, dag_r
00:10:28.578|8379|active|Lock|SELECT task_instance.state, task_instance.try_number, task_instance.max_tries, task_instance.dag_id, task_instance.task_id, task_instance.run_id, task_instance.map_index, task_instance.hostname, dag_r
00:10:28.578|8478|active|Lock|SELECT task_instance.state, task_instance.try_number, task_instance.max_tries, task_instance.dag_id, task_instance.task_id, task_instance.run_id, task_instance.map_index, task_instance.hostname, dag_r
00:10:28.578|8632|active|Lock|SELECT task_instance.state, task_instance.try_number, task_instance.max_tries, task_instance.dag_id, task_instance.task_id, task_instance.run_id, task_instance.map_index, task_instance.hostname, dag_r
00:10:29.138|103|idle in transaction|Client|INSERT INTO asset_partition_dag_run (target_dag_id, created_dag_run_id, partition_key, partition_date, rollup_fingerprint, created_at, updated_at) VALUES ('bench_partition_consumer', NULL, 'ACCT000034
00:10:29.138|106|active|Lock|SELECT task_instance.state, task_instance.try_number, task_instance.max_tries, task_instance.dag_id, task_instance.task_id, task_instance.run_id, task_instance.map_index, task_instance.hostname, dag_r
00:10:29.138|8379|active|Lock|SELECT task_instance.state, task_instance.try_number, task_instance.max_tries, task_instance.dag_id, task_instance.task_id, task_instance.run_id, task_instance.map_index, task_instance.hostname, dag_r
00:10:29.138|8478|active|Lock|SELECT task_instance.state, task_instance.try_number, task_instance.max_tries, task_instance.dag_id, task_instance.task_id, task_instance.run_id, task_instance.map_index, task_instance.hostname, dag_r
00:10:29.138|8632|active|Lock|SELECT task_instance.state, task_instance.try_number, task_instance.max_tries, task_instance.dag_id, task_instance.task_id, task_instance.run_id, task_instance.map_index, task_instance.hostname, dag_r
00:10:29.696|103|idle in transaction|Client|SELECT asset_partition_dag_run.id, asset_partition_dag_run.target_dag_id, asset_partition_dag_run.created_dag_run_id, asset_partition_dag_run.partition_key, asset_partition_dag_run.partition_date, ass
00:10:29.696|106|active|Lock|SELECT task_instance.state, task_instance.try_number, task_instance.max_tries, task_instance.dag_id, task_instance.task_id, task_instance.run_id, task_instance.map_index, task_instance.hostname, dag_r
00:10:29.696|8379|active|Lock|SELECT task_instance.state, task_instance.try_number, task_instance.max_tries, task_instance.dag_id, task_instance.task_id, task_instance.run_id, task_instance.map_index, task_instance.hostname, dag_r
00:10:29.696|8478|active|Lock|SELECT task_instance.state, task_instance.try_number, task_instance.max_tries, task_instance.dag_id, task_instance.task_id, task_instance.run_id, task_instance.map_index, task_instance.hostname, dag_r
00:10:29.696|8632|active|Lock|SELECT task_instance.state, task_instance.try_number, task_instance.max_tries, task_instance.dag_id, task_instance.task_id, task_instance.run_id, task_instance.map_index, task_instance.hostname, dag_r
00:10:30.268|103|idle in transaction|Client|SELECT asset_alias.id, asset_alias.name, asset_alias."group" FROM asset_alias WHERE asset_alias.name IN (NULL) AND (1 != 1)
00:10:30.268|106|active|Lock|SELECT task_instance.state, task_instance.try_number, task_instance.max_tries, task_instance.dag_id, task_instance.task_id, task_instance.run_id, task_instance.map_index, task_instance.hostname, dag_r
00:10:30.268|8379|active|Lock|SELECT task_instance.state, task_instance.try_number, task_instance.max_tries, task_instance.dag_id, task_instance.task_id, task_instance.run_id, task_instance.map_index, task_instance.hostname, dag_r
00:10:30.268|8478|active|Lock|SELECT task_instance.state, task_instance.try_number, task_instance.max_tries, task_instance.dag_id, task_instance.task_id, task_instance.run_id, task_instance.map_index, task_instance.hostname, dag_r
00:10:30.268|8632|active|Lock|SELECT task_instance.state, task_instance.try_number, task_instance.max_tries, task_instance.dag_id, task_instance.task_id, task_instance.run_id, task_instance.map_index, task_instance.hostname, dag_r
00:10:30.268|8696|active|Lock|UPDATE task_instance SET last_heartbeat_at='2026-09-30T00:10:29.936004+00:00'::timestamptz, updated_at='2026-09-30T00:10:29.945740+00:00'::timestamptz WHERE task_instance.id = '01a0efa5-6561-72de-8980
00:10:30.838|103|active||SELECT asset_partition_dag_run.id, asset_partition_dag_run.target_dag_id, asset_partition_dag_run.created_dag_run_id, asset_partition_dag_run.partition_key, asset_partition_dag_run.partition_date, ass
00:10:30.838|106|active|Lock|SELECT task_instance.state, task_instance.try_number, task_instance.max_tries, task_instance.dag_id, task_instance.task_id, task_instance.run_id, task_instance.map_index, task_instance.hostname, dag_r
00:10:30.838|8379|active|Lock|SELECT task_instance.state, task_instance.try_number, task_instance.max_tries, task_instance.dag_id, task_instance.task_id, task_instance.run_id, task_instance.map_index, task_instance.hostname, dag_r
00:10:30.838|8478|active|Lock|SELECT task_instance.state, task_instance.try_number, task_instance.max_tries, task_instance.dag_id, task_instance.task_id, task_instance.run_id, task_instance.map_index, task_instance.hostname, dag_r
00:10:30.838|8632|active|Lock|SELECT task_instance.state, task_instance.try_number, task_instance.max_tries, task_instance.dag_id, task_instance.task_id, task_instance.run_id, task_instance.map_index, task_instance.hostname, dag_r
00:10:30.838|8696|active|Lock|UPDATE task_instance SET last_heartbeat_at='2026-09-30T00:10:29.936004+00:00'::timestamptz, updated_at='2026-09-30T00:10:29.945740+00:00'::timestamptz WHERE task_instance.id = '01a0efa5-6561-72de-8980
00:10:31.399|103|idle in transaction|Client|SELECT asset.id, asset.name, asset.uri, asset."group", asset.extra, asset.created_at, asset.updated_at FROM asset WHERE asset.id = 1
00:10:31.399|106|active|Lock|SELECT task_instance.state, task_instance.try_number, task_instance.max_tries, task_instance.dag_id, task_instance.task_id, task_instance.run_id, task_instance.map_index, task_instance.hostname, dag_r
00:10:31.399|8379|active|Lock|SELECT task_instance.state, task_instance.try_number, task_instance.max_tries, task_instance.dag_id, task_instance.task_id, task_instance.run_id, task_instance.map_index, task_instance.hostname, dag_r
00:10:31.399|8478|active|Lock|SELECT task_instance.state, task_instance.try_number, task_instance.max_tries, task_instance.dag_id, task_instance.task_id, task_instance.run_id, task_instance.map_index, task_instance.hostname, dag_r
00:10:31.399|8632|active|Lock|SELECT task_instance.state, task_instance.try_number, task_instance.max_tries, task_instance.dag_id, task_instance.task_id, task_instance.run_id, task_instance.map_index, task_instance.hostname, dag_r
00:10:31.399|8696|active|Lock|UPDATE task_instance SET last_heartbeat_at='2026-09-30T00:10:29.936004+00:00'::timestamptz, updated_at='2026-09-30T00:10:29.945740+00:00'::timestamptz WHERE task_instance.id = '01a0efa5-6561-72de-8980
00:10:31.965|103|active||SELECT asset_partition_dag_run.id, asset_partition_dag_run.target_dag_id, asset_partition_dag_run.created_dag_run_id, asset_partition_dag_run.partition_key, asset_partition_dag_run.partition_date, ass
00:10:31.965|106|active|Lock|SELECT task_instance.state, task_instance.try_number, task_instance.max_tries, task_instance.dag_id, task_instance.task_id, task_instance.run_id, task_instance.map_index, task_instance.hostname, dag_r
00:10:31.965|8379|active|Lock|SELECT task_instance.state, task_instance.try_number, task_instance.max_tries, task_instance.dag_id, task_instance.task_id, task_instance.run_id, task_instance.map_index, task_instance.hostname, dag_r
00:10:31.965|8478|active|Lock|SELECT task_instance.state, task_instance.try_number, task_instance.max_tries, task_instance.dag_id, task_instance.task_id, task_instance.run_id, task_instance.map_index, task_instance.hostname, dag_r
00:10:31.965|8632|active|Lock|SELECT task_instance.state, task_instance.try_number, task_instance.max_tries, task_instance.dag_id, task_instance.task_id, task_instance.run_id, task_instance.map_index, task_instance.hostname, dag_r
00:10:31.965|8696|active|Lock|UPDATE task_instance SET last_heartbeat_at='2026-09-30T00:10:29.936004+00:00'::timestamptz, updated_at='2026-09-30T00:10:29.945740+00:00'::timestamptz WHERE task_instance.id = '01a0efa5-6561-72de-8980
00:10:32.535|103|idle in transaction|Client|SELECT asset.id, asset.name, asset.uri, asset."group", asset.extra, asset.created_at, asset.updated_at, asset_active_1.name AS name_1, asset_active_1.uri AS uri_1, dag_1.dag_id, dag_1.is_paused, dag_1
00:10:32.535|106|active|Lock|SELECT task_instance.state, task_instance.try_number, task_instance.max_tries, task_instance.dag_id, task_instance.task_id, task_instance.run_id, task_instance.map_index, task_instance.hostname, dag_r
00:10:32.535|8379|active|Lock|SELECT task_instance.state, task_instance.try_number, task_instance.max_tries, task_instance.dag_id, task_instance.task_id, task_instance.run_id, task_instance.map_index, task_instance.hostname, dag_r
00:10:32.535|8478|active|Lock|SELECT task_instance.state, task_instance.try_number, task_instance.max_tries, task_instance.dag_id, task_instance.task_id, task_instance.run_id, task_instance.map_index, task_instance.hostname, dag_r
00:10:32.535|8632|active|Lock|SELECT task_instance.state, task_instance.try_number, task_instance.max_tries, task_instance.dag_id, task_instance.task_id, task_instance.run_id, task_instance.map_index, task_instance.hostname, dag_r
00:10:32.535|8696|active|Lock|UPDATE task_instance SET last_heartbeat_at='2026-09-30T00:10:29.936004+00:00'::timestamptz, updated_at='2026-09-30T00:10:29.945740+00:00'::timestamptz WHERE task_instance.id = '01a0efa5-6561-72de-8980
00:10:33.095|103|idle in transaction|Client|SELECT serialized_dag.id, serialized_dag.dag_id, serialized_dag.data, serialized_dag.data_compressed, serialized_dag.created_at, serialized_dag.last_updated, serialized_dag.dag_hash, serialized_dag.da
00:10:33.095|106|active|Lock|SELECT task_instance.state, task_instance.try_number, task_instance.max_tries, task_instance.dag_id, task_instance.task_id, task_instance.run_id, task_instance.map_index, task_instance.hostname, dag_r
00:10:33.095|8379|active|Lock|SELECT task_instance.state, task_instance.try_number, task_instance.max_tries, task_instance.dag_id, task_instance.task_id, task_instance.run_id, task_instance.map_index, task_instance.hostname, dag_r
00:10:33.095|8478|active|Lock|SELECT task_instance.state, task_instance.try_number, task_instance.max_tries, task_instance.dag_id, task_instance.task_id, task_instance.run_id, task_instance.map_index, task_instance.hostname, dag_r
00:10:33.095|8632|active|Lock|SELECT task_instance.state, task_instance.try_number, task_instance.max_tries, task_instance.dag_id, task_instance.task_id, task_instance.run_id, task_instance.map_index, task_instance.hostname, dag_r
00:10:33.095|8696|active|Lock|UPDATE task_instance SET last_heartbeat_at='2026-09-30T00:10:29.936004+00:00'::timestamptz, updated_at='2026-09-30T00:10:29.945740+00:00'::timestamptz WHERE task_instance.id = '01a0efa5-6561-72de-8980
00:10:33.648|103|active||SELECT asset_partition_dag_run.id, asset_partition_dag_run.target_dag_id, asset_partition_dag_run.created_dag_run_id, asset_partition_dag_run.partition_key, asset_partition_dag_run.partition_date, ass
00:10:33.648|106|active|Lock|SELECT task_instance.state, task_instance.try_number, task_instance.max_tries, task_instance.dag_id, task_instance.task_id, task_instance.run_id, task_instance.map_index, task_instance.hostname, dag_r
00:10:33.648|8379|active|Lock|SELECT task_instance.state, task_instance.try_number, task_instance.max_tries, task_instance.dag_id, task_instance.task_id, task_instance.run_id, task_instance.map_index, task_instance.hostname, dag_r
00:10:33.648|8478|active|Lock|SELECT task_instance.state, task_instance.try_number, task_instance.max_tries, task_instance.dag_id, task_instance.task_id, task_instance.run_id, task_instance.map_index, task_instance.hostname, dag_r
00:10:33.648|8632|active|Lock|SELECT task_instance.state, task_instance.try_number, task_instance.max_tries, task_instance.dag_id, task_instance.task_id, task_instance.run_id, task_instance.map_index, task_instance.hostname, dag_r
00:10:33.648|8696|active|Lock|UPDATE task_instance SET last_heartbeat_at='2026-09-30T00:10:29.936004+00:00'::timestamptz, updated_at='2026-09-30T00:10:29.945740+00:00'::timestamptz WHERE task_instance.id = '01a0efa5-6561-72de-8980
00:10:34.212|103|idle in transaction|Client|SELECT serialized_dag.id, serialized_dag.dag_id, serialized_dag.data, serialized_dag.data_compressed, serialized_dag.created_at, serialized_dag.last_updated, serialized_dag.dag_hash, serialized_dag.da
00:10:34.212|106|active|Lock|SELECT task_instance.state, task_instance.try_number, task_instance.max_tries, task_instance.dag_id, task_instance.task_id, task_instance.run_id, task_instance.map_index, task_instance.hostname, dag_r
00:10:34.212|8379|active|Lock|SELECT task_instance.state, task_instance.try_number, task_instance.max_tries, task_instance.dag_id, task_instance.task_id, task_instance.run_id, task_instance.map_index, task_instance.hostname, dag_r
00:10:34.212|8478|active|Lock|SELECT task_instance.state, task_instance.try_number, task_instance.max_tries, task_instance.dag_id, task_instance.task_id, task_instance.run_id, task_instance.map_index, task_instance.hostname, dag_r
00:10:34.212|8632|active|Lock|SELECT task_instance.state, task_instance.try_number, task_instance.max_tries, task_instance.dag_id, task_instance.task_id, task_instance.run_id, task_instance.map_index, task_instance.hostname, dag_r
00:10:34.212|8696|active|Lock|UPDATE task_instance SET last_heartbeat_at='2026-09-30T00:10:29.936004+00:00'::timestamptz, updated_at='2026-09-30T00:10:29.945740+00:00'::timestamptz WHERE task_instance.id = '01a0efa5-6561-72de-8980
00:10:34.773|103|idle in transaction|Client|INSERT INTO asset_partition_dag_run (target_dag_id, created_dag_run_id, partition_key, partition_date, rollup_fingerprint, created_at, updated_at) VALUES ('bench_partition_consumer', NULL, 'ACCT000053
00:10:34.773|106|active|Lock|SELECT task_instance.state, task_instance.try_number, task_instance.max_tries, task_instance.dag_id, task_instance.task_id, task_instance.run_id, task_instance.map_index, task_instance.hostname, dag_r
00:10:34.773|8379|active|Lock|SELECT task_instance.state, task_instance.try_number, task_instance.max_tries, task_instance.dag_id, task_instance.task_id, task_instance.run_id, task_instance.map_index, task_instance.hostname, dag_r
00:10:34.773|8478|active|Lock|SELECT task_instance.state, task_instance.try_number, task_instance.max_tries, task_instance.dag_id, task_instance.task_id, task_instance.run_id, task_instance.map_index, task_instance.hostname, dag_r
00:10:34.773|8632|active|Lock|SELECT task_instance.state, task_instance.try_number, task_instance.max_tries, task_instance.dag_id, task_instance.task_id, task_instance.run_id, task_instance.map_index, task_instance.hostname, dag_r
00:10:34.773|8696|active|Lock|UPDATE task_instance SET last_heartbeat_at='2026-09-30T00:10:29.936004+00:00'::timestamptz, updated_at='2026-09-30T00:10:29.945740+00:00'::timestamptz WHERE task_instance.id = '01a0efa5-6561-72de-8980
00:10:35.342|103|idle in transaction|Client|SELECT serialized_dag.id, serialized_dag.dag_id, serialized_dag.data, serialized_dag.data_compressed, serialized_dag.created_at, serialized_dag.last_updated, serialized_dag.dag_hash, serialized_dag.da
00:10:35.342|106|active|Lock|SELECT task_instance.state, task_instance.try_number, task_instance.max_tries, task_instance.dag_id, task_instance.task_id, task_instance.run_id, task_instance.map_index, task_instance.hostname, dag_r
00:10:35.342|8379|active|Lock|SELECT task_instance.state, task_instance.try_number, task_instance.max_tries, task_instance.dag_id, task_instance.task_id, task_instance.run_id, task_instance.map_index, task_instance.hostname, dag_r
00:10:35.342|8478|active|Lock|SELECT task_instance.state, task_instance.try_number, task_instance.max_tries, task_instance.dag_id, task_instance.task_id, task_instance.run_id, task_instance.map_index, task_instance.hostname, dag_r
00:10:35.342|8632|active|Lock|SELECT task_instance.state, task_instance.try_number, task_instance.max_tries, task_instance.dag_id, task_instance.task_id, task_instance.run_id, task_instance.map_index, task_instance.hostname, dag_r
00:10:35.342|8696|active|Lock|UPDATE task_instance SET last_heartbeat_at='2026-09-30T00:10:29.936004+00:00'::timestamptz, updated_at='2026-09-30T00:10:29.945740+00:00'::timestamptz WHERE task_instance.id = '01a0efa5-6561-72de-8980
00:10:35.924|103|idle in transaction|Client|SELECT asset.id, asset.name, asset.uri, asset."group", asset.extra, asset.created_at, asset.updated_at FROM asset WHERE asset.id = 1
00:10:35.924|106|active|Lock|SELECT task_instance.state, task_instance.try_number, task_instance.max_tries, task_instance.dag_id, task_instance.task_id, task_instance.run_id, task_instance.map_index, task_instance.hostname, dag_r
00:10:35.924|8379|active|Lock|SELECT task_instance.state, task_instance.try_number, task_instance.max_tries, task_instance.dag_id, task_instance.task_id, task_instance.run_id, task_instance.map_index, task_instance.hostname, dag_r
00:10:35.924|8478|active|Lock|SELECT task_instance.state, task_instance.try_number, task_instance.max_tries, task_instance.dag_id, task_instance.task_id, task_instance.run_id, task_instance.map_index, task_instance.hostname, dag_r
00:10:35.924|8632|active|Lock|SELECT task_instance.state, task_instance.try_number, task_instance.max_tries, task_instance.dag_id, task_instance.task_id, task_instance.run_id, task_instance.map_index, task_instance.hostname, dag_r
00:10:35.924|8696|active|Lock|UPDATE task_instance SET last_heartbeat_at='2026-09-30T00:10:29.936004+00:00'::timestamptz, updated_at='2026-09-30T00:10:29.945740+00:00'::timestamptz WHERE task_instance.id = '01a0efa5-6561-72de-8980
00:10:36.491|103|idle in transaction|Client|SELECT asset.id, asset.name, asset.uri, asset."group", asset.extra, asset.created_at, asset.updated_at FROM asset WHERE asset.id = 1
00:10:36.491|106|active|Lock|SELECT task_instance.state, task_instance.try_number, task_instance.max_tries, task_instance.dag_id, task_instance.task_id, task_instance.run_id, task_instance.map_index, task_instance.hostname, dag_r
00:10:36.491|8379|active|Lock|SELECT task_instance.state, task_instance.try_number, task_instance.max_tries, task_instance.dag_id, task_instance.task_id, task_instance.run_id, task_instance.map_index, task_instance.hostname, dag_r
00:10:36.491|8478|active|Lock|SELECT task_instance.state, task_instance.try_number, task_instance.max_tries, task_instance.dag_id, task_instance.task_id, task_instance.run_id, task_instance.map_index, task_instance.hostname, dag_r
00:10:36.491|8632|active|Lock|SELECT task_instance.state, task_instance.try_number, task_instance.max_tries, task_instance.dag_id, task_instance.task_id, task_instance.run_id, task_instance.map_index, task_instance.hostname, dag_r
00:10:36.491|8696|active|Lock|UPDATE task_instance SET last_heartbeat_at='2026-09-30T00:10:29.936004+00:00'::timestamptz, updated_at='2026-09-30T00:10:29.945740+00:00'::timestamptz WHERE task_instance.id = '01a0efa5-6561-72de-8980
00:10:36.491|8775|active|Lock|UPDATE task_instance SET last_heartbeat_at='2026-09-30T00:10:35.936862+00:00'::timestamptz, updated_at='2026-09-30T00:10:35.946826+00:00'::timestamptz WHERE task_instance.id = '01a0efa5-6561-72de-8980
00:10:37.061|103|idle in transaction|Client|INSERT INTO asset_partition_dag_run (target_dag_id, created_dag_run_id, partition_key, partition_date, rollup_fingerprint, created_at, updated_at) VALUES ('bench_partition_consumer', NULL, 'ACCT000051
00:10:37.061|106|active|Lock|SELECT task_instance.state, task_instance.try_number, task_instance.max_tries, task_instance.dag_id, task_instance.task_id, task_instance.run_id, task_instance.map_index, task_instance.hostname, dag_r
00:10:37.061|8379|active|Lock|SELECT task_instance.state, task_instance.try_number, task_instance.max_tries, task_instance.dag_id, task_instance.task_id, task_instance.run_id, task_instance.map_index, task_instance.hostname, dag_r
00:10:37.061|8478|active|Lock|SELECT task_instance.state, task_instance.try_number, task_instance.max_tries, task_instance.dag_id, task_instance.task_id, task_instance.run_id, task_instance.map_index, task_instance.hostname, dag_r
00:10:37.061|8632|active|Lock|SELECT task_instance.state, task_instance.try_number, task_instance.max_tries, task_instance.dag_id, task_instance.task_id, task_instance.run_id, task_instance.map_index, task_instance.hostname, dag_r
00:10:37.061|8696|active|Lock|UPDATE task_instance SET last_heartbeat_at='2026-09-30T00:10:29.936004+00:00'::timestamptz, updated_at='2026-09-30T00:10:29.945740+00:00'::timestamptz WHERE task_instance.id = '01a0efa5-6561-72de-8980
00:10:37.061|8775|active|Lock|UPDATE task_instance SET last_heartbeat_at='2026-09-30T00:10:35.936862+00:00'::timestamptz, updated_at='2026-09-30T00:10:35.946826+00:00'::timestamptz WHERE task_instance.id = '01a0efa5-6561-72de-8980
00:10:37.652|103|active||SELECT asset_partition_dag_run.id, asset_partition_dag_run.target_dag_id, asset_partition_dag_run.created_dag_run_id, asset_partition_dag_run.partition_key, asset_partition_dag_run.partition_date, ass
00:10:37.652|106|active|Lock|SELECT task_instance.state, task_instance.try_number, task_instance.max_tries, task_instance.dag_id, task_instance.task_id, task_instance.run_id, task_instance.map_index, task_instance.hostname, dag_r
00:10:37.652|8379|active|Lock|SELECT task_instance.state, task_instance.try_number, task_instance.max_tries, task_instance.dag_id, task_instance.task_id, task_instance.run_id, task_instance.map_index, task_instance.hostname, dag_r
00:10:37.652|8478|active|Lock|SELECT task_instance.state, task_instance.try_number, task_instance.max_tries, task_instance.dag_id, task_instance.task_id, task_instance.run_id, task_instance.map_index, task_instance.hostname, dag_r
00:10:37.652|8632|active|Lock|SELECT task_instance.state, task_instance.try_number, task_instance.max_tries, task_instance.dag_id, task_instance.task_id, task_instance.run_id, task_instance.map_index, task_instance.hostname, dag_r
00:10:37.652|8696|active|Lock|UPDATE task_instance SET last_heartbeat_at='2026-09-30T00:10:29.936004+00:00'::timestamptz, updated_at='2026-09-30T00:10:29.945740+00:00'::timestamptz WHERE task_instance.id = '01a0efa5-6561-72de-8980
00:10:37.652|8775|active|Lock|UPDATE task_instance SET last_heartbeat_at='2026-09-30T00:10:35.936862+00:00'::timestamptz, updated_at='2026-09-30T00:10:35.946826+00:00'::timestamptz WHERE task_instance.id = '01a0efa5-6561-72de-8980
00:10:38.217|103|active||INSERT INTO asset_partition_dag_run (target_dag_id, created_dag_run_id, partition_key, partition_date, rollup_fingerprint, created_at, updated_at) VALUES ('bench_partition_consumer', NULL, 'ACCT000057
00:10:38.217|106|active|Lock|SELECT task_instance.state, task_instance.try_number, task_instance.max_tries, task_instance.dag_id, task_instance.task_id, task_instance.run_id, task_instance.map_index, task_instance.hostname, dag_r
00:10:38.217|8379|active|Lock|SELECT task_instance.state, task_instance.try_number, task_instance.max_tries, task_instance.dag_id, task_instance.task_id, task_instance.run_id, task_instance.map_index, task_instance.hostname, dag_r
00:10:38.217|8478|active|Lock|SELECT task_instance.state, task_instance.try_number, task_instance.max_tries, task_instance.dag_id, task_instance.task_id, task_instance.run_id, task_instance.map_index, task_instance.hostname, dag_r
00:10:38.217|8632|active|Lock|SELECT task_instance.state, task_instance.try_number, task_instance.max_tries, task_instance.dag_id, task_instance.task_id, task_instance.run_id, task_instance.map_index, task_instance.hostname, dag_r
00:10:38.217|8696|active|Lock|UPDATE task_instance SET last_heartbeat_at='2026-09-30T00:10:29.936004+00:00'::timestamptz, updated_at='2026-09-30T00:10:29.945740+00:00'::timestamptz WHERE task_instance.id = '01a0efa5-6561-72de-8980
00:10:38.217|8775|active|Lock|UPDATE task_instance SET last_heartbeat_at='2026-09-30T00:10:35.936862+00:00'::timestamptz, updated_at='2026-09-30T00:10:35.946826+00:00'::timestamptz WHERE task_instance.id = '01a0efa5-6561-72de-8980
00:10:38.777|103|idle in transaction|Client|SELECT asset.id, asset.name, asset.uri, asset."group", asset.extra, asset.created_at, asset.updated_at FROM asset WHERE asset.id = 1
00:10:38.777|106|active|Lock|SELECT task_instance.state, task_instance.try_number, task_instance.max_tries, task_instance.dag_id, task_instance.task_id, task_instance.run_id, task_instance.map_index, task_instance.hostname, dag_r
00:10:38.777|8379|active|Lock|SELECT task_instance.state, task_instance.try_number, task_instance.max_tries, task_instance.dag_id, task_instance.task_id, task_instance.run_id, task_instance.map_index, task_instance.hostname, dag_r
00:10:38.777|8478|active|Lock|SELECT task_instance.state, task_instance.try_number, task_instance.max_tries, task_instance.dag_id, task_instance.task_id, task_instance.run_id, task_instance.map_index, task_instance.hostname, dag_r
00:10:38.777|8632|active|Lock|SELECT task_instance.state, task_instance.try_number, task_instance.max_tries, task_instance.dag_id, task_instance.task_id, task_instance.run_id, task_instance.map_index, task_instance.hostname, dag_r
00:10:38.777|8696|active|Lock|UPDATE task_instance SET last_heartbeat_at='2026-09-30T00:10:29.936004+00:00'::timestamptz, updated_at='2026-09-30T00:10:29.945740+00:00'::timestamptz WHERE task_instance.id = '01a0efa5-6561-72de-8980
00:10:38.777|8775|active|Lock|UPDATE task_instance SET last_heartbeat_at='2026-09-30T00:10:35.936862+00:00'::timestamptz, updated_at='2026-09-30T00:10:35.946826+00:00'::timestamptz WHERE task_instance.id = '01a0efa5-6561-72de-8980
00:10:39.349|103|idle in transaction|Client|SELECT asset_partition_dag_run.id, asset_partition_dag_run.target_dag_id, asset_partition_dag_run.created_dag_run_id, asset_partition_dag_run.partition_key, asset_partition_dag_run.partition_date, ass
00:10:39.349|106|active|Lock|SELECT task_instance.state, task_instance.try_number, task_instance.max_tries, task_instance.dag_id, task_instance.task_id, task_instance.run_id, task_instance.map_index, task_instance.hostname, dag_r
00:10:39.349|8379|active|Lock|SELECT task_instance.state, task_instance.try_number, task_instance.max_tries, task_instance.dag_id, task_instance.task_id, task_instance.run_id, task_instance.map_index, task_instance.hostname, dag_r
00:10:39.349|8478|active|Lock|SELECT task_instance.state, task_instance.try_number, task_instance.max_tries, task_instance.dag_id, task_instance.task_id, task_instance.run_id, task_instance.map_index, task_instance.hostname, dag_r
00:10:39.349|8632|active|Lock|SELECT task_instance.state, task_instance.try_number, task_instance.max_tries, task_instance.dag_id, task_instance.task_id, task_instance.run_id, task_instance.map_index, task_instance.hostname, dag_r
00:10:39.349|8696|active|Lock|UPDATE task_instance SET last_heartbeat_at='2026-09-30T00:10:29.936004+00:00'::timestamptz, updated_at='2026-09-30T00:10:29.945740+00:00'::timestamptz WHERE task_instance.id = '01a0efa5-6561-72de-8980
00:10:39.349|8775|active|Lock|UPDATE task_instance SET last_heartbeat_at='2026-09-30T00:10:35.936862+00:00'::timestamptz, updated_at='2026-09-30T00:10:35.946826+00:00'::timestamptz WHERE task_instance.id = '01a0efa5-6561-72de-8980
00:10:39.913|103|active||SELECT asset_partition_dag_run.id, asset_partition_dag_run.target_dag_id, asset_partition_dag_run.created_dag_run_id, asset_partition_dag_run.partition_key, asset_partition_dag_run.partition_date, ass
00:10:39.913|106|active|Lock|SELECT task_instance.state, task_instance.try_number, task_instance.max_tries, task_instance.dag_id, task_instance.task_id, task_instance.run_id, task_instance.map_index, task_instance.hostname, dag_r
00:10:39.913|8379|active|Lock|SELECT task_instance.state, task_instance.try_number, task_instance.max_tries, task_instance.dag_id, task_instance.task_id, task_instance.run_id, task_instance.map_index, task_instance.hostname, dag_r
00:10:39.913|8478|active|Lock|SELECT task_instance.state, task_instance.try_number, task_instance.max_tries, task_instance.dag_id, task_instance.task_id, task_instance.run_id, task_instance.map_index, task_instance.hostname, dag_r
00:10:39.913|8632|active|Lock|SELECT task_instance.state, task_instance.try_number, task_instance.max_tries, task_instance.dag_id, task_instance.task_id, task_instance.run_id, task_instance.map_index, task_instance.hostname, dag_r
00:10:39.913|8696|active|Lock|UPDATE task_instance SET last_heartbeat_at='2026-09-30T00:10:29.936004+00:00'::timestamptz, updated_at='2026-09-30T00:10:29.945740+00:00'::timestamptz WHERE task_instance.id = '01a0efa5-6561-72de-8980
00:10:39.913|8775|active|Lock|UPDATE task_instance SET last_heartbeat_at='2026-09-30T00:10:35.936862+00:00'::timestamptz, updated_at='2026-09-30T00:10:35.946826+00:00'::timestamptz WHERE task_instance.id = '01a0efa5-6561-72de-8980
00:10:40.493|94|idle in transaction|Client|SELECT dag_run.id, dag_run.dag_id, dag_run.logical_date FROM dag_run WHERE (dag_run.dag_id, dag_run.logical_date) IN ((NULL, NULL)) AND (1 != 1)
00:10:40.493|103|idle in transaction|Client|SELECT serialized_dag.id, serialized_dag.dag_id, serialized_dag.data, serialized_dag.data_compressed, serialized_dag.created_at, serialized_dag.last_updated, serialized_dag.dag_hash, serialized_dag.da
00:10:40.493|106|active|Lock|SELECT task_instance.state, task_instance.try_number, task_instance.max_tries, task_instance.dag_id, task_instance.task_id, task_instance.run_id, task_instance.map_index, task_instance.hostname, dag_r
00:10:40.493|8379|active|Lock|SELECT task_instance.state, task_instance.try_number, task_instance.max_tries, task_instance.dag_id, task_instance.task_id, task_instance.run_id, task_instance.map_index, task_instance.hostname, dag_r
00:10:40.493|8478|active|Lock|SELECT task_instance.state, task_instance.try_number, task_instance.max_tries, task_instance.dag_id, task_instance.task_id, task_instance.run_id, task_instance.map_index, task_instance.hostname, dag_r
00:10:40.493|8632|active|Lock|SELECT task_instance.state, task_instance.try_number, task_instance.max_tries, task_instance.dag_id, task_instance.task_id, task_instance.run_id, task_instance.map_index, task_instance.hostname, dag_r
00:10:40.493|8696|active|Lock|UPDATE task_instance SET last_heartbeat_at='2026-09-30T00:10:29.936004+00:00'::timestamptz, updated_at='2026-09-30T00:10:29.945740+00:00'::timestamptz WHERE task_instance.id = '01a0efa5-6561-72de-8980
00:10:40.493|8775|active|Lock|UPDATE task_instance SET last_heartbeat_at='2026-09-30T00:10:35.936862+00:00'::timestamptz, updated_at='2026-09-30T00:10:35.946826+00:00'::timestamptz WHERE task_instance.id = '01a0efa5-6561-72de-8980
00:10:41.048|94|idle in transaction|Client|SELECT dag_version.id, dag_version.version_number, dag_version.dag_id, dag_version.bundle_name, dag_version.bundle_version, dag_version.version_data, dag_version.created_at, dag_version.last_updated F
00:10:41.048|103|idle in transaction|Client|SELECT asset.id, asset.name, asset.uri, asset."group", asset.extra, asset.created_at, asset.updated_at, asset_active_1.name AS name_1, asset_active_1.uri AS uri_1, dag_1.dag_id, dag_1.is_paused, dag_1
00:10:41.048|106|active|Lock|SELECT task_instance.state, task_instance.try_number, task_instance.max_tries, task_instance.dag_id, task_instance.task_id, task_instance.run_id, task_instance.map_index, task_instance.hostname, dag_r
00:10:41.048|8379|active|Lock|SELECT task_instance.state, task_instance.try_number, task_instance.max_tries, task_instance.dag_id, task_instance.task_id, task_instance.run_id, task_instance.map_index, task_instance.hostname, dag_r
00:10:41.048|8478|active|Lock|SELECT task_instance.state, task_instance.try_number, task_instance.max_tries, task_instance.dag_id, task_instance.task_id, task_instance.run_id, task_instance.map_index, task_instance.hostname, dag_r
00:10:41.048|8632|active|Lock|SELECT task_instance.state, task_instance.try_number, task_instance.max_tries, task_instance.dag_id, task_instance.task_id, task_instance.run_id, task_instance.map_index, task_instance.hostname, dag_r
00:10:41.048|8696|active|Lock|UPDATE task_instance SET last_heartbeat_at='2026-09-30T00:10:29.936004+00:00'::timestamptz, updated_at='2026-09-30T00:10:29.945740+00:00'::timestamptz WHERE task_instance.id = '01a0efa5-6561-72de-8980
00:10:41.048|8775|active|Lock|UPDATE task_instance SET last_heartbeat_at='2026-09-30T00:10:35.936862+00:00'::timestamptz, updated_at='2026-09-30T00:10:35.946826+00:00'::timestamptz WHERE task_instance.id = '01a0efa5-6561-72de-8980
00:10:41.630|103|idle in transaction|Client|SELECT asset_alias.id, asset_alias.name, asset_alias."group" FROM asset_alias WHERE asset_alias.name IN (NULL) AND (1 != 1)
00:10:41.630|106|active|Lock|SELECT task_instance.state, task_instance.try_number, task_instance.max_tries, task_instance.dag_id, task_instance.task_id, task_instance.run_id, task_instance.map_index, task_instance.hostname, dag_r
00:10:41.630|8379|active|Lock|SELECT task_instance.state, task_instance.try_number, task_instance.max_tries, task_instance.dag_id, task_instance.task_id, task_instance.run_id, task_instance.map_index, task_instance.hostname, dag_r
00:10:41.630|8478|active|Lock|SELECT task_instance.state, task_instance.try_number, task_instance.max_tries, task_instance.dag_id, task_instance.task_id, task_instance.run_id, task_instance.map_index, task_instance.hostname, dag_r
00:10:41.630|8632|active|Lock|SELECT task_instance.state, task_instance.try_number, task_instance.max_tries, task_instance.dag_id, task_instance.task_id, task_instance.run_id, task_instance.map_index, task_instance.hostname, dag_r
00:10:41.630|8696|active|Lock|UPDATE task_instance SET last_heartbeat_at='2026-09-30T00:10:29.936004+00:00'::timestamptz, updated_at='2026-09-30T00:10:29.945740+00:00'::timestamptz WHERE task_instance.id = '01a0efa5-6561-72de-8980
00:10:41.630|8775|active|Lock|UPDATE task_instance SET last_heartbeat_at='2026-09-30T00:10:35.936862+00:00'::timestamptz, updated_at='2026-09-30T00:10:35.946826+00:00'::timestamptz WHERE task_instance.id = '01a0efa5-6561-72de-8980
00:10:42.210|103|idle in transaction|Client|SELECT dag.dag_id, dag.is_paused, dag.is_stale, dag.exceeds_max_non_backfill, dag.last_parsed_time, dag.last_parse_duration, dag.last_expired, dag.fileloc, dag.relative_fileloc, dag.bundle_name, dag.b
00:10:42.210|106|active|Lock|SELECT task_instance.state, task_instance.try_number, task_instance.max_tries, task_instance.dag_id, task_instance.task_id, task_instance.run_id, task_instance.map_index, task_instance.hostname, dag_r
00:10:42.210|8379|active|Lock|SELECT task_instance.state, task_instance.try_number, task_instance.max_tries, task_instance.dag_id, task_instance.task_id, task_instance.run_id, task_instance.map_index, task_instance.hostname, dag_r
00:10:42.210|8478|active|Lock|SELECT task_instance.state, task_instance.try_number, task_instance.max_tries, task_instance.dag_id, task_instance.task_id, task_instance.run_id, task_instance.map_index, task_instance.hostname, dag_r
00:10:42.210|8632|active|Lock|SELECT task_instance.state, task_instance.try_number, task_instance.max_tries, task_instance.dag_id, task_instance.task_id, task_instance.run_id, task_instance.map_index, task_instance.hostname, dag_r
00:10:42.210|8696|active|Lock|UPDATE task_instance SET last_heartbeat_at='2026-09-30T00:10:29.936004+00:00'::timestamptz, updated_at='2026-09-30T00:10:29.945740+00:00'::timestamptz WHERE task_instance.id = '01a0efa5-6561-72de-8980
00:10:42.210|8775|active|Lock|UPDATE task_instance SET last_heartbeat_at='2026-09-30T00:10:35.936862+00:00'::timestamptz, updated_at='2026-09-30T00:10:35.946826+00:00'::timestamptz WHERE task_instance.id = '01a0efa5-6561-72de-8980
00:10:42.779|103|idle in transaction|Client|SELECT asset_alias.id, asset_alias.name, asset_alias."group" FROM asset_alias WHERE asset_alias.name IN (NULL) AND (1 != 1)
00:10:42.779|106|active|Lock|SELECT task_instance.state, task_instance.try_number, task_instance.max_tries, task_instance.dag_id, task_instance.task_id, task_instance.run_id, task_instance.map_index, task_instance.hostname, dag_r
00:10:42.779|8379|active|Lock|SELECT task_instance.state, task_instance.try_number, task_instance.max_tries, task_instance.dag_id, task_instance.task_id, task_instance.run_id, task_instance.map_index, task_instance.hostname, dag_r
00:10:42.779|8478|active|Lock|SELECT task_instance.state, task_instance.try_number, task_instance.max_tries, task_instance.dag_id, task_instance.task_id, task_instance.run_id, task_instance.map_index, task_instance.hostname, dag_r
00:10:42.779|8632|active|Lock|SELECT task_instance.state, task_instance.try_number, task_instance.max_tries, task_instance.dag_id, task_instance.task_id, task_instance.run_id, task_instance.map_index, task_instance.hostname, dag_r
00:10:42.779|8696|active|Lock|UPDATE task_instance SET last_heartbeat_at='2026-09-30T00:10:29.936004+00:00'::timestamptz, updated_at='2026-09-30T00:10:29.945740+00:00'::timestamptz WHERE task_instance.id = '01a0efa5-6561-72de-8980
00:10:42.779|8775|active|Lock|UPDATE task_instance SET last_heartbeat_at='2026-09-30T00:10:35.936862+00:00'::timestamptz, updated_at='2026-09-30T00:10:35.946826+00:00'::timestamptz WHERE task_instance.id = '01a0efa5-6561-72de-8980
00:10:43.353|103|idle in transaction|Client|SELECT asset.id, asset.name, asset.uri, asset."group", asset.extra, asset.created_at, asset.updated_at, asset_active_1.name AS name_1, asset_active_1.uri AS uri_1, dag_1.dag_id, dag_1.is_paused, dag_1
00:10:43.353|106|active|Lock|SELECT task_instance.state, task_instance.try_number, task_instance.max_tries, task_instance.dag_id, task_instance.task_id, task_instance.run_id, task_instance.map_index, task_instance.hostname, dag_r
00:10:43.353|8379|active|Lock|SELECT task_instance.state, task_instance.try_number, task_instance.max_tries, task_instance.dag_id, task_instance.task_id, task_instance.run_id, task_instance.map_index, task_instance.hostname, dag_r
00:10:43.353|8478|active|Lock|SELECT task_instance.state, task_instance.try_number, task_instance.max_tries, task_instance.dag_id, task_instance.task_id, task_instance.run_id, task_instance.map_index, task_instance.hostname, dag_r
00:10:43.353|8632|active|Lock|SELECT task_instance.state, task_instance.try_number, task_instance.max_tries, task_instance.dag_id, task_instance.task_id, task_instance.run_id, task_instance.map_index, task_instance.hostname, dag_r
00:10:43.353|8696|active|Lock|UPDATE task_instance SET last_heartbeat_at='2026-09-30T00:10:29.936004+00:00'::timestamptz, updated_at='2026-09-30T00:10:29.945740+00:00'::timestamptz WHERE task_instance.id = '01a0efa5-6561-72de-8980
00:10:43.353|8775|active|Lock|UPDATE task_instance SET last_heartbeat_at='2026-09-30T00:10:35.936862+00:00'::timestamptz, updated_at='2026-09-30T00:10:35.946826+00:00'::timestamptz WHERE task_instance.id = '01a0efa5-6561-72de-8980
00:10:43.353|8860|active|Lock|UPDATE task_instance SET last_heartbeat_at='2026-09-30T00:10:42.762707+00:00'::timestamptz, updated_at='2026-09-30T00:10:42.776997+00:00'::timestamptz WHERE task_instance.id = '01a0efa5-6561-72de-8980
00:10:43.913|103|idle in transaction|Client|INSERT INTO asset_partition_dag_run (target_dag_id, created_dag_run_id, partition_key, partition_date, rollup_fingerprint, created_at, updated_at) VALUES ('bench_partition_consumer', NULL, 'ACCT000044
00:10:43.913|106|active|Lock|SELECT task_instance.state, task_instance.try_number, task_instance.max_tries, task_instance.dag_id, task_instance.task_id, task_instance.run_id, task_instance.map_index, task_instance.hostname, dag_r
00:10:43.913|8379|active|Lock|SELECT task_instance.state, task_instance.try_number, task_instance.max_tries, task_instance.dag_id, task_instance.task_id, task_instance.run_id, task_instance.map_index, task_instance.hostname, dag_r
00:10:43.913|8478|active|Lock|SELECT task_instance.state, task_instance.try_number, task_instance.max_tries, task_instance.dag_id, task_instance.task_id, task_instance.run_id, task_instance.map_index, task_instance.hostname, dag_r
00:10:43.913|8632|active|Lock|SELECT task_instance.state, task_instance.try_number, task_instance.max_tries, task_instance.dag_id, task_instance.task_id, task_instance.run_id, task_instance.map_index, task_instance.hostname, dag_r
00:10:43.913|8696|active|Lock|UPDATE task_instance SET last_heartbeat_at='2026-09-30T00:10:29.936004+00:00'::timestamptz, updated_at='2026-09-30T00:10:29.945740+00:00'::timestamptz WHERE task_instance.id = '01a0efa5-6561-72de-8980
00:10:43.913|8775|active|Lock|UPDATE task_instance SET last_heartbeat_at='2026-09-30T00:10:35.936862+00:00'::timestamptz, updated_at='2026-09-30T00:10:35.946826+00:00'::timestamptz WHERE task_instance.id = '01a0efa5-6561-72de-8980
00:10:43.913|8860|active|Lock|UPDATE task_instance SET last_heartbeat_at='2026-09-30T00:10:42.762707+00:00'::timestamptz, updated_at='2026-09-30T00:10:42.776997+00:00'::timestamptz WHERE task_instance.id = '01a0efa5-6561-72de-8980
00:10:44.476|103|idle in transaction||SELECT dag.dag_id, dag.is_paused, dag.is_stale, dag.exceeds_max_non_backfill, dag.last_parsed_time, dag.last_parse_duration, dag.last_expired, dag.fileloc, dag.relative_fileloc, dag.bundle_name, dag.b
00:10:44.476|106|active|Lock|SELECT task_instance.state, task_instance.try_number, task_instance.max_tries, task_instance.dag_id, task_instance.task_id, task_instance.run_id, task_instance.map_index, task_instance.hostname, dag_r
00:10:44.476|8379|active|Lock|SELECT task_instance.state, task_instance.try_number, task_instance.max_tries, task_instance.dag_id, task_instance.task_id, task_instance.run_id, task_instance.map_index, task_instance.hostname, dag_r
00:10:44.476|8478|active|Lock|SELECT task_instance.state, task_instance.try_number, task_instance.max_tries, task_instance.dag_id, task_instance.task_id, task_instance.run_id, task_instance.map_index, task_instance.hostname, dag_r
00:10:44.476|8632|active|Lock|SELECT task_instance.state, task_instance.try_number, task_instance.max_tries, task_instance.dag_id, task_instance.task_id, task_instance.run_id, task_instance.map_index, task_instance.hostname, dag_r
00:10:44.476|8696|active|Lock|UPDATE task_instance SET last_heartbeat_at='2026-09-30T00:10:29.936004+00:00'::timestamptz, updated_at='2026-09-30T00:10:29.945740+00:00'::timestamptz WHERE task_instance.id = '01a0efa5-6561-72de-8980
00:10:44.476|8775|active|Lock|UPDATE task_instance SET last_heartbeat_at='2026-09-30T00:10:35.936862+00:00'::timestamptz, updated_at='2026-09-30T00:10:35.946826+00:00'::timestamptz WHERE task_instance.id = '01a0efa5-6561-72de-8980
00:10:44.476|8860|active|Lock|UPDATE task_instance SET last_heartbeat_at='2026-09-30T00:10:42.762707+00:00'::timestamptz, updated_at='2026-09-30T00:10:42.776997+00:00'::timestamptz WHERE task_instance.id = '01a0efa5-6561-72de-8980
00:10:45.041|103|idle in transaction|Client|SELECT dag.dag_id, dag.is_paused, dag.is_stale, dag.exceeds_max_non_backfill, dag.last_parsed_time, dag.last_parse_duration, dag.last_expired, dag.fileloc, dag.relative_fileloc, dag.bundle_name, dag.b
00:10:45.041|106|active|Lock|SELECT task_instance.state, task_instance.try_number, task_instance.max_tries, task_instance.dag_id, task_instance.task_id, task_instance.run_id, task_instance.map_index, task_instance.hostname, dag_r
00:10:45.041|8379|active|Lock|SELECT task_instance.state, task_instance.try_number, task_instance.max_tries, task_instance.dag_id, task_instance.task_id, task_instance.run_id, task_instance.map_index, task_instance.hostname, dag_r
00:10:45.041|8478|active|Lock|SELECT task_instance.state, task_instance.try_number, task_instance.max_tries, task_instance.dag_id, task_instance.task_id, task_instance.run_id, task_instance.map_index, task_instance.hostname, dag_r
00:10:45.041|8632|active|Lock|SELECT task_instance.state, task_instance.try_number, task_instance.max_tries, task_instance.dag_id, task_instance.task_id, task_instance.run_id, task_instance.map_index, task_instance.hostname, dag_r
00:10:45.041|8696|active|Lock|UPDATE task_instance SET last_heartbeat_at='2026-09-30T00:10:29.936004+00:00'::timestamptz, updated_at='2026-09-30T00:10:29.945740+00:00'::timestamptz WHERE task_instance.id = '01a0efa5-6561-72de-8980
00:10:45.041|8775|active|Lock|UPDATE task_instance SET last_heartbeat_at='2026-09-30T00:10:35.936862+00:00'::timestamptz, updated_at='2026-09-30T00:10:35.946826+00:00'::timestamptz WHERE task_instance.id = '01a0efa5-6561-72de-8980
00:10:45.041|8860|active|Lock|UPDATE task_instance SET last_heartbeat_at='2026-09-30T00:10:42.762707+00:00'::timestamptz, updated_at='2026-09-30T00:10:42.776997+00:00'::timestamptz WHERE task_instance.id = '01a0efa5-6561-72de-8980
00:10:45.602|103|idle in transaction|Client|SELECT serialized_dag.id, serialized_dag.dag_id, serialized_dag.data, serialized_dag.data_compressed, serialized_dag.created_at, serialized_dag.last_updated, serialized_dag.dag_hash, serialized_dag.da
00:10:45.602|106|active|Lock|SELECT task_instance.state, task_instance.try_number, task_instance.max_tries, task_instance.dag_id, task_instance.task_id, task_instance.run_id, task_instance.map_index, task_instance.hostname, dag_r
00:10:45.602|8379|active|Lock|SELECT task_instance.state, task_instance.try_number, task_instance.max_tries, task_instance.dag_id, task_instance.task_id, task_instance.run_id, task_instance.map_index, task_instance.hostname, dag_r
00:10:45.602|8478|active|Lock|SELECT task_instance.state, task_instance.try_number, task_instance.max_tries, task_instance.dag_id, task_instance.task_id, task_instance.run_id, task_instance.map_index, task_instance.hostname, dag_r
00:10:45.602|8632|active|Lock|SELECT task_instance.state, task_instance.try_number, task_instance.max_tries, task_instance.dag_id, task_instance.task_id, task_instance.run_id, task_instance.map_index, task_instance.hostname, dag_r
00:10:45.602|8696|active|Lock|UPDATE task_instance SET last_heartbeat_at='2026-09-30T00:10:29.936004+00:00'::timestamptz, updated_at='2026-09-30T00:10:29.945740+00:00'::timestamptz WHERE task_instance.id = '01a0efa5-6561-72de-8980
00:10:45.602|8775|active|Lock|UPDATE task_instance SET last_heartbeat_at='2026-09-30T00:10:35.936862+00:00'::timestamptz, updated_at='2026-09-30T00:10:35.946826+00:00'::timestamptz WHERE task_instance.id = '01a0efa5-6561-72de-8980
00:10:45.602|8860|active|Lock|UPDATE task_instance SET last_heartbeat_at='2026-09-30T00:10:42.762707+00:00'::timestamptz, updated_at='2026-09-30T00:10:42.776997+00:00'::timestamptz WHERE task_instance.id = '01a0efa5-6561-72de-8980
00:10:46.169|103|idle in transaction||SELECT dag.dag_id, dag.is_paused, dag.is_stale, dag.exceeds_max_non_backfill, dag.last_parsed_time, dag.last_parse_duration, dag.last_expired, dag.fileloc, dag.relative_fileloc, dag.bundle_name, dag.b
00:10:46.169|106|active|Lock|SELECT task_instance.state, task_instance.try_number, task_instance.max_tries, task_instance.dag_id, task_instance.task_id, task_instance.run_id, task_instance.map_index, task_instance.hostname, dag_r
00:10:46.169|8379|active|Lock|SELECT task_instance.state, task_instance.try_number, task_instance.max_tries, task_instance.dag_id, task_instance.task_id, task_instance.run_id, task_instance.map_index, task_instance.hostname, dag_r
00:10:46.169|8478|active|Lock|SELECT task_instance.state, task_instance.try_number, task_instance.max_tries, task_instance.dag_id, task_instance.task_id, task_instance.run_id, task_instance.map_index, task_instance.hostname, dag_r
00:10:46.169|8632|active|Lock|SELECT task_instance.state, task_instance.try_number, task_instance.max_tries, task_instance.dag_id, task_instance.task_id, task_instance.run_id, task_instance.map_index, task_instance.hostname, dag_r
00:10:46.169|8696|active|Lock|UPDATE task_instance SET last_heartbeat_at='2026-09-30T00:10:29.936004+00:00'::timestamptz, updated_at='2026-09-30T00:10:29.945740+00:00'::timestamptz WHERE task_instance.id = '01a0efa5-6561-72de-8980
00:10:46.169|8775|active|Lock|UPDATE task_instance SET last_heartbeat_at='2026-09-30T00:10:35.936862+00:00'::timestamptz, updated_at='2026-09-30T00:10:35.946826+00:00'::timestamptz WHERE task_instance.id = '01a0efa5-6561-72de-8980
00:10:46.169|8860|active|Lock|UPDATE task_instance SET last_heartbeat_at='2026-09-30T00:10:42.762707+00:00'::timestamptz, updated_at='2026-09-30T00:10:42.776997+00:00'::timestamptz WHERE task_instance.id = '01a0efa5-6561-72de-8980
00:10:46.742|103|active|Client|SELECT serialized_dag.id, serialized_dag.dag_id, serialized_dag.data, serialized_dag.data_compressed, serialized_dag.created_at, serialized_dag.last_updated, serialized_dag.dag_hash, serialized_dag.da
00:10:46.742|106|active|Lock|SELECT task_instance.state, task_instance.try_number, task_instance.max_tries, task_instance.dag_id, task_instance.task_id, task_instance.run_id, task_instance.map_index, task_instance.hostname, dag_r
00:10:46.742|8379|active|Lock|SELECT task_instance.state, task_instance.try_number, task_instance.max_tries, task_instance.dag_id, task_instance.task_id, task_instance.run_id, task_instance.map_index, task_instance.hostname, dag_r
00:10:46.742|8478|active|Lock|SELECT task_instance.state, task_instance.try_number, task_instance.max_tries, task_instance.dag_id, task_instance.task_id, task_instance.run_id, task_instance.map_index, task_instance.hostname, dag_r
00:10:46.742|8632|active|Lock|SELECT task_instance.state, task_instance.try_number, task_instance.max_tries, task_instance.dag_id, task_instance.task_id, task_instance.run_id, task_instance.map_index, task_instance.hostname, dag_r
00:10:46.742|8696|active|Lock|UPDATE task_instance SET last_heartbeat_at='2026-09-30T00:10:29.936004+00:00'::timestamptz, updated_at='2026-09-30T00:10:29.945740+00:00'::timestamptz WHERE task_instance.id = '01a0efa5-6561-72de-8980
00:10:46.742|8775|active|Lock|UPDATE task_instance SET last_heartbeat_at='2026-09-30T00:10:35.936862+00:00'::timestamptz, updated_at='2026-09-30T00:10:35.946826+00:00'::timestamptz WHERE task_instance.id = '01a0efa5-6561-72de-8980
00:10:46.742|8860|active|Lock|UPDATE task_instance SET last_heartbeat_at='2026-09-30T00:10:42.762707+00:00'::timestamptz, updated_at='2026-09-30T00:10:42.776997+00:00'::timestamptz WHERE task_instance.id = '01a0efa5-6561-72de-8980
00:10:47.322|103|idle in transaction|Client|SELECT asset_alias.id, asset_alias.name, asset_alias."group" FROM asset_alias WHERE asset_alias.name IN (NULL) AND (1 != 1)
00:10:47.322|106|active|Lock|SELECT task_instance.state, task_instance.try_number, task_instance.max_tries, task_instance.dag_id, task_instance.task_id, task_instance.run_id, task_instance.map_index, task_instance.hostname, dag_r
00:10:47.322|8379|active|Lock|SELECT task_instance.state, task_instance.try_number, task_instance.max_tries, task_instance.dag_id, task_instance.task_id, task_instance.run_id, task_instance.map_index, task_instance.hostname, dag_r
00:10:47.322|8478|active|Lock|SELECT task_instance.state, task_instance.try_number, task_instance.max_tries, task_instance.dag_id, task_instance.task_id, task_instance.run_id, task_instance.map_index, task_instance.hostname, dag_r
00:10:47.322|8632|active|Lock|SELECT task_instance.state, task_instance.try_number, task_instance.max_tries, task_instance.dag_id, task_instance.task_id, task_instance.run_id, task_instance.map_index, task_instance.hostname, dag_r
00:10:47.322|8696|active|Lock|UPDATE task_instance SET last_heartbeat_at='2026-09-30T00:10:29.936004+00:00'::timestamptz, updated_at='2026-09-30T00:10:29.945740+00:00'::timestamptz WHERE task_instance.id = '01a0efa5-6561-72de-8980
00:10:47.322|8775|active|Lock|UPDATE task_instance SET last_heartbeat_at='2026-09-30T00:10:35.936862+00:00'::timestamptz, updated_at='2026-09-30T00:10:35.946826+00:00'::timestamptz WHERE task_instance.id = '01a0efa5-6561-72de-8980
00:10:47.322|8860|active|Lock|UPDATE task_instance SET last_heartbeat_at='2026-09-30T00:10:42.762707+00:00'::timestamptz, updated_at='2026-09-30T00:10:42.776997+00:00'::timestamptz WHERE task_instance.id = '01a0efa5-6561-72de-8980
00:10:47.881|103|idle in transaction|Client|SELECT serialized_dag.id, serialized_dag.dag_id, serialized_dag.data, serialized_dag.data_compressed, serialized_dag.created_at, serialized_dag.last_updated, serialized_dag.dag_hash, serialized_dag.da
00:10:47.881|106|active|Lock|SELECT task_instance.state, task_instance.try_number, task_instance.max_tries, task_instance.dag_id, task_instance.task_id, task_instance.run_id, task_instance.map_index, task_instance.hostname, dag_r
00:10:47.881|8379|active|Lock|SELECT task_instance.state, task_instance.try_number, task_instance.max_tries, task_instance.dag_id, task_instance.task_id, task_instance.run_id, task_instance.map_index, task_instance.hostname, dag_r
00:10:47.881|8478|active|Lock|SELECT task_instance.state, task_instance.try_number, task_instance.max_tries, task_instance.dag_id, task_instance.task_id, task_instance.run_id, task_instance.map_index, task_instance.hostname, dag_r
00:10:47.881|8632|active|Lock|SELECT task_instance.state, task_instance.try_number, task_instance.max_tries, task_instance.dag_id, task_instance.task_id, task_instance.run_id, task_instance.map_index, task_instance.hostname, dag_r
00:10:47.881|8696|active|Lock|UPDATE task_instance SET last_heartbeat_at='2026-09-30T00:10:29.936004+00:00'::timestamptz, updated_at='2026-09-30T00:10:29.945740+00:00'::timestamptz WHERE task_instance.id = '01a0efa5-6561-72de-8980
00:10:47.881|8775|active|Lock|UPDATE task_instance SET last_heartbeat_at='2026-09-30T00:10:35.936862+00:00'::timestamptz, updated_at='2026-09-30T00:10:35.946826+00:00'::timestamptz WHERE task_instance.id = '01a0efa5-6561-72de-8980
00:10:47.881|8860|active|Lock|UPDATE task_instance SET last_heartbeat_at='2026-09-30T00:10:42.762707+00:00'::timestamptz, updated_at='2026-09-30T00:10:42.776997+00:00'::timestamptz WHERE task_instance.id = '01a0efa5-6561-72de-8980
00:10:48.454|103|idle in transaction|Client|SELECT asset_partition_dag_run.id, asset_partition_dag_run.target_dag_id, asset_partition_dag_run.created_dag_run_id, asset_partition_dag_run.partition_key, asset_partition_dag_run.partition_date, ass
00:10:48.454|106|active|Lock|SELECT task_instance.state, task_instance.try_number, task_instance.max_tries, task_instance.dag_id, task_instance.task_id, task_instance.run_id, task_instance.map_index, task_instance.hostname, dag_r
00:10:48.454|8379|active|Lock|SELECT task_instance.state, task_instance.try_number, task_instance.max_tries, task_instance.dag_id, task_instance.task_id, task_instance.run_id, task_instance.map_index, task_instance.hostname, dag_r
00:10:48.454|8478|active|Lock|SELECT task_instance.state, task_instance.try_number, task_instance.max_tries, task_instance.dag_id, task_instance.task_id, task_instance.run_id, task_instance.map_index, task_instance.hostname, dag_r
00:10:48.454|8632|active|Lock|SELECT task_instance.state, task_instance.try_number, task_instance.max_tries, task_instance.dag_id, task_instance.task_id, task_instance.run_id, task_instance.map_index, task_instance.hostname, dag_r
00:10:48.454|8696|active|Lock|UPDATE task_instance SET last_heartbeat_at='2026-09-30T00:10:29.936004+00:00'::timestamptz, updated_at='2026-09-30T00:10:29.945740+00:00'::timestamptz WHERE task_instance.id = '01a0efa5-6561-72de-8980
00:10:48.454|8775|active|Lock|UPDATE task_instance SET last_heartbeat_at='2026-09-30T00:10:35.936862+00:00'::timestamptz, updated_at='2026-09-30T00:10:35.946826+00:00'::timestamptz WHERE task_instance.id = '01a0efa5-6561-72de-8980
00:10:48.454|8860|active|Lock|UPDATE task_instance SET last_heartbeat_at='2026-09-30T00:10:42.762707+00:00'::timestamptz, updated_at='2026-09-30T00:10:42.776997+00:00'::timestamptz WHERE task_instance.id = '01a0efa5-6561-72de-8980
00:10:49.017|103|idle in transaction|Client|INSERT INTO asset_partition_dag_run (target_dag_id, created_dag_run_id, partition_key, partition_date, rollup_fingerprint, created_at, updated_at) VALUES ('bench_partition_consumer', NULL, 'ACCT000060
00:10:49.017|106|active|Lock|SELECT task_instance.state, task_instance.try_number, task_instance.max_tries, task_instance.dag_id, task_instance.task_id, task_instance.run_id, task_instance.map_index, task_instance.hostname, dag_r
00:10:49.017|8379|active|Lock|SELECT task_instance.state, task_instance.try_number, task_instance.max_tries, task_instance.dag_id, task_instance.task_id, task_instance.run_id, task_instance.map_index, task_instance.hostname, dag_r
00:10:49.017|8478|active|Lock|SELECT task_instance.state, task_instance.try_number, task_instance.max_tries, task_instance.dag_id, task_instance.task_id, task_instance.run_id, task_instance.map_index, task_instance.hostname, dag_r
00:10:49.017|8632|active|Lock|SELECT task_instance.state, task_instance.try_number, task_instance.max_tries, task_instance.dag_id, task_instance.task_id, task_instance.run_id, task_instance.map_index, task_instance.hostname, dag_r
00:10:49.017|8696|active|Lock|UPDATE task_instance SET last_heartbeat_at='2026-09-30T00:10:29.936004+00:00'::timestamptz, updated_at='2026-09-30T00:10:29.945740+00:00'::timestamptz WHERE task_instance.id = '01a0efa5-6561-72de-8980
00:10:49.017|8775|active|Lock|UPDATE task_instance SET last_heartbeat_at='2026-09-30T00:10:35.936862+00:00'::timestamptz, updated_at='2026-09-30T00:10:35.946826+00:00'::timestamptz WHERE task_instance.id = '01a0efa5-6561-72de-8980
00:10:49.017|8860|active|Lock|UPDATE task_instance SET last_heartbeat_at='2026-09-30T00:10:42.762707+00:00'::timestamptz, updated_at='2026-09-30T00:10:42.776997+00:00'::timestamptz WHERE task_instance.id = '01a0efa5-6561-72de-8980
00:10:49.579|103|idle in transaction|Client|SELECT serialized_dag.id, serialized_dag.dag_id, serialized_dag.data, serialized_dag.data_compressed, serialized_dag.created_at, serialized_dag.last_updated, serialized_dag.dag_hash, serialized_dag.da
00:10:49.579|106|active|Lock|SELECT task_instance.state, task_instance.try_number, task_instance.max_tries, task_instance.dag_id, task_instance.task_id, task_instance.run_id, task_instance.map_index, task_instance.hostname, dag_r
00:10:49.579|8379|active|Lock|SELECT task_instance.state, task_instance.try_number, task_instance.max_tries, task_instance.dag_id, task_instance.task_id, task_instance.run_id, task_instance.map_index, task_instance.hostname, dag_r
00:10:49.579|8478|active|Lock|SELECT task_instance.state, task_instance.try_number, task_instance.max_tries, task_instance.dag_id, task_instance.task_id, task_instance.run_id, task_instance.map_index, task_instance.hostname, dag_r
00:10:49.579|8632|active|Lock|SELECT task_instance.state, task_instance.try_number, task_instance.max_tries, task_instance.dag_id, task_instance.task_id, task_instance.run_id, task_instance.map_index, task_instance.hostname, dag_r
00:10:49.579|8696|active|Lock|UPDATE task_instance SET last_heartbeat_at='2026-09-30T00:10:29.936004+00:00'::timestamptz, updated_at='2026-09-30T00:10:29.945740+00:00'::timestamptz WHERE task_instance.id = '01a0efa5-6561-72de-8980
00:10:49.579|8775|active|Lock|UPDATE task_instance SET last_heartbeat_at='2026-09-30T00:10:35.936862+00:00'::timestamptz, updated_at='2026-09-30T00:10:35.946826+00:00'::timestamptz WHERE task_instance.id = '01a0efa5-6561-72de-8980
00:10:49.579|8860|active|Lock|UPDATE task_instance SET last_heartbeat_at='2026-09-30T00:10:42.762707+00:00'::timestamptz, updated_at='2026-09-30T00:10:42.776997+00:00'::timestamptz WHERE task_instance.id = '01a0efa5-6561-72de-8980
00:10:50.154|94|idle in transaction|Client|SELECT task_instance.dag_version_id FROM task_instance WHERE task_instance.dag_id = 'bench_partition_producer' AND task_instance.dag_version_id = '01a0efa2-2564-7cc2-b53c-a1537ab2cda0'::uuid::UUID AND
00:10:50.154|103|active||SELECT dag.dag_id, dag.is_paused, dag.is_stale, dag.exceeds_max_non_backfill, dag.last_parsed_time, dag.last_parse_duration, dag.last_expired, dag.fileloc, dag.relative_fileloc, dag.bundle_name, dag.b
00:10:50.154|106|active|Lock|SELECT task_instance.state, task_instance.try_number, task_instance.max_tries, task_instance.dag_id, task_instance.task_id, task_instance.run_id, task_instance.map_index, task_instance.hostname, dag_r
00:10:50.154|8379|active|Lock|SELECT task_instance.state, task_instance.try_number, task_instance.max_tries, task_instance.dag_id, task_instance.task_id, task_instance.run_id, task_instance.map_index, task_instance.hostname, dag_r
00:10:50.154|8478|active|Lock|SELECT task_instance.state, task_instance.try_number, task_instance.max_tries, task_instance.dag_id, task_instance.task_id, task_instance.run_id, task_instance.map_index, task_instance.hostname, dag_r
00:10:50.154|8632|active|Lock|SELECT task_instance.state, task_instance.try_number, task_instance.max_tries, task_instance.dag_id, task_instance.task_id, task_instance.run_id, task_instance.map_index, task_instance.hostname, dag_r
00:10:50.154|8696|active|Lock|UPDATE task_instance SET last_heartbeat_at='2026-09-30T00:10:29.936004+00:00'::timestamptz, updated_at='2026-09-30T00:10:29.945740+00:00'::timestamptz WHERE task_instance.id = '01a0efa5-6561-72de-8980
00:10:50.154|8775|active|Lock|UPDATE task_instance SET last_heartbeat_at='2026-09-30T00:10:35.936862+00:00'::timestamptz, updated_at='2026-09-30T00:10:35.946826+00:00'::timestamptz WHERE task_instance.id = '01a0efa5-6561-72de-8980
00:10:50.154|8860|active|Lock|UPDATE task_instance SET last_heartbeat_at='2026-09-30T00:10:42.762707+00:00'::timestamptz, updated_at='2026-09-30T00:10:42.776997+00:00'::timestamptz WHERE task_instance.id = '01a0efa5-6561-72de-8980
00:10:50.716|103|idle in transaction||SELECT asset_partition_dag_run.id, asset_partition_dag_run.target_dag_id, asset_partition_dag_run.created_dag_run_id, asset_partition_dag_run.partition_key, asset_partition_dag_run.partition_date, ass
00:10:50.716|106|active|Lock|SELECT task_instance.state, task_instance.try_number, task_instance.max_tries, task_instance.dag_id, task_instance.task_id, task_instance.run_id, task_instance.map_index, task_instance.hostname, dag_r
00:10:50.716|8379|active|Lock|SELECT task_instance.state, task_instance.try_number, task_instance.max_tries, task_instance.dag_id, task_instance.task_id, task_instance.run_id, task_instance.map_index, task_instance.hostname, dag_r
00:10:50.716|8478|active|Lock|SELECT task_instance.state, task_instance.try_number, task_instance.max_tries, task_instance.dag_id, task_instance.task_id, task_instance.run_id, task_instance.map_index, task_instance.hostname, dag_r
00:10:50.716|8632|active|Lock|SELECT task_instance.state, task_instance.try_number, task_instance.max_tries, task_instance.dag_id, task_instance.task_id, task_instance.run_id, task_instance.map_index, task_instance.hostname, dag_r
00:10:50.716|8696|active|Lock|UPDATE task_instance SET last_heartbeat_at='2026-09-30T00:10:29.936004+00:00'::timestamptz, updated_at='2026-09-30T00:10:29.945740+00:00'::timestamptz WHERE task_instance.id = '01a0efa5-6561-72de-8980
00:10:50.716|8775|active|Lock|UPDATE task_instance SET last_heartbeat_at='2026-09-30T00:10:35.936862+00:00'::timestamptz, updated_at='2026-09-30T00:10:35.946826+00:00'::timestamptz WHERE task_instance.id = '01a0efa5-6561-72de-8980
00:10:50.716|8860|active|Lock|UPDATE task_instance SET last_heartbeat_at='2026-09-30T00:10:42.762707+00:00'::timestamptz, updated_at='2026-09-30T00:10:42.776997+00:00'::timestamptz WHERE task_instance.id = '01a0efa5-6561-72de-8980
00:10:50.716|8952|active|Lock|UPDATE task_instance SET last_heartbeat_at='2026-09-30T00:10:50.297000+00:00'::timestamptz, updated_at='2026-09-30T00:10:50.310369+00:00'::timestamptz WHERE task_instance.id = '01a0efa5-6561-72de-8980
00:10:51.273|103|idle in transaction|Client|SELECT asset_partition_dag_run.id, asset_partition_dag_run.target_dag_id, asset_partition_dag_run.created_dag_run_id, asset_partition_dag_run.partition_key, asset_partition_dag_run.partition_date, ass
00:10:51.273|106|active|Lock|SELECT task_instance.state, task_instance.try_number, task_instance.max_tries, task_instance.dag_id, task_instance.task_id, task_instance.run_id, task_instance.map_index, task_instance.hostname, dag_r
00:10:51.273|8379|active|Lock|SELECT task_instance.state, task_instance.try_number, task_instance.max_tries, task_instance.dag_id, task_instance.task_id, task_instance.run_id, task_instance.map_index, task_instance.hostname, dag_r
00:10:51.273|8478|active|Lock|SELECT task_instance.state, task_instance.try_number, task_instance.max_tries, task_instance.dag_id, task_instance.task_id, task_instance.run_id, task_instance.map_index, task_instance.hostname, dag_r
00:10:51.273|8632|active|Lock|SELECT task_instance.state, task_instance.try_number, task_instance.max_tries, task_instance.dag_id, task_instance.task_id, task_instance.run_id, task_instance.map_index, task_instance.hostname, dag_r
00:10:51.273|8696|active|Lock|UPDATE task_instance SET last_heartbeat_at='2026-09-30T00:10:29.936004+00:00'::timestamptz, updated_at='2026-09-30T00:10:29.945740+00:00'::timestamptz WHERE task_instance.id = '01a0efa5-6561-72de-8980
00:10:51.273|8775|active|Lock|UPDATE task_instance SET last_heartbeat_at='2026-09-30T00:10:35.936862+00:00'::timestamptz, updated_at='2026-09-30T00:10:35.946826+00:00'::timestamptz WHERE task_instance.id = '01a0efa5-6561-72de-8980
00:10:51.273|8860|active|Lock|UPDATE task_instance SET last_heartbeat_at='2026-09-30T00:10:42.762707+00:00'::timestamptz, updated_at='2026-09-30T00:10:42.776997+00:00'::timestamptz WHERE task_instance.id = '01a0efa5-6561-72de-8980
00:10:51.273|8952|active|Lock|UPDATE task_instance SET last_heartbeat_at='2026-09-30T00:10:50.297000+00:00'::timestamptz, updated_at='2026-09-30T00:10:50.310369+00:00'::timestamptz WHERE task_instance.id = '01a0efa5-6561-72de-8980
00:10:51.855|103|idle in transaction|Client|SELECT serialized_dag.id, serialized_dag.dag_id, serialized_dag.data, serialized_dag.data_compressed, serialized_dag.created_at, serialized_dag.last_updated, serialized_dag.dag_hash, serialized_dag.da
00:10:51.855|106|active|Lock|SELECT task_instance.state, task_instance.try_number, task_instance.max_tries, task_instance.dag_id, task_instance.task_id, task_instance.run_id, task_instance.map_index, task_instance.hostname, dag_r
00:10:51.855|8379|active|Lock|SELECT task_instance.state, task_instance.try_number, task_instance.max_tries, task_instance.dag_id, task_instance.task_id, task_instance.run_id, task_instance.map_index, task_instance.hostname, dag_r
00:10:51.855|8478|active|Lock|SELECT task_instance.state, task_instance.try_number, task_instance.max_tries, task_instance.dag_id, task_instance.task_id, task_instance.run_id, task_instance.map_index, task_instance.hostname, dag_r
00:10:51.855|8632|active|Lock|SELECT task_instance.state, task_instance.try_number, task_instance.max_tries, task_instance.dag_id, task_instance.task_id, task_instance.run_id, task_instance.map_index, task_instance.hostname, dag_r
00:10:51.855|8696|active|Lock|UPDATE task_instance SET last_heartbeat_at='2026-09-30T00:10:29.936004+00:00'::timestamptz, updated_at='2026-09-30T00:10:29.945740+00:00'::timestamptz WHERE task_instance.id = '01a0efa5-6561-72de-8980
00:10:51.855|8775|active|Lock|UPDATE task_instance SET last_heartbeat_at='2026-09-30T00:10:35.936862+00:00'::timestamptz, updated_at='2026-09-30T00:10:35.946826+00:00'::timestamptz WHERE task_instance.id = '01a0efa5-6561-72de-8980
00:10:51.855|8860|active|Lock|UPDATE task_instance SET last_heartbeat_at='2026-09-30T00:10:42.762707+00:00'::timestamptz, updated_at='2026-09-30T00:10:42.776997+00:00'::timestamptz WHERE task_instance.id = '01a0efa5-6561-72de-8980
00:10:51.855|8952|active|Lock|UPDATE task_instance SET last_heartbeat_at='2026-09-30T00:10:50.297000+00:00'::timestamptz, updated_at='2026-09-30T00:10:50.310369+00:00'::timestamptz WHERE task_instance.id = '01a0efa5-6561-72de-8980
00:10:52.448|103|idle in transaction|Client|SELECT serialized_dag.id, serialized_dag.dag_id, serialized_dag.data, serialized_dag.data_compressed, serialized_dag.created_at, serialized_dag.last_updated, serialized_dag.dag_hash, serialized_dag.da
00:10:52.448|106|active|Lock|SELECT task_instance.state, task_instance.try_number, task_instance.max_tries, task_instance.dag_id, task_instance.task_id, task_instance.run_id, task_instance.map_index, task_instance.hostname, dag_r
00:10:52.448|8379|active|Lock|SELECT task_instance.state, task_instance.try_number, task_instance.max_tries, task_instance.dag_id, task_instance.task_id, task_instance.run_id, task_instance.map_index, task_instance.hostname, dag_r
00:10:52.448|8478|active|Lock|SELECT task_instance.state, task_instance.try_number, task_instance.max_tries, task_instance.dag_id, task_instance.task_id, task_instance.run_id, task_instance.map_index, task_instance.hostname, dag_r
00:10:52.448|8632|active|Lock|SELECT task_instance.state, task_instance.try_number, task_instance.max_tries, task_instance.dag_id, task_instance.task_id, task_instance.run_id, task_instance.map_index, task_instance.hostname, dag_r
00:10:52.448|8696|active|Lock|UPDATE task_instance SET last_heartbeat_at='2026-09-30T00:10:29.936004+00:00'::timestamptz, updated_at='2026-09-30T00:10:29.945740+00:00'::timestamptz WHERE task_instance.id = '01a0efa5-6561-72de-8980
00:10:52.448|8775|active|Lock|UPDATE task_instance SET last_heartbeat_at='2026-09-30T00:10:35.936862+00:00'::timestamptz, updated_at='2026-09-30T00:10:35.946826+00:00'::timestamptz WHERE task_instance.id = '01a0efa5-6561-72de-8980
00:10:52.448|8860|active|Lock|UPDATE task_instance SET last_heartbeat_at='2026-09-30T00:10:42.762707+00:00'::timestamptz, updated_at='2026-09-30T00:10:42.776997+00:00'::timestamptz WHERE task_instance.id = '01a0efa5-6561-72de-8980
00:10:52.448|8952|active|Lock|UPDATE task_instance SET last_heartbeat_at='2026-09-30T00:10:50.297000+00:00'::timestamptz, updated_at='2026-09-30T00:10:50.310369+00:00'::timestamptz WHERE task_instance.id = '01a0efa5-6561-72de-8980
